#
# There is insufficient memory for the Java Runtime Environment to continue.
# Native memory allocation (malloc) failed to allocate 32744 bytes. Error detail: Chunk::new
# Possible reasons:
#   The system is out of physical RAM or swap space
#   This process is running with CompressedOops enabled, and the Java Heap may be blocking the growth of the native heap
# Possible solutions:
#   Reduce memory load on the system
#   Increase physical memory or swap space
#   Check if swap backing store is full
#   Decrease Java heap size (-Xmx/-Xms)
#   Decrease number of Java threads
#   Decrease Java thread stack sizes (-Xss)
#   Set larger code cache with -XX:ReservedCodeCacheSize=
#   JVM is running with Zero Based Compressed Oops mode in which the Java heap is
#     placed in the first 32GB address space. The Java Heap base address is the
#     maximum limit for the native heap growth. Please use -XX:HeapBaseMinAddress
#     to set the Java Heap base and to place the Java Heap above 32GB virtual address.
# This output file may be truncated or incomplete.
#
#  Out of Memory Error (arena.cpp:149), pid=16896, tid=2900
#
# JRE version: Java(TM) SE Runtime Environment (23.0.1+11) (build 23.0.1+11-39)
# Java VM: Java HotSpot(TM) 64-Bit Server VM (23.0.1+11-39, mixed mode, sharing, tiered, compressed oops, compressed class ptrs, g1 gc, windows-amd64)
# No core dump will be written. Minidumps are not enabled by default on client versions of Windows
#

---------------  S U M M A R Y ------------

Command Line: --add-opens=java.base/java.lang=ALL-UNNAMED --add-opens=java.base/java.lang.invoke=ALL-UNNAMED --add-opens=java.base/java.util=ALL-UNNAMED --add-opens=java.prefs/java.util.prefs=ALL-UNNAMED --add-exports=jdk.compiler/com.sun.tools.javac.api=ALL-UNNAMED --add-exports=jdk.compiler/com.sun.tools.javac.util=ALL-UNNAMED --add-opens=java.base/java.util=ALL-UNNAMED --add-opens=java.prefs/java.util.prefs=ALL-UNNAMED --add-opens=java.base/java.nio.charset=ALL-UNNAMED --add-opens=java.base/java.net=ALL-UNNAMED --add-opens=java.base/java.util.concurrent.atomic=ALL-UNNAMED --add-opens=java.xml/javax.xml.namespace=ALL-UNNAMED -XX:MaxMetaspaceSize=4G -XX:ReservedCodeCacheSize=512m -XX:+HeapDumpOnOutOfMemoryError -Xmx8G -Dfile.encoding=UTF-8 -Duser.country=IN -Duser.language=en -Duser.variant -javaagent:C:\Users\Bhumi\.gradle\wrapper\dists\gradle-8.14-all\c2qonpi39x1mddn7hk5gh9iqj\gradle-8.14\lib\agents\gradle-instrumentation-agent-8.14.jar org.gradle.launcher.daemon.bootstrap.GradleDaemon 8.14

Host: Intel(R) Core(TM) i3-10110U CPU @ 2.10GHz, 4 cores, 7G,  Windows 11 , 64 bit Build 26100 (10.0.26100.8328)
Time: Tue May 19 12:06:55 2026 India Standard Time elapsed time: 33.250312 seconds (0d 0h 0m 33s)

---------------  T H R E A D  ---------------

Current thread (0x000001f8231ef810):  JavaThread "Daemon worker"        [_thread_in_vm, id=2900, stack(0x0000001623000000,0x0000001623100000) (1024K)]

Stack: [0x0000001623000000,0x0000001623100000]
Native frames: (J=compiled Java code, j=interpreted, Vv=VM code, C=native code)
V  [jvm.dll+0x6e08b9]  (no source info available)
V  [jvm.dll+0x87dc83]  (no source info available)
V  [jvm.dll+0x88010e]  (no source info available)
V  [jvm.dll+0x8807e3]  (no source info available)
V  [jvm.dll+0x27aee6]  (no source info available)
V  [jvm.dll+0xbc06f]  (no source info available)
V  [jvm.dll+0xbc2cb]  (no source info available)
V  [jvm.dll+0x598919]  (no source info available)
V  [jvm.dll+0x5be640]  (no source info available)
V  [jvm.dll+0x7f3ad6]  (no source info available)
V  [jvm.dll+0x475cf6]  (no source info available)
V  [jvm.dll+0x47bb98]  (no source info available)
C  [java.dll+0x17d4]  (no source info available)
C  0x000001f7bfdf887c  (no source info available)

The last pc belongs to native nmethod (printed below).
Java frames: (J=compiled Java code, j=interpreted, Vv=VM code)
J 832  java.lang.ClassLoader.defineClass1(Ljava/lang/ClassLoader;Ljava/lang/String;[BIILjava/security/ProtectionDomain;Ljava/lang/String;)Ljava/lang/Class; java.base@23.0.1 (0 bytes) @ 0x000001f7bfdf87e1 [0x000001f7bfdf8720+0x00000000000000c1]
J 4731 c2 java.security.SecureClassLoader.defineClass(Ljava/lang/String;[BIILjava/security/CodeSource;)Ljava/lang/Class; java.base@23.0.1 (16 bytes) @ 0x000001f7bffafe7c [0x000001f7bffaf120+0x0000000000000d5c]
J 8015 c2 java.net.URLClassLoader$1.run()Ljava/lang/Object; java.base@23.0.1 (5 bytes) @ 0x000001f7bff654c0 [0x000001f7bff64100+0x00000000000013c0]
J 7999 c2 java.net.URLClassLoader.findClass(Ljava/lang/String;)Ljava/lang/Class; java.base@23.0.1 (47 bytes) @ 0x000001f7bff33f98 [0x000001f7bff33ee0+0x00000000000000b8]
j  org.gradle.internal.classloader.VisitableURLClassLoader$InstrumentingVisitableURLClassLoader.findClass(Ljava/lang/String;)Ljava/lang/Class;+10
J 8010 c2 java.lang.ClassLoader.loadClass(Ljava/lang/String;Z)Ljava/lang/Class; java.base@23.0.1 (121 bytes) @ 0x000001f7bff1ab84 [0x000001f7bff1a860+0x0000000000000324]
J 3855 c2 java.lang.ClassLoader.loadClass(Ljava/lang/String;)Ljava/lang/Class; java.base@23.0.1 (7 bytes) @ 0x000001f7bff53ebc [0x000001f7bff53e80+0x000000000000003c]
v  ~StubRoutines::call_stub 0x000001f7bf820fcd
j  org.jetbrains.kotlin.gradle.plugin.DefaultKotlinBasePlugin.addKotlinCompilerConfiguration(Lorg/gradle/api/Project;)V+115
j  org.jetbrains.kotlin.gradle.plugin.DefaultKotlinBasePlugin.apply(Lorg/gradle/api/Project;)V+69
j  org.jetbrains.kotlin.gradle.plugin.KotlinBasePluginWrapper.apply(Lorg/gradle/api/Project;)V+8
j  org.jetbrains.kotlin.gradle.plugin.KotlinPluginWrapper.apply(Lorg/gradle/api/Project;)V+12
j  org.jetbrains.kotlin.gradle.plugin.KotlinPluginWrapper.apply(Ljava/lang/Object;)V+5
j  org.gradle.api.internal.plugins.ImperativeOnlyPluginTarget.applyImperative(Ljava/lang/String;Lorg/gradle/api/Plugin;)V+13
j  org.gradle.api.internal.plugins.RuleBasedPluginTarget.applyImperative(Ljava/lang/String;Lorg/gradle/api/Plugin;)V+6
j  org.gradle.api.internal.plugins.DefaultPluginManager.addPlugin(Ljava/lang/Runnable;Lorg/gradle/api/internal/plugins/PluginImplementation;Ljava/lang/String;Ljava/lang/Class;)V+54
j  org.gradle.api.internal.plugins.DefaultPluginManager.access$100(Lorg/gradle/api/internal/plugins/DefaultPluginManager;Ljava/lang/Runnable;Lorg/gradle/api/internal/plugins/PluginImplementation;Ljava/lang/String;Ljava/lang/Class;)V+6
j  org.gradle.api.internal.plugins.DefaultPluginManager$AddPluginBuildOperation.run(Lorg/gradle/internal/operations/BuildOperationContext;)V+20
j  org.gradle.internal.operations.DefaultBuildOperationRunner$1.execute(Lorg/gradle/internal/operations/RunnableBuildOperation;Lorg/gradle/internal/operations/BuildOperationContext;)V+2
j  org.gradle.internal.operations.DefaultBuildOperationRunner$1.execute(Lorg/gradle/internal/operations/BuildOperation;Lorg/gradle/internal/operations/BuildOperationContext;)V+6
J 7450 c1 org.gradle.internal.operations.DefaultBuildOperationRunner$2.execute(Lorg/gradle/internal/operations/BuildOperationDescriptor;Lorg/gradle/internal/operations/BuildOperationState;Lorg/gradle/internal/operations/BuildOperationState;Lorg/gradle/internal/operations/DefaultBuildOperationRunner$ReadableBuildOperationContext;Lorg/gradle/internal/operations/DefaultBuildOperationRunner$BuildOperationExecutionListener;)Lorg/gradle/internal/operations/BuildOperation; (110 bytes) @ 0x000001f7b054144c [0x000001f7b0541240+0x000000000000020c]
J 7610 c1 org.gradle.internal.operations.DefaultBuildOperationRunner$2.execute(Lorg/gradle/internal/operations/BuildOperationDescriptor;Lorg/gradle/internal/operations/BuildOperationState;Lorg/gradle/internal/operations/BuildOperationState;Lorg/gradle/internal/operations/DefaultBuildOperationRunner$ReadableBuildOperationContext;Lorg/gradle/internal/operations/DefaultBuildOperationRunner$BuildOperationExecutionListener;)Ljava/lang/Object; (12 bytes) @ 0x000001f7b058021c [0x000001f7b05801a0+0x000000000000007c]
J 7432 c1 org.gradle.internal.operations.DefaultBuildOperationRunner.execute(Lorg/gradle/internal/operations/BuildOperationDescriptor$Builder;Lorg/gradle/internal/operations/BuildOperationState;Lorg/gradle/internal/operations/DefaultBuildOperationRunner$BuildOperationExecution;)Ljava/lang/Object; (147 bytes) @ 0x000001f7b053767c [0x000001f7b0536b60+0x0000000000000b1c]
J 7185 c1 org.gradle.internal.operations.DefaultBuildOperationRunner.execute(Lorg/gradle/internal/operations/BuildOperation;Lorg/gradle/internal/operations/BuildOperationWorker;Lorg/gradle/internal/operations/BuildOperationState;)V (23 bytes) @ 0x000001f7b04e81a4 [0x000001f7b04e7ee0+0x00000000000002c4]
j  org.gradle.internal.operations.DefaultBuildOperationRunner.run(Lorg/gradle/internal/operations/RunnableBuildOperation;)V+9
j  org.gradle.api.internal.plugins.DefaultPluginManager.lambda$doApply$0(Ljava/lang/Runnable;Lorg/gradle/api/internal/plugins/PluginImplementation;Ljava/lang/String;Ljava/lang/Class;Lorg/gradle/internal/code/UserCodeApplicationId;)V+20
j  org.gradle.api.internal.plugins.DefaultPluginManager$$Lambda+0x000001f7de799428.execute(Ljava/lang/Object;)V+24
j  org.gradle.internal.code.DefaultUserCodeApplicationContext.apply(Lorg/gradle/internal/code/UserCodeSource;Lorg/gradle/api/Action;)V+37
j  org.gradle.api.internal.plugins.DefaultPluginManager.doApply(Lorg/gradle/api/internal/plugins/PluginImplementation;)V+144
j  org.gradle.api.internal.plugins.DefaultPluginManager.addImperativePlugin(Lorg/gradle/api/internal/plugins/PluginImplementation;)Lorg/gradle/api/Plugin;+2
j  org.gradle.api.internal.plugins.DefaultPluginManager.addImperativePlugin(Ljava/lang/Class;)Lorg/gradle/api/Plugin;+11
j  org.gradle.api.internal.plugins.DefaultPluginContainer.apply(Ljava/lang/Class;)Lorg/gradle/api/Plugin;+5
j  org.gradle.kotlin.dsl.plugins.embedded.EmbeddedKotlinPlugin.apply(Lorg/gradle/api/Project;)V+18
j  org.gradle.kotlin.dsl.plugins.embedded.EmbeddedKotlinPlugin.apply(Ljava/lang/Object;)V+5
j  org.gradle.api.internal.plugins.ImperativeOnlyPluginTarget.applyImperative(Ljava/lang/String;Lorg/gradle/api/Plugin;)V+13
j  org.gradle.api.internal.plugins.RuleBasedPluginTarget.applyImperative(Ljava/lang/String;Lorg/gradle/api/Plugin;)V+6
j  org.gradle.api.internal.plugins.DefaultPluginManager.addPlugin(Ljava/lang/Runnable;Lorg/gradle/api/internal/plugins/PluginImplementation;Ljava/lang/String;Ljava/lang/Class;)V+54
j  org.gradle.api.internal.plugins.DefaultPluginManager.access$100(Lorg/gradle/api/internal/plugins/DefaultPluginManager;Ljava/lang/Runnable;Lorg/gradle/api/internal/plugins/PluginImplementation;Ljava/lang/String;Ljava/lang/Class;)V+6
j  org.gradle.api.internal.plugins.DefaultPluginManager$AddPluginBuildOperation.run(Lorg/gradle/internal/operations/BuildOperationContext;)V+20
j  org.gradle.internal.operations.DefaultBuildOperationRunner$1.execute(Lorg/gradle/internal/operations/RunnableBuildOperation;Lorg/gradle/internal/operations/BuildOperationContext;)V+2
j  org.gradle.internal.operations.DefaultBuildOperationRunner$1.execute(Lorg/gradle/internal/operations/BuildOperation;Lorg/gradle/internal/operations/BuildOperationContext;)V+6
J 7450 c1 org.gradle.internal.operations.DefaultBuildOperationRunner$2.execute(Lorg/gradle/internal/operations/BuildOperationDescriptor;Lorg/gradle/internal/operations/BuildOperationState;Lorg/gradle/internal/operations/BuildOperationState;Lorg/gradle/internal/operations/DefaultBuildOperationRunner$ReadableBuildOperationContext;Lorg/gradle/internal/operations/DefaultBuildOperationRunner$BuildOperationExecutionListener;)Lorg/gradle/internal/operations/BuildOperation; (110 bytes) @ 0x000001f7b054144c [0x000001f7b0541240+0x000000000000020c]
J 7610 c1 org.gradle.internal.operations.DefaultBuildOperationRunner$2.execute(Lorg/gradle/internal/operations/BuildOperationDescriptor;Lorg/gradle/internal/operations/BuildOperationState;Lorg/gradle/internal/operations/BuildOperationState;Lorg/gradle/internal/operations/DefaultBuildOperationRunner$ReadableBuildOperationContext;Lorg/gradle/internal/operations/DefaultBuildOperationRunner$BuildOperationExecutionListener;)Ljava/lang/Object; (12 bytes) @ 0x000001f7b058021c [0x000001f7b05801a0+0x000000000000007c]
J 7432 c1 org.gradle.internal.operations.DefaultBuildOperationRunner.execute(Lorg/gradle/internal/operations/BuildOperationDescriptor$Builder;Lorg/gradle/internal/operations/BuildOperationState;Lorg/gradle/internal/operations/DefaultBuildOperationRunner$BuildOperationExecution;)Ljava/lang/Object; (147 bytes) @ 0x000001f7b053767c [0x000001f7b0536b60+0x0000000000000b1c]
J 7185 c1 org.gradle.internal.operations.DefaultBuildOperationRunner.execute(Lorg/gradle/internal/operations/BuildOperation;Lorg/gradle/internal/operations/BuildOperationWorker;Lorg/gradle/internal/operations/BuildOperationState;)V (23 bytes) @ 0x000001f7b04e81a4 [0x000001f7b04e7ee0+0x00000000000002c4]
j  org.gradle.internal.operations.DefaultBuildOperationRunner.run(Lorg/gradle/internal/operations/RunnableBuildOperation;)V+9
j  org.gradle.api.internal.plugins.DefaultPluginManager.lambda$doApply$0(Ljava/lang/Runnable;Lorg/gradle/api/internal/plugins/PluginImplementation;Ljava/lang/String;Ljava/lang/Class;Lorg/gradle/internal/code/UserCodeApplicationId;)V+20
j  org.gradle.api.internal.plugins.DefaultPluginManager$$Lambda+0x000001f7de799428.execute(Ljava/lang/Object;)V+24
j  org.gradle.internal.code.DefaultUserCodeApplicationContext.apply(Lorg/gradle/internal/code/UserCodeSource;Lorg/gradle/api/Action;)V+37
j  org.gradle.api.internal.plugins.DefaultPluginManager.doApply(Lorg/gradle/api/internal/plugins/PluginImplementation;)V+144
j  org.gradle.api.internal.plugins.DefaultPluginManager.apply(Ljava/lang/Class;)V+11
j  org.gradle.api.internal.plugins.DefaultObjectConfigurationAction.applyType(Ljava/lang/Class;)V+43
j  org.gradle.api.internal.plugins.DefaultObjectConfigurationAction.applyPlugin(Ljava/lang/Class;)V+2
j  org.gradle.api.internal.plugins.DefaultObjectConfigurationAction.access$100(Lorg/gradle/api/internal/plugins/DefaultObjectConfigurationAction;Ljava/lang/Class;)V+2
j  org.gradle.api.internal.plugins.DefaultObjectConfigurationAction$2.run()V+8
j  org.gradle.api.internal.plugins.DefaultObjectConfigurationAction.execute()V+58
j  org.gradle.api.internal.project.AbstractPluginAware.apply(Lorg/gradle/api/Action;)V+13
j  org.gradle.api.internal.project.DefaultProject.apply(Lorg/gradle/api/Action;)V+6
j  org.gradle.kotlin.dsl.plugins.base.KotlinDslBasePlugin.apply(Lorg/gradle/api/Project;)V+34
j  org.gradle.kotlin.dsl.plugins.base.KotlinDslBasePlugin.apply(Ljava/lang/Object;)V+5
j  org.gradle.api.internal.plugins.ImperativeOnlyPluginTarget.applyImperative(Ljava/lang/String;Lorg/gradle/api/Plugin;)V+13
j  org.gradle.api.internal.plugins.RuleBasedPluginTarget.applyImperative(Ljava/lang/String;Lorg/gradle/api/Plugin;)V+6
j  org.gradle.api.internal.plugins.DefaultPluginManager.addPlugin(Ljava/lang/Runnable;Lorg/gradle/api/internal/plugins/PluginImplementation;Ljava/lang/String;Ljava/lang/Class;)V+54
j  org.gradle.api.internal.plugins.DefaultPluginManager.access$100(Lorg/gradle/api/internal/plugins/DefaultPluginManager;Ljava/lang/Runnable;Lorg/gradle/api/internal/plugins/PluginImplementation;Ljava/lang/String;Ljava/lang/Class;)V+6
j  org.gradle.api.internal.plugins.DefaultPluginManager$AddPluginBuildOperation.run(Lorg/gradle/internal/operations/BuildOperationContext;)V+20
j  org.gradle.internal.operations.DefaultBuildOperationRunner$1.execute(Lorg/gradle/internal/operations/RunnableBuildOperation;Lorg/gradle/internal/operations/BuildOperationContext;)V+2
j  org.gradle.internal.operations.DefaultBuildOperationRunner$1.execute(Lorg/gradle/internal/operations/BuildOperation;Lorg/gradle/internal/operations/BuildOperationContext;)V+6
J 7450 c1 org.gradle.internal.operations.DefaultBuildOperationRunner$2.execute(Lorg/gradle/internal/operations/BuildOperationDescriptor;Lorg/gradle/internal/operations/BuildOperationState;Lorg/gradle/internal/operations/BuildOperationState;Lorg/gradle/internal/operations/DefaultBuildOperationRunner$ReadableBuildOperationContext;Lorg/gradle/internal/operations/DefaultBuildOperationRunner$BuildOperationExecutionListener;)Lorg/gradle/internal/operations/BuildOperation; (110 bytes) @ 0x000001f7b054144c [0x000001f7b0541240+0x000000000000020c]
J 7610 c1 org.gradle.internal.operations.DefaultBuildOperationRunner$2.execute(Lorg/gradle/internal/operations/BuildOperationDescriptor;Lorg/gradle/internal/operations/BuildOperationState;Lorg/gradle/internal/operations/BuildOperationState;Lorg/gradle/internal/operations/DefaultBuildOperationRunner$ReadableBuildOperationContext;Lorg/gradle/internal/operations/DefaultBuildOperationRunner$BuildOperationExecutionListener;)Ljava/lang/Object; (12 bytes) @ 0x000001f7b058021c [0x000001f7b05801a0+0x000000000000007c]
J 7432 c1 org.gradle.internal.operations.DefaultBuildOperationRunner.execute(Lorg/gradle/internal/operations/BuildOperationDescriptor$Builder;Lorg/gradle/internal/operations/BuildOperationState;Lorg/gradle/internal/operations/DefaultBuildOperationRunner$BuildOperationExecution;)Ljava/lang/Object; (147 bytes) @ 0x000001f7b053767c [0x000001f7b0536b60+0x0000000000000b1c]
J 7185 c1 org.gradle.internal.operations.DefaultBuildOperationRunner.execute(Lorg/gradle/internal/operations/BuildOperation;Lorg/gradle/internal/operations/BuildOperationWorker;Lorg/gradle/internal/operations/BuildOperationState;)V (23 bytes) @ 0x000001f7b04e81a4 [0x000001f7b04e7ee0+0x00000000000002c4]
j  org.gradle.internal.operations.DefaultBuildOperationRunner.run(Lorg/gradle/internal/operations/RunnableBuildOperation;)V+9
j  org.gradle.api.internal.plugins.DefaultPluginManager.lambda$doApply$0(Ljava/lang/Runnable;Lorg/gradle/api/internal/plugins/PluginImplementation;Ljava/lang/String;Ljava/lang/Class;Lorg/gradle/internal/code/UserCodeApplicationId;)V+20
j  org.gradle.api.internal.plugins.DefaultPluginManager$$Lambda+0x000001f7de799428.execute(Ljava/lang/Object;)V+24
j  org.gradle.internal.code.DefaultUserCodeApplicationContext.apply(Lorg/gradle/internal/code/UserCodeSource;Lorg/gradle/api/Action;)V+37
j  org.gradle.api.internal.plugins.DefaultPluginManager.doApply(Lorg/gradle/api/internal/plugins/PluginImplementation;)V+144
j  org.gradle.api.internal.plugins.DefaultPluginManager.apply(Ljava/lang/Class;)V+11
j  org.gradle.api.internal.plugins.DefaultObjectConfigurationAction.applyType(Ljava/lang/Class;)V+43
j  org.gradle.api.internal.plugins.DefaultObjectConfigurationAction.applyPlugin(Ljava/lang/Class;)V+2
j  org.gradle.api.internal.plugins.DefaultObjectConfigurationAction.access$100(Lorg/gradle/api/internal/plugins/DefaultObjectConfigurationAction;Ljava/lang/Class;)V+2
j  org.gradle.api.internal.plugins.DefaultObjectConfigurationAction$2.run()V+8
j  org.gradle.api.internal.plugins.DefaultObjectConfigurationAction.execute()V+58
j  org.gradle.api.internal.project.AbstractPluginAware.apply(Lorg/gradle/api/Action;)V+13
j  org.gradle.api.internal.project.DefaultProject.apply(Lorg/gradle/api/Action;)V+6
j  org.gradle.kotlin.dsl.plugins.dsl.KotlinDslPlugin.apply(Lorg/gradle/api/Project;)V+70
j  org.gradle.kotlin.dsl.plugins.dsl.KotlinDslPlugin.apply(Ljava/lang/Object;)V+5
j  org.gradle.api.internal.plugins.ImperativeOnlyPluginTarget.applyImperative(Ljava/lang/String;Lorg/gradle/api/Plugin;)V+13
j  org.gradle.api.internal.plugins.RuleBasedPluginTarget.applyImperative(Ljava/lang/String;Lorg/gradle/api/Plugin;)V+6
j  org.gradle.api.internal.plugins.DefaultPluginManager.addPlugin(Ljava/lang/Runnable;Lorg/gradle/api/internal/plugins/PluginImplementation;Ljava/lang/String;Ljava/lang/Class;)V+54
j  org.gradle.api.internal.plugins.DefaultPluginManager.access$100(Lorg/gradle/api/internal/plugins/DefaultPluginManager;Ljava/lang/Runnable;Lorg/gradle/api/internal/plugins/PluginImplementation;Ljava/lang/String;Ljava/lang/Class;)V+6
j  org.gradle.api.internal.plugins.DefaultPluginManager$AddPluginBuildOperation.run(Lorg/gradle/internal/operations/BuildOperationContext;)V+20
j  org.gradle.internal.operations.DefaultBuildOperationRunner$1.execute(Lorg/gradle/internal/operations/RunnableBuildOperation;Lorg/gradle/internal/operations/BuildOperationContext;)V+2
j  org.gradle.internal.operations.DefaultBuildOperationRunner$1.execute(Lorg/gradle/internal/operations/BuildOperation;Lorg/gradle/internal/operations/BuildOperationContext;)V+6
J 7450 c1 org.gradle.internal.operations.DefaultBuildOperationRunner$2.execute(Lorg/gradle/internal/operations/BuildOperationDescriptor;Lorg/gradle/internal/operations/BuildOperationState;Lorg/gradle/internal/operations/BuildOperationState;Lorg/gradle/internal/operations/DefaultBuildOperationRunner$ReadableBuildOperationContext;Lorg/gradle/internal/operations/DefaultBuildOperationRunner$BuildOperationExecutionListener;)Lorg/gradle/internal/operations/BuildOperation; (110 bytes) @ 0x000001f7b054144c [0x000001f7b0541240+0x000000000000020c]
J 7610 c1 org.gradle.internal.operations.DefaultBuildOperationRunner$2.execute(Lorg/gradle/internal/operations/BuildOperationDescriptor;Lorg/gradle/internal/operations/BuildOperationState;Lorg/gradle/internal/operations/BuildOperationState;Lorg/gradle/internal/operations/DefaultBuildOperationRunner$ReadableBuildOperationContext;Lorg/gradle/internal/operations/DefaultBuildOperationRunner$BuildOperationExecutionListener;)Ljava/lang/Object; (12 bytes) @ 0x000001f7b058021c [0x000001f7b05801a0+0x000000000000007c]
J 7432 c1 org.gradle.internal.operations.DefaultBuildOperationRunner.execute(Lorg/gradle/internal/operations/BuildOperationDescriptor$Builder;Lorg/gradle/internal/operations/BuildOperationState;Lorg/gradle/internal/operations/DefaultBuildOperationRunner$BuildOperationExecution;)Ljava/lang/Object; (147 bytes) @ 0x000001f7b053767c [0x000001f7b0536b60+0x0000000000000b1c]
J 7185 c1 org.gradle.internal.operations.DefaultBuildOperationRunner.execute(Lorg/gradle/internal/operations/BuildOperation;Lorg/gradle/internal/operations/BuildOperationWorker;Lorg/gradle/internal/operations/BuildOperationState;)V (23 bytes) @ 0x000001f7b04e81a4 [0x000001f7b04e7ee0+0x00000000000002c4]
j  org.gradle.internal.operations.DefaultBuildOperationRunner.run(Lorg/gradle/internal/operations/RunnableBuildOperation;)V+9
j  org.gradle.api.internal.plugins.DefaultPluginManager.lambda$doApply$0(Ljava/lang/Runnable;Lorg/gradle/api/internal/plugins/PluginImplementation;Ljava/lang/String;Ljava/lang/Class;Lorg/gradle/internal/code/UserCodeApplicationId;)V+20
j  org.gradle.api.internal.plugins.DefaultPluginManager$$Lambda+0x000001f7de799428.execute(Ljava/lang/Object;)V+24
j  org.gradle.internal.code.DefaultUserCodeApplicationContext.apply(Lorg/gradle/internal/code/UserCodeSource;Lorg/gradle/api/Action;)V+37
j  org.gradle.api.internal.plugins.DefaultPluginManager.doApply(Lorg/gradle/api/internal/plugins/PluginImplementation;)V+144
j  org.gradle.api.internal.plugins.DefaultPluginManager.apply(Ljava/lang/String;)V+52
j  org.gradle.plugin.use.resolve.internal.ArtifactRepositoriesPluginResolver$ExternalPluginResolution.applyTo(Lorg/gradle/api/internal/plugins/PluginManagerInternal;)V+55
j  org.gradle.plugin.use.internal.DefaultPluginRequestApplicator$ApplyAction.apply(Lorg/gradle/api/internal/plugins/PluginManagerInternal;)V+21
j  org.gradle.plugin.use.internal.DefaultPluginRequestApplicator.lambda$applyPlugins$1(Lorg/gradle/api/internal/plugins/PluginManagerInternal;Lorg/gradle/plugin/use/internal/DefaultPluginRequestApplicator$ApplyAction;)V+2
j  org.gradle.plugin.use.internal.DefaultPluginRequestApplicator$$Lambda+0x000001f7de883c80.accept(Ljava/lang/Object;)V+8
j  java.util.ArrayList.forEach(Ljava/util/function/Consumer;)V+46 java.base@23.0.1
j  org.gradle.plugin.use.internal.DefaultPluginRequestApplicator.applyPlugins(Lorg/gradle/plugin/management/internal/PluginRequests;Lorg/gradle/api/internal/initialization/ScriptHandlerInternal;Lorg/gradle/api/internal/plugins/PluginManagerInternal;Lorg/gradle/api/internal/initialization/ClassLoaderScope;)V+375
j  org.gradle.kotlin.dsl.provider.PluginRequestsHandler.handle(Lorg/gradle/plugin/management/internal/PluginRequests;Lorg/gradle/api/internal/initialization/ScriptHandlerInternal;Lorg/gradle/api/internal/plugins/PluginAwareInternal;Lorg/gradle/api/internal/initialization/ClassLoaderScope;)V+65
j  org.gradle.kotlin.dsl.provider.StandardKotlinScriptEvaluator$InterpreterHost.applyPluginsTo(Lorg/gradle/kotlin/dsl/support/KotlinScriptHost;Lorg/gradle/plugin/management/internal/PluginRequests;)V+53
j  org.gradle.kotlin.dsl.execution.Interpreter$ProgramHost.applyPluginsTo(Lorg/gradle/kotlin/dsl/support/KotlinScriptHost;Lorg/gradle/plugin/management/internal/PluginRequests;)V+21
j  Program.execute(Lorg/gradle/kotlin/dsl/execution/ExecutableProgram$Host;Lorg/gradle/kotlin/dsl/support/KotlinScriptHost;)V+38
j  org.gradle.kotlin.dsl.execution.Interpreter$ProgramHost.eval(Lorg/gradle/kotlin/dsl/execution/CompiledScript;Lorg/gradle/kotlin/dsl/support/KotlinScriptHost;)V+88
j  org.gradle.kotlin.dsl.execution.Interpreter.eval(Ljava/lang/Object;Lorg/gradle/groovy/scripts/ScriptSource;Lorg/gradle/internal/hash/HashCode;Lorg/gradle/api/initialization/dsl/ScriptHandler;Lorg/gradle/api/internal/initialization/ClassLoaderScope;Lorg/gradle/api/internal/initialization/ClassLoaderScope;ZLjava/util/EnumSet;)V+213
j  org.gradle.kotlin.dsl.provider.StandardKotlinScriptEvaluator.evaluate(Ljava/lang/Object;Lorg/gradle/groovy/scripts/ScriptSource;Lorg/gradle/api/initialization/dsl/ScriptHandler;Lorg/gradle/api/internal/initialization/ClassLoaderScope;Lorg/gradle/api/internal/initialization/ClassLoaderScope;ZLjava/util/EnumSet;)V+163
j  org.gradle.kotlin.dsl.provider.KotlinScriptPluginFactory$create$1.invoke(Ljava/lang/Object;)V+72
j  org.gradle.kotlin.dsl.provider.KotlinScriptPluginFactory$create$1.invoke(Ljava/lang/Object;)Ljava/lang/Object;+2
j  org.gradle.kotlin.dsl.provider.KotlinScriptPlugin.apply(Ljava/lang/Object;)V+22
j  org.gradle.configuration.BuildOperationScriptPlugin$1.run(Lorg/gradle/internal/operations/BuildOperationContext;)V+11
j  org.gradle.internal.operations.DefaultBuildOperationRunner$1.execute(Lorg/gradle/internal/operations/RunnableBuildOperation;Lorg/gradle/internal/operations/BuildOperationContext;)V+2
j  org.gradle.internal.operations.DefaultBuildOperationRunner$1.execute(Lorg/gradle/internal/operations/BuildOperation;Lorg/gradle/internal/operations/BuildOperationContext;)V+6
j  org.gradle.internal.operations.DefaultBuildOperationRunner$2.execute(Lorg/gradle/internal/operations/BuildOperationDescriptor;Lorg/gradle/internal/operations/BuildOperationState;Lorg/gradle/internal/operations/BuildOperationState;Lorg/gradle/internal/operations/DefaultBuildOperationRunner$ReadableBuildOperationContext;Lorg/gradle/internal/operations/DefaultBuildOperationRunner$BuildOperationExecutionListener;)Lorg/gradle/internal/operations/BuildOperation;+22
j  org.gradle.internal.operations.DefaultBuildOperationRunner$2.execute(Lorg/gradle/internal/operations/BuildOperationDescriptor;Lorg/gradle/internal/operations/BuildOperationState;Lorg/gradle/internal/operations/BuildOperationState;Lorg/gradle/internal/operations/DefaultBuildOperationRunner$ReadableBuildOperationContext;Lorg/gradle/internal/operations/DefaultBuildOperationRunner$BuildOperationExecutionListener;)Ljava/lang/Object;+8
j  org.gradle.internal.operations.DefaultBuildOperationRunner.execute(Lorg/gradle/internal/operations/BuildOperationDescriptor$Builder;Lorg/gradle/internal/operations/BuildOperationState;Lorg/gradle/internal/operations/DefaultBuildOperationRunner$BuildOperationExecution;)Ljava/lang/Object;+141
j  org.gradle.internal.operations.DefaultBuildOperationRunner.execute(Lorg/gradle/internal/operations/BuildOperation;Lorg/gradle/internal/operations/BuildOperationWorker;Lorg/gradle/internal/operations/BuildOperationState;)V+18
j  org.gradle.internal.operations.DefaultBuildOperationRunner.run(Lorg/gradle/internal/operations/RunnableBuildOperation;)V+9
j  org.gradle.configuration.BuildOperationScriptPlugin.lambda$apply$0(Ljava/lang/Object;Lorg/gradle/internal/code/UserCodeApplicationId;)V+14
j  org.gradle.configuration.BuildOperationScriptPlugin$$Lambda+0x000001f7de4aaaf8.execute(Ljava/lang/Object;)V+12
j  org.gradle.internal.code.DefaultUserCodeApplicationContext.apply(Lorg/gradle/internal/code/UserCodeSource;Lorg/gradle/api/Action;)V+37
j  org.gradle.configuration.BuildOperationScriptPlugin.apply(Ljava/lang/Object;)V+71
j  org.gradle.configuration.project.BuildScriptProcessor$$Lambda+0x000001f7de7ee198.accept(Ljava/lang/Object;)V+8
j  org.gradle.api.internal.project.DefaultProjectStateRegistry$ProjectStateImpl.lambda$applyToMutableState$1(Ljava/util/function/Consumer;Lorg/gradle/api/internal/project/ProjectInternal;)Ljava/lang/Object;+2
j  org.gradle.api.internal.project.DefaultProjectStateRegistry$ProjectStateImpl$$Lambda+0x000001f7de786de8.apply(Ljava/lang/Object;)Ljava/lang/Object;+8
j  org.gradle.api.internal.project.DefaultProjectStateRegistry$ProjectStateImpl.fromMutableState(Ljava/util/function/Function;)Ljava/lang/Object;+97
j  org.gradle.api.internal.project.DefaultProjectStateRegistry$ProjectStateImpl.applyToMutableState(Ljava/util/function/Consumer;)V+7
j  org.gradle.configuration.project.BuildScriptProcessor.execute(Lorg/gradle/api/internal/project/ProjectInternal;)V+88
j  org.gradle.configuration.project.BuildScriptProcessor.execute(Ljava/lang/Object;)V+5
j  org.gradle.configuration.project.ConfigureActionsProjectEvaluator.evaluate(Lorg/gradle/api/internal/project/ProjectInternal;Lorg/gradle/api/internal/project/ProjectStateInternal;)V+33
j  org.gradle.configuration.project.LifecycleProjectEvaluator$EvaluateProject.lambda$run$0(Lorg/gradle/internal/operations/BuildOperationContext;Lorg/gradle/api/internal/project/ProjectInternal;)V+67
j  org.gradle.configuration.project.LifecycleProjectEvaluator$EvaluateProject$$Lambda+0x000001f7de7ce0a8.accept(Ljava/lang/Object;)V+12
j  org.gradle.api.internal.project.DefaultProjectStateRegistry$ProjectStateImpl.lambda$applyToMutableState$1(Ljava/util/function/Consumer;Lorg/gradle/api/internal/project/ProjectInternal;)Ljava/lang/Object;+2
j  org.gradle.api.internal.project.DefaultProjectStateRegistry$ProjectStateImpl$$Lambda+0x000001f7de786de8.apply(Ljava/lang/Object;)Ljava/lang/Object;+8
j  org.gradle.api.internal.project.DefaultProjectStateRegistry$ProjectStateImpl.lambda$fromMutableState$2(Ljava/util/function/Function;)Ljava/lang/Object;+5
j  org.gradle.api.internal.project.DefaultProjectStateRegistry$ProjectStateImpl$$Lambda+0x000001f7de787030.create()Ljava/lang/Object;+8
j  org.gradle.internal.work.DefaultWorkerLeaseService.withReplacedLocks(Ljava/util/Collection;Lorg/gradle/internal/resources/ResourceLock;Lorg/gradle/internal/Factory;)Ljava/lang/Object;+40
j  org.gradle.api.internal.project.DefaultProjectStateRegistry$ProjectStateImpl.fromMutableState(Ljava/util/function/Function;)Ljava/lang/Object;+133
j  org.gradle.api.internal.project.DefaultProjectStateRegistry$ProjectStateImpl.applyToMutableState(Ljava/util/function/Consumer;)V+7
j  org.gradle.configuration.project.LifecycleProjectEvaluator$EvaluateProject.run(Lorg/gradle/internal/operations/BuildOperationContext;)V+16
j  org.gradle.internal.operations.DefaultBuildOperationRunner$1.execute(Lorg/gradle/internal/operations/RunnableBuildOperation;Lorg/gradle/internal/operations/BuildOperationContext;)V+2
j  org.gradle.internal.operations.DefaultBuildOperationRunner$1.execute(Lorg/gradle/internal/operations/BuildOperation;Lorg/gradle/internal/operations/BuildOperationContext;)V+6
j  org.gradle.internal.operations.DefaultBuildOperationRunner$2.execute(Lorg/gradle/internal/operations/BuildOperationDescriptor;Lorg/gradle/internal/operations/BuildOperationState;Lorg/gradle/internal/operations/BuildOperationState;Lorg/gradle/internal/operations/DefaultBuildOperationRunner$ReadableBuildOperationContext;Lorg/gradle/internal/operations/DefaultBuildOperationRunner$BuildOperationExecutionListener;)Lorg/gradle/internal/operations/BuildOperation;+22
j  org.gradle.internal.operations.DefaultBuildOperationRunner$2.execute(Lorg/gradle/internal/operations/BuildOperationDescriptor;Lorg/gradle/internal/operations/BuildOperationState;Lorg/gradle/internal/operations/BuildOperationState;Lorg/gradle/internal/operations/DefaultBuildOperationRunner$ReadableBuildOperationContext;Lorg/gradle/internal/operations/DefaultBuildOperationRunner$BuildOperationExecutionListener;)Ljava/lang/Object;+8
j  org.gradle.internal.operations.DefaultBuildOperationRunner.execute(Lorg/gradle/internal/operations/BuildOperationDescriptor$Builder;Lorg/gradle/internal/operations/BuildOperationState;Lorg/gradle/internal/operations/DefaultBuildOperationRunner$BuildOperationExecution;)Ljava/lang/Object;+141
j  org.gradle.internal.operations.DefaultBuildOperationRunner.execute(Lorg/gradle/internal/operations/BuildOperation;Lorg/gradle/internal/operations/BuildOperationWorker;Lorg/gradle/internal/operations/BuildOperationState;)V+18
j  org.gradle.internal.operations.DefaultBuildOperationRunner.run(Lorg/gradle/internal/operations/RunnableBuildOperation;)V+9
j  org.gradle.configuration.project.LifecycleProjectEvaluator.evaluate(Lorg/gradle/api/internal/project/ProjectInternal;Lorg/gradle/api/internal/project/ProjectStateInternal;)V+42
j  org.gradle.api.internal.project.DefaultProject.evaluateUnchecked()Lorg/gradle/api/internal/project/ProjectInternal;+20
j  org.gradle.api.internal.project.ProjectLifecycleController.lambda$ensureSelfConfigured$2()V+4
j  org.gradle.api.internal.project.ProjectLifecycleController$$Lambda+0x000001f7de7cc838.run()V+4
j  org.gradle.internal.model.StateTransitionController.lambda$doTransition$14(Ljava/lang/Runnable;)Lorg/gradle/internal/build/ExecutionResult;+1
j  org.gradle.internal.model.StateTransitionController$$Lambda+0x000001f7de47b778.get()Ljava/lang/Object;+4
j  org.gradle.internal.model.StateTransitionController.doTransition(Lorg/gradle/internal/model/StateTransitionController$State;Lorg/gradle/internal/model/StateTransitionController$State;Ljava/util/function/Supplier;)Lorg/gradle/internal/build/ExecutionResult;+24
j  org.gradle.internal.model.StateTransitionController.doTransition(Lorg/gradle/internal/model/StateTransitionController$State;Lorg/gradle/internal/model/StateTransitionController$State;Ljava/lang/Runnable;)V+9
j  org.gradle.internal.model.StateTransitionController.lambda$maybeTransitionIfNotCurrentlyTransitioning$10(Lorg/gradle/internal/model/StateTransitionController$State;Lorg/gradle/internal/model/StateTransitionController$State;Ljava/lang/Runnable;)V+16
j  org.gradle.internal.model.StateTransitionController$$Lambda+0x000001f7de7cca60.run()V+16
j  org.gradle.internal.work.DefaultSynchronizer.withLock(Ljava/lang/Runnable;)V+6
j  org.gradle.internal.model.StateTransitionController.maybeTransitionIfNotCurrentlyTransitioning(Lorg/gradle/internal/model/StateTransitionController$State;Lorg/gradle/internal/model/StateTransitionController$State;Ljava/lang/Runnable;)V+13
j  org.gradle.api.internal.project.ProjectLifecycleController.ensureSelfConfigured()V+16
j  org.gradle.api.internal.project.DefaultProjectStateRegistry$ProjectStateImpl.ensureConfigured()V+19
j  org.gradle.execution.TaskPathProjectEvaluator.configure(Lorg/gradle/api/internal/project/ProjectInternal;)V+6
j  org.gradle.execution.TaskPathProjectEvaluator.configureHierarchy(Lorg/gradle/api/internal/project/ProjectInternal;)V+2
j  org.gradle.configuration.DefaultProjectsPreparer.prepareProjects(Lorg/gradle/api/internal/GradleInternal;)V+52
j  org.gradle.configuration.BuildTreePreparingProjectsPreparer.prepareProjects(Lorg/gradle/api/internal/GradleInternal;)V+114
j  org.gradle.configuration.BuildOperationFiringProjectsPreparer$ConfigureBuild.run(Lorg/gradle/internal/operations/BuildOperationContext;)V+11
j  org.gradle.internal.operations.DefaultBuildOperationRunner$1.execute(Lorg/gradle/internal/operations/RunnableBuildOperation;Lorg/gradle/internal/operations/BuildOperationContext;)V+2
j  org.gradle.internal.operations.DefaultBuildOperationRunner$1.execute(Lorg/gradle/internal/operations/BuildOperation;Lorg/gradle/internal/operations/BuildOperationContext;)V+6
j  org.gradle.internal.operations.DefaultBuildOperationRunner$2.execute(Lorg/gradle/internal/operations/BuildOperationDescriptor;Lorg/gradle/internal/operations/BuildOperationState;Lorg/gradle/internal/operations/BuildOperationState;Lorg/gradle/internal/operations/DefaultBuildOperationRunner$ReadableBuildOperationContext;Lorg/gradle/internal/operations/DefaultBuildOperationRunner$BuildOperationExecutionListener;)Lorg/gradle/internal/operations/BuildOperation;+22
j  org.gradle.internal.operations.DefaultBuildOperationRunner$2.execute(Lorg/gradle/internal/operations/BuildOperationDescriptor;Lorg/gradle/internal/operations/BuildOperationState;Lorg/gradle/internal/operations/BuildOperationState;Lorg/gradle/internal/operations/DefaultBuildOperationRunner$ReadableBuildOperationContext;Lorg/gradle/internal/operations/DefaultBuildOperationRunner$BuildOperationExecutionListener;)Ljava/lang/Object;+8
j  org.gradle.internal.operations.DefaultBuildOperationRunner.execute(Lorg/gradle/internal/operations/BuildOperationDescriptor$Builder;Lorg/gradle/internal/operations/BuildOperationState;Lorg/gradle/internal/operations/DefaultBuildOperationRunner$BuildOperationExecution;)Ljava/lang/Object;+141
j  org.gradle.internal.operations.DefaultBuildOperationRunner.execute(Lorg/gradle/internal/operations/BuildOperation;Lorg/gradle/internal/operations/BuildOperationWorker;Lorg/gradle/internal/operations/BuildOperationState;)V+18
j  org.gradle.internal.operations.DefaultBuildOperationRunner.run(Lorg/gradle/internal/operations/RunnableBuildOperation;)V+9
j  org.gradle.configuration.BuildOperationFiringProjectsPreparer.prepareProjects(Lorg/gradle/api/internal/GradleInternal;)V+13
j  org.gradle.initialization.VintageBuildModelController.lambda$prepareProjects$2()V+8
j  org.gradle.initialization.VintageBuildModelController$$Lambda+0x000001f7de75c080.run()V+4
j  org.gradle.internal.model.StateTransitionController.lambda$doTransition$14(Ljava/lang/Runnable;)Lorg/gradle/internal/build/ExecutionResult;+1
j  org.gradle.internal.model.StateTransitionController$$Lambda+0x000001f7de47b778.get()Ljava/lang/Object;+4
j  org.gradle.internal.model.StateTransitionController.doTransition(Lorg/gradle/internal/model/StateTransitionController$State;Lorg/gradle/internal/model/StateTransitionController$State;Ljava/util/function/Supplier;)Lorg/gradle/internal/build/ExecutionResult;+24
j  org.gradle.internal.model.StateTransitionController.doTransition(Lorg/gradle/internal/model/StateTransitionController$State;Lorg/gradle/internal/model/StateTransitionController$State;Ljava/lang/Runnable;)V+9
j  org.gradle.internal.model.StateTransitionController.lambda$transitionIfNotPreviously$11(Lorg/gradle/internal/model/StateTransitionController$State;Lorg/gradle/internal/model/StateTransitionController$State;Ljava/lang/Runnable;)V+16
j  org.gradle.internal.model.StateTransitionController$$Lambda+0x000001f7de47b550.run()V+16
j  org.gradle.internal.work.DefaultSynchronizer.withLock(Ljava/lang/Runnable;)V+6
j  org.gradle.internal.model.StateTransitionController.transitionIfNotPreviously(Lorg/gradle/internal/model/StateTransitionController$State;Lorg/gradle/internal/model/StateTransitionController$State;Ljava/lang/Runnable;)V+13
j  org.gradle.initialization.VintageBuildModelController.prepareProjects()V+16
j  org.gradle.initialization.VintageBuildModelController.getConfiguredModel()Lorg/gradle/api/internal/GradleInternal;+5
j  org.gradle.internal.build.DefaultBuildLifecycleController$$Lambda+0x000001f7de75be58.get()Ljava/lang/Object;+4
j  org.gradle.internal.model.StateTransitionController.lambda$notInState$3(Lorg/gradle/internal/model/StateTransitionController$State;Ljava/util/function/Supplier;)Ljava/lang/Object;+11
j  org.gradle.internal.model.StateTransitionController$$Lambda+0x000001f7de47b100.create()Ljava/lang/Object;+12
j  org.gradle.internal.work.DefaultSynchronizer.withLock(Lorg/gradle/internal/Factory;)Ljava/lang/Object;+6
j  org.gradle.internal.model.StateTransitionController.notInState(Lorg/gradle/internal/model/StateTransitionController$State;Ljava/util/function/Supplier;)Ljava/lang/Object;+12
j  org.gradle.internal.build.DefaultBuildLifecycleController.configureProjects()V+21
j  org.gradle.internal.build.AbstractBuildState.ensureProjectsConfigured()V+4
j  org.gradle.internal.buildtree.BuildInclusionCoordinator$$Lambda+0x000001f7de75b5a8.run()V+4
j  org.gradle.internal.buildtree.BuildInclusionCoordinator$BuildSynchronizer.lambda$withLock$0(Ljava/lang/Runnable;)V+14
j  org.gradle.internal.buildtree.BuildInclusionCoordinator$BuildSynchronizer$$Lambda+0x000001f7de75bc30.run()V+8
j  org.gradle.internal.work.DefaultSynchronizer.withLock(Ljava/lang/Runnable;)V+6
j  org.gradle.internal.buildtree.BuildInclusionCoordinator$BuildSynchronizer.withLock(Ljava/lang/Runnable;)V+11
j  org.gradle.internal.buildtree.BuildInclusionCoordinator.withLockForBuild(Lorg/gradle/internal/build/BuildState;Ljava/lang/Runnable;)V+20
j  org.gradle.internal.buildtree.BuildInclusionCoordinator.prepareForPluginResolution(Lorg/gradle/internal/build/IncludedBuildState;)V+13
j  org.gradle.internal.composite.DefaultBuildIncluder.prepareForPluginResolution(Lorg/gradle/internal/build/IncludedBuildState;)V+5
j  org.gradle.composite.internal.plugins.CompositeBuildPluginResolverContributor$CompositeBuildPluginResolver.resolveFromIncludedPluginBuilds(Lorg/gradle/plugin/use/PluginId;)Lorg/gradle/plugin/use/resolve/internal/PluginResolution;+39
j  org.gradle.composite.internal.plugins.CompositeBuildPluginResolverContributor$CompositeBuildPluginResolver.doResolve(Lorg/gradle/plugin/use/PluginId;)Lorg/gradle/composite/internal/plugins/CompositeBuildPluginResolverContributor$PluginResult;+2
j  org.gradle.composite.internal.plugins.CompositeBuildPluginResolverContributor$CompositeBuildPluginResolver$$Lambda+0x000001f7de74a438.apply(Ljava/lang/Object;)Ljava/lang/Object;+8
J 4671 c2 java.util.concurrent.ConcurrentHashMap.computeIfAbsent(Ljava/lang/Object;Ljava/util/function/Function;)Ljava/lang/Object; java.base@23.0.1 (576 bytes) @ 0x000001f7bfdee590 [0x000001f7bfdedcc0+0x00000000000008d0]
j  org.gradle.composite.internal.plugins.CompositeBuildPluginResolverContributor$CompositeBuildPluginResolver.resolve(Lorg/gradle/plugin/management/internal/PluginRequestInternal;)Lorg/gradle/plugin/use/resolve/internal/PluginResolutionResult;+16
j  org.gradle.plugin.use.resolve.internal.CompositePluginResolver.resolve(Lorg/gradle/plugin/management/internal/PluginRequestInternal;)Lorg/gradle/plugin/use/resolve/internal/PluginResolutionResult;+37
j  org.gradle.plugin.use.resolve.internal.AlreadyOnClasspathPluginResolver.resolve(Lorg/gradle/plugin/management/internal/PluginRequestInternal;)Lorg/gradle/plugin/use/resolve/internal/PluginResolutionResult;+28
j  org.gradle.plugin.use.internal.DefaultPluginRequestApplicator.resolvePluginRequest(Lorg/gradle/plugin/use/resolve/internal/PluginResolver;Lorg/gradle/plugin/management/internal/PluginRequestInternal;)Lorg/gradle/plugin/use/resolve/internal/PluginResolution;+2
j  org.gradle.plugin.use.internal.DefaultPluginRequestApplicator.applyPlugins(Lorg/gradle/plugin/management/internal/PluginRequests;Lorg/gradle/api/internal/initialization/ScriptHandlerInternal;Lorg/gradle/api/internal/plugins/PluginManagerInternal;Lorg/gradle/api/internal/initialization/ClassLoaderScope;)V+136
j  org.gradle.kotlin.dsl.provider.PluginRequestsHandler.handle(Lorg/gradle/plugin/management/internal/PluginRequests;Lorg/gradle/api/internal/initialization/ScriptHandlerInternal;Lorg/gradle/api/internal/plugins/PluginAwareInternal;Lorg/gradle/api/internal/initialization/ClassLoaderScope;)V+65
j  org.gradle.kotlin.dsl.provider.StandardKotlinScriptEvaluator$InterpreterHost.applyPluginsTo(Lorg/gradle/kotlin/dsl/support/KotlinScriptHost;Lorg/gradle/plugin/management/internal/PluginRequests;)V+53
j  org.gradle.kotlin.dsl.execution.Interpreter$ProgramHost.applyPluginsTo(Lorg/gradle/kotlin/dsl/support/KotlinScriptHost;Lorg/gradle/plugin/management/internal/PluginRequests;)V+21
j  Program.execute(Lorg/gradle/kotlin/dsl/execution/ExecutableProgram$Host;Lorg/gradle/kotlin/dsl/support/KotlinScriptHost;)V+45
j  org.gradle.kotlin.dsl.execution.Interpreter$ProgramHost.eval(Lorg/gradle/kotlin/dsl/execution/CompiledScript;Lorg/gradle/kotlin/dsl/support/KotlinScriptHost;)V+88
j  org.gradle.kotlin.dsl.execution.Interpreter.eval(Ljava/lang/Object;Lorg/gradle/groovy/scripts/ScriptSource;Lorg/gradle/internal/hash/HashCode;Lorg/gradle/api/initialization/dsl/ScriptHandler;Lorg/gradle/api/internal/initialization/ClassLoaderScope;Lorg/gradle/api/internal/initialization/ClassLoaderScope;ZLjava/util/EnumSet;)V+213
j  org.gradle.kotlin.dsl.provider.StandardKotlinScriptEvaluator.evaluate(Ljava/lang/Object;Lorg/gradle/groovy/scripts/ScriptSource;Lorg/gradle/api/initialization/dsl/ScriptHandler;Lorg/gradle/api/internal/initialization/ClassLoaderScope;Lorg/gradle/api/internal/initialization/ClassLoaderScope;ZLjava/util/EnumSet;)V+163
j  org.gradle.kotlin.dsl.provider.KotlinScriptPluginFactory$create$1.invoke(Ljava/lang/Object;)V+72
j  org.gradle.kotlin.dsl.provider.KotlinScriptPluginFactory$create$1.invoke(Ljava/lang/Object;)Ljava/lang/Object;+2
j  org.gradle.kotlin.dsl.provider.KotlinScriptPlugin.apply(Ljava/lang/Object;)V+22
j  org.gradle.configuration.BuildOperationScriptPlugin$1.run(Lorg/gradle/internal/operations/BuildOperationContext;)V+11
j  org.gradle.internal.operations.DefaultBuildOperationRunner$1.execute(Lorg/gradle/internal/operations/RunnableBuildOperation;Lorg/gradle/internal/operations/BuildOperationContext;)V+2
j  org.gradle.internal.operations.DefaultBuildOperationRunner$1.execute(Lorg/gradle/internal/operations/BuildOperation;Lorg/gradle/internal/operations/BuildOperationContext;)V+6
j  org.gradle.internal.operations.DefaultBuildOperationRunner$2.execute(Lorg/gradle/internal/operations/BuildOperationDescriptor;Lorg/gradle/internal/operations/BuildOperationState;Lorg/gradle/internal/operations/BuildOperationState;Lorg/gradle/internal/operations/DefaultBuildOperationRunner$ReadableBuildOperationContext;Lorg/gradle/internal/operations/DefaultBuildOperationRunner$BuildOperationExecutionListener;)Lorg/gradle/internal/operations/BuildOperation;+22
j  org.gradle.internal.operations.DefaultBuildOperationRunner$2.execute(Lorg/gradle/internal/operations/BuildOperationDescriptor;Lorg/gradle/internal/operations/BuildOperationState;Lorg/gradle/internal/operations/BuildOperationState;Lorg/gradle/internal/operations/DefaultBuildOperationRunner$ReadableBuildOperationContext;Lorg/gradle/internal/operations/DefaultBuildOperationRunner$BuildOperationExecutionListener;)Ljava/lang/Object;+8
j  org.gradle.internal.operations.DefaultBuildOperationRunner.execute(Lorg/gradle/internal/operations/BuildOperationDescriptor$Builder;Lorg/gradle/internal/operations/BuildOperationState;Lorg/gradle/internal/operations/DefaultBuildOperationRunner$BuildOperationExecution;)Ljava/lang/Object;+141
j  org.gradle.internal.operations.DefaultBuildOperationRunner.execute(Lorg/gradle/internal/operations/BuildOperation;Lorg/gradle/internal/operations/BuildOperationWorker;Lorg/gradle/internal/operations/BuildOperationState;)V+18
j  org.gradle.internal.operations.DefaultBuildOperationRunner.run(Lorg/gradle/internal/operations/RunnableBuildOperation;)V+9
j  org.gradle.configuration.BuildOperationScriptPlugin.lambda$apply$0(Ljava/lang/Object;Lorg/gradle/internal/code/UserCodeApplicationId;)V+14
j  org.gradle.configuration.BuildOperationScriptPlugin$$Lambda+0x000001f7de4aaaf8.execute(Ljava/lang/Object;)V+12
j  org.gradle.internal.code.DefaultUserCodeApplicationContext.apply(Lorg/gradle/internal/code/UserCodeSource;Lorg/gradle/api/Action;)V+37
j  org.gradle.configuration.BuildOperationScriptPlugin.apply(Ljava/lang/Object;)V+71
j  org.gradle.initialization.ScriptEvaluatingSettingsProcessor.applySettingsScript(Lorg/gradle/groovy/scripts/TextResourceScriptSource;Lorg/gradle/api/internal/SettingsInternal;)V+32
j  org.gradle.initialization.ScriptEvaluatingSettingsProcessor.process(Lorg/gradle/api/internal/GradleInternal;Lorg/gradle/initialization/SettingsLocation;Lorg/gradle/api/internal/initialization/ClassLoaderScope;Lorg/gradle/StartParameter;)Lorg/gradle/initialization/SettingsState;+90
j  org.gradle.initialization.SettingsEvaluatedCallbackFiringSettingsProcessor.process(Lorg/gradle/api/internal/GradleInternal;Lorg/gradle/initialization/SettingsLocation;Lorg/gradle/api/internal/initialization/ClassLoaderScope;Lorg/gradle/StartParameter;)Lorg/gradle/initialization/SettingsState;+9
j  org.gradle.initialization.RootBuildCacheControllerSettingsProcessor.process(Lorg/gradle/api/internal/GradleInternal;Lorg/gradle/initialization/SettingsLocation;Lorg/gradle/api/internal/initialization/ClassLoaderScope;Lorg/gradle/StartParameter;)Lorg/gradle/initialization/SettingsState;+9
j  org.gradle.initialization.BuildOperationSettingsProcessor$2.call(Lorg/gradle/internal/operations/BuildOperationContext;)Lorg/gradle/initialization/SettingsState;+23
j  org.gradle.initialization.BuildOperationSettingsProcessor$2.call(Lorg/gradle/internal/operations/BuildOperationContext;)Ljava/lang/Object;+2
j  org.gradle.internal.operations.DefaultBuildOperationRunner$CallableBuildOperationWorker.execute(Lorg/gradle/internal/operations/CallableBuildOperation;Lorg/gradle/internal/operations/BuildOperationContext;)V+3
j  org.gradle.internal.operations.DefaultBuildOperationRunner$CallableBuildOperationWorker.execute(Lorg/gradle/internal/operations/BuildOperation;Lorg/gradle/internal/operations/BuildOperationContext;)V+6
j  org.gradle.internal.operations.DefaultBuildOperationRunner$2.execute(Lorg/gradle/internal/operations/BuildOperationDescriptor;Lorg/gradle/internal/operations/BuildOperationState;Lorg/gradle/internal/operations/BuildOperationState;Lorg/gradle/internal/operations/DefaultBuildOperationRunner$ReadableBuildOperationContext;Lorg/gradle/internal/operations/DefaultBuildOperationRunner$BuildOperationExecutionListener;)Lorg/gradle/internal/operations/BuildOperation;+22
j  org.gradle.internal.operations.DefaultBuildOperationRunner$2.execute(Lorg/gradle/internal/operations/BuildOperationDescriptor;Lorg/gradle/internal/operations/BuildOperationState;Lorg/gradle/internal/operations/BuildOperationState;Lorg/gradle/internal/operations/DefaultBuildOperationRunner$ReadableBuildOperationContext;Lorg/gradle/internal/operations/DefaultBuildOperationRunner$BuildOperationExecutionListener;)Ljava/lang/Object;+8
j  org.gradle.internal.operations.DefaultBuildOperationRunner.execute(Lorg/gradle/internal/operations/BuildOperationDescriptor$Builder;Lorg/gradle/internal/operations/BuildOperationState;Lorg/gradle/internal/operations/DefaultBuildOperationRunner$BuildOperationExecution;)Ljava/lang/Object;+141
j  org.gradle.internal.operations.DefaultBuildOperationRunner.execute(Lorg/gradle/internal/operations/BuildOperation;Lorg/gradle/internal/operations/BuildOperationWorker;Lorg/gradle/internal/operations/BuildOperationState;)V+18
j  org.gradle.internal.operations.DefaultBuildOperationRunner.call(Lorg/gradle/internal/operations/CallableBuildOperation;)Ljava/lang/Object;+16
j  org.gradle.initialization.BuildOperationSettingsProcessor.process(Lorg/gradle/api/internal/GradleInternal;Lorg/gradle/initialization/SettingsLocation;Lorg/gradle/api/internal/initialization/ClassLoaderScope;Lorg/gradle/StartParameter;)Lorg/gradle/initialization/SettingsState;+17
j  org.gradle.initialization.DefaultSettingsLoader.findSettingsAndLoadIfAppropriate(Lorg/gradle/api/internal/GradleInternal;Lorg/gradle/StartParameter;Lorg/gradle/initialization/SettingsLocation;Lorg/gradle/api/internal/initialization/ClassLoaderScope;)Lorg/gradle/initialization/SettingsState;+9
j  org.gradle.initialization.DefaultSettingsLoader.findAndLoadSettings(Lorg/gradle/api/internal/GradleInternal;)Lorg/gradle/initialization/SettingsState;+103
j  org.gradle.initialization.SettingsAttachingSettingsLoader.findAndLoadSettings(Lorg/gradle/api/internal/GradleInternal;)Lorg/gradle/initialization/SettingsState;+5
j  org.gradle.internal.composite.CommandLineIncludedBuildSettingsLoader.findAndLoadSettings(Lorg/gradle/api/internal/GradleInternal;)Lorg/gradle/initialization/SettingsState;+5
j  org.gradle.internal.composite.ChildBuildRegisteringSettingsLoader.findAndLoadSettings(Lorg/gradle/api/internal/GradleInternal;)Lorg/gradle/initialization/SettingsState;+5
j  org.gradle.internal.composite.CompositeBuildSettingsLoader.findAndLoadSettings(Lorg/gradle/api/internal/GradleInternal;)Lorg/gradle/initialization/SettingsState;+5
j  org.gradle.initialization.InitScriptHandlingSettingsLoader.findAndLoadSettings(Lorg/gradle/api/internal/GradleInternal;)Lorg/gradle/initialization/SettingsState;+13
j  org.gradle.api.internal.initialization.CacheConfigurationsHandlingSettingsLoader.findAndLoadSettings(Lorg/gradle/api/internal/GradleInternal;)Lorg/gradle/initialization/SettingsState;+15
j  org.gradle.initialization.GradlePropertiesHandlingSettingsLoader.findAndLoadSettings(Lorg/gradle/api/internal/GradleInternal;)Lorg/gradle/initialization/SettingsState;+40
j  org.gradle.initialization.DefaultSettingsPreparer.prepareSettings(Lorg/gradle/api/internal/GradleInternal;)V+33
j  org.gradle.initialization.BuildOperationFiringSettingsPreparer$LoadBuild.doLoadBuild()V+11
j  org.gradle.initialization.BuildOperationFiringSettingsPreparer$LoadBuild.run(Lorg/gradle/internal/operations/BuildOperationContext;)V+1
j  org.gradle.internal.operations.DefaultBuildOperationRunner$1.execute(Lorg/gradle/internal/operations/RunnableBuildOperation;Lorg/gradle/internal/operations/BuildOperationContext;)V+2
j  org.gradle.internal.operations.DefaultBuildOperationRunner$1.execute(Lorg/gradle/internal/operations/BuildOperation;Lorg/gradle/internal/operations/BuildOperationContext;)V+6
j  org.gradle.internal.operations.DefaultBuildOperationRunner$2.execute(Lorg/gradle/internal/operations/BuildOperationDescriptor;Lorg/gradle/internal/operations/BuildOperationState;Lorg/gradle/internal/operations/BuildOperationState;Lorg/gradle/internal/operations/DefaultBuildOperationRunner$ReadableBuildOperationContext;Lorg/gradle/internal/operations/DefaultBuildOperationRunner$BuildOperationExecutionListener;)Lorg/gradle/internal/operations/BuildOperation;+22
j  org.gradle.internal.operations.DefaultBuildOperationRunner$2.execute(Lorg/gradle/internal/operations/BuildOperationDescriptor;Lorg/gradle/internal/operations/BuildOperationState;Lorg/gradle/internal/operations/BuildOperationState;Lorg/gradle/internal/operations/DefaultBuildOperationRunner$ReadableBuildOperationContext;Lorg/gradle/internal/operations/DefaultBuildOperationRunner$BuildOperationExecutionListener;)Ljava/lang/Object;+8
j  org.gradle.internal.operations.DefaultBuildOperationRunner.execute(Lorg/gradle/internal/operations/BuildOperationDescriptor$Builder;Lorg/gradle/internal/operations/BuildOperationState;Lorg/gradle/internal/operations/DefaultBuildOperationRunner$BuildOperationExecution;)Ljava/lang/Object;+141
j  org.gradle.internal.operations.DefaultBuildOperationRunner.execute(Lorg/gradle/internal/operations/BuildOperation;Lorg/gradle/internal/operations/BuildOperationWorker;Lorg/gradle/internal/operations/BuildOperationState;)V+18
j  org.gradle.internal.operations.DefaultBuildOperationRunner.run(Lorg/gradle/internal/operations/RunnableBuildOperation;)V+9
j  org.gradle.initialization.BuildOperationFiringSettingsPreparer.prepareSettings(Lorg/gradle/api/internal/GradleInternal;)V+31
j  org.gradle.initialization.VintageBuildModelController.lambda$prepareSettings$1()V+8
j  org.gradle.initialization.VintageBuildModelController$$Lambda+0x000001f7de47b328.run()V+4
j  org.gradle.internal.model.StateTransitionController.lambda$doTransition$14(Ljava/lang/Runnable;)Lorg/gradle/internal/build/ExecutionResult;+1
j  org.gradle.internal.model.StateTransitionController$$Lambda+0x000001f7de47b778.get()Ljava/lang/Object;+4
j  org.gradle.internal.model.StateTransitionController.doTransition(Lorg/gradle/internal/model/StateTransitionController$State;Lorg/gradle/internal/model/StateTransitionController$State;Ljava/util/function/Supplier;)Lorg/gradle/internal/build/ExecutionResult;+24
j  org.gradle.internal.model.StateTransitionController.doTransition(Lorg/gradle/internal/model/StateTransitionController$State;Lorg/gradle/internal/model/StateTransitionController$State;Ljava/lang/Runnable;)V+9
j  org.gradle.internal.model.StateTransitionController.lambda$transitionIfNotPreviously$11(Lorg/gradle/internal/model/StateTransitionController$State;Lorg/gradle/internal/model/StateTransitionController$State;Ljava/lang/Runnable;)V+16
j  org.gradle.internal.model.StateTransitionController$$Lambda+0x000001f7de47b550.run()V+16
j  org.gradle.internal.work.DefaultSynchronizer.withLock(Ljava/lang/Runnable;)V+6
j  org.gradle.internal.model.StateTransitionController.transitionIfNotPreviously(Lorg/gradle/internal/model/StateTransitionController$State;Lorg/gradle/internal/model/StateTransitionController$State;Ljava/lang/Runnable;)V+13
j  org.gradle.initialization.VintageBuildModelController.prepareSettings()V+16
j  org.gradle.initialization.VintageBuildModelController.getConfiguredModel()Lorg/gradle/api/internal/GradleInternal;+1
j  org.gradle.internal.build.DefaultBuildLifecycleController.lambda$withProjectsConfigured$1(Ljava/util/function/Function;)Ljava/lang/Object;+5
j  org.gradle.internal.build.DefaultBuildLifecycleController$$Lambda+0x000001f7de47aed8.get()Ljava/lang/Object;+8
j  org.gradle.internal.model.StateTransitionController.lambda$notInState$3(Lorg/gradle/internal/model/StateTransitionController$State;Ljava/util/function/Supplier;)Ljava/lang/Object;+11
j  org.gradle.internal.model.StateTransitionController$$Lambda+0x000001f7de47b100.create()Ljava/lang/Object;+12
j  org.gradle.internal.work.DefaultSynchronizer.withLock(Lorg/gradle/internal/Factory;)Ljava/lang/Object;+6
j  org.gradle.internal.model.StateTransitionController.notInState(Lorg/gradle/internal/model/StateTransitionController$State;Ljava/util/function/Supplier;)Ljava/lang/Object;+12
j  org.gradle.internal.build.DefaultBuildLifecycleController.withProjectsConfigured(Ljava/util/function/Function;)Ljava/lang/Object;+14
j  org.gradle.internal.build.DefaultBuildToolingModelController.locateBuilderForTarget(Ljava/lang/String;Z)Lorg/gradle/tooling/provider/model/internal/ToolingModelScope;+38
j  org.gradle.internal.buildtree.DefaultBuildTreeModelCreator$DefaultBuildTreeModelController.lambda$locateBuilderForBuildTarget$0(Ljava/lang/String;ZLorg/gradle/internal/build/BuildToolingModelController;)Lorg/gradle/tooling/provider/model/internal/ToolingModelScope;+3
j  org.gradle.internal.buildtree.DefaultBuildTreeModelCreator$DefaultBuildTreeModelController$$Lambda+0x000001f7de454a68.apply(Ljava/lang/Object;)Ljava/lang/Object;+12
j  org.gradle.internal.build.DefaultBuildLifecycleController.withToolingModels(Ljava/util/function/Function;)Ljava/lang/Object;+15
j  org.gradle.internal.build.AbstractBuildState.withToolingModels(Ljava/util/function/Function;)Ljava/lang/Object;+5
j  org.gradle.internal.buildtree.DefaultBuildTreeModelCreator$DefaultBuildTreeModelController.locateBuilderForBuildTarget(Lorg/gradle/internal/build/BuildState;Ljava/lang/String;Z)Lorg/gradle/tooling/provider/model/internal/ToolingModelScope;+8
j  org.gradle.internal.buildtree.DefaultBuildTreeModelCreator$DefaultBuildTreeModelController.locateBuilderForDefaultTarget(Ljava/lang/String;Z)Lorg/gradle/tooling/provider/model/internal/ToolingModelScope;+10
j  org.gradle.internal.buildtree.DefaultBuildTreeModelCreator$DefaultBuildTreeModelController.locateBuilderForTarget(Lorg/gradle/internal/buildtree/BuildTreeModelTarget;Ljava/lang/String;Z)Lorg/gradle/tooling/provider/model/internal/ToolingModelScope;+10
j  org.gradle.internal.buildtree.DefaultBuildTreeModelCreator$DefaultBuildTreeModelController.access$200(Lorg/gradle/internal/buildtree/DefaultBuildTreeModelCreator$DefaultBuildTreeModelController;Lorg/gradle/internal/buildtree/BuildTreeModelTarget;Ljava/lang/String;Z)Lorg/gradle/tooling/provider/model/internal/ToolingModelScope;+4
j  org.gradle.internal.buildtree.DefaultBuildTreeModelCreator$DefaultBuildTreeModelController$1.call(Lorg/gradle/internal/operations/BuildOperationContext;)Ljava/lang/Object;+24
j  org.gradle.internal.operations.DefaultBuildOperationRunner$CallableBuildOperationWorker.execute(Lorg/gradle/internal/operations/CallableBuildOperation;Lorg/gradle/internal/operations/BuildOperationContext;)V+3
j  org.gradle.internal.operations.DefaultBuildOperationRunner$CallableBuildOperationWorker.execute(Lorg/gradle/internal/operations/BuildOperation;Lorg/gradle/internal/operations/BuildOperationContext;)V+6
j  org.gradle.internal.operations.DefaultBuildOperationRunner$2.execute(Lorg/gradle/internal/operations/BuildOperationDescriptor;Lorg/gradle/internal/operations/BuildOperationState;Lorg/gradle/internal/operations/BuildOperationState;Lorg/gradle/internal/operations/DefaultBuildOperationRunner$ReadableBuildOperationContext;Lorg/gradle/internal/operations/DefaultBuildOperationRunner$BuildOperationExecutionListener;)Lorg/gradle/internal/operations/BuildOperation;+22
j  org.gradle.internal.operations.DefaultBuildOperationRunner$2.execute(Lorg/gradle/internal/operations/BuildOperationDescriptor;Lorg/gradle/internal/operations/BuildOperationState;Lorg/gradle/internal/operations/BuildOperationState;Lorg/gradle/internal/operations/DefaultBuildOperationRunner$ReadableBuildOperationContext;Lorg/gradle/internal/operations/DefaultBuildOperationRunner$BuildOperationExecutionListener;)Ljava/lang/Object;+8
j  org.gradle.internal.operations.DefaultBuildOperationRunner.execute(Lorg/gradle/internal/operations/BuildOperationDescriptor$Builder;Lorg/gradle/internal/operations/BuildOperationState;Lorg/gradle/internal/operations/DefaultBuildOperationRunner$BuildOperationExecution;)Ljava/lang/Object;+141
j  org.gradle.internal.operations.DefaultBuildOperationRunner.execute(Lorg/gradle/internal/operations/BuildOperation;Lorg/gradle/internal/operations/BuildOperationWorker;Lorg/gradle/internal/operations/BuildOperationState;)V+18
j  org.gradle.internal.operations.DefaultBuildOperationRunner.call(Lorg/gradle/internal/operations/CallableBuildOperation;)Ljava/lang/Object;+16
j  org.gradle.internal.buildtree.DefaultBuildTreeModelCreator$DefaultBuildTreeModelController.getModel(Lorg/gradle/internal/buildtree/BuildTreeModelTarget;Ljava/lang/String;Ljava/lang/Object;)Ljava/lang/Object;+18
j  org.gradle.tooling.internal.provider.runner.DefaultBuildController.getModel(Ljava/lang/Object;Lorg/gradle/tooling/internal/protocol/ModelIdentifier;Ljava/lang/Object;)Lorg/gradle/tooling/internal/protocol/BuildResult;+61
j  org.gradle.tooling.internal.consumer.connection.ParameterAwareBuildControllerAdapter.getModel(Ljava/lang/Object;Lorg/gradle/tooling/internal/protocol/ModelIdentifier;Ljava/lang/Object;)Lorg/gradle/tooling/internal/protocol/BuildResult;+7
j  org.gradle.tooling.internal.consumer.connection.UnparameterizedBuildController.getModel(Lorg/gradle/tooling/model/Model;Ljava/lang/Class;Ljava/lang/Class;Lorg/gradle/api/Action;)Ljava/lang/Object;+44
j  org.gradle.tooling.internal.consumer.connection.NestedActionAwareBuildControllerAdapter.getModel(Lorg/gradle/tooling/model/Model;Ljava/lang/Class;Ljava/lang/Class;Lorg/gradle/api/Action;)Ljava/lang/Object;+6
j  org.gradle.tooling.internal.consumer.connection.UnparameterizedBuildController.getModel(Lorg/gradle/tooling/model/Model;Ljava/lang/Class;)Ljava/lang/Object;+5
j  org.gradle.tooling.internal.consumer.connection.NestedActionAwareBuildControllerAdapter.getModel(Lorg/gradle/tooling/model/Model;Ljava/lang/Class;)Ljava/lang/Object;+3
j  org.gradle.tooling.internal.consumer.connection.UnparameterizedBuildController.getModel(Ljava/lang/Class;)Ljava/lang/Object;+3
j  org.gradle.tooling.internal.consumer.connection.NestedActionAwareBuildControllerAdapter.getModel(Ljava/lang/Class;)Ljava/lang/Object;+2
j  org.eclipse.buildship.core.internal.workspace.TellGradleToRunSynchronizationTasks.execute(Lorg/gradle/tooling/BuildController;)Ljava/lang/Void;+3
j  org.eclipse.buildship.core.internal.workspace.TellGradleToRunSynchronizationTasks.execute(Lorg/gradle/tooling/BuildController;)Ljava/lang/Object;+2
j  org.eclipse.buildship.core.internal.workspace.BuildActionSequence.execute(Lorg/gradle/tooling/BuildController;)Ljava/lang/Void;+26
j  org.eclipse.buildship.core.internal.workspace.BuildActionSequence.execute(Lorg/gradle/tooling/BuildController;)Ljava/lang/Object;+2
j  org.gradle.tooling.internal.consumer.connection.InternalBuildActionAdapter.execute(Lorg/gradle/tooling/internal/protocol/InternalBuildControllerVersion2;)Ljava/lang/Object;+11
j  org.gradle.tooling.internal.provider.runner.AbstractClientProvidedBuildActionRunner$ActionAdapter.executeAction(Ljava/lang/Object;Lorg/gradle/tooling/internal/provider/runner/DefaultBuildController;)Ljava/lang/Object;+12
j  org.gradle.tooling.internal.provider.runner.AbstractClientProvidedBuildActionRunner$ActionAdapter.runAction(Lorg/gradle/internal/buildtree/BuildTreeModelController;Ljava/lang/Object;Lorg/gradle/tooling/internal/protocol/PhasedActionResult$Phase;)V+29
j  org.gradle.tooling.internal.provider.runner.AbstractClientProvidedBuildActionRunner$ActionAdapter.beforeTasks(Lorg/gradle/internal/buildtree/BuildTreeModelController;)V+14
j  org.gradle.internal.buildtree.DefaultBuildTreeModelCreator.beforeTasks(Lorg/gradle/internal/buildtree/BuildTreeModelAction;)V+10
j  org.gradle.internal.buildtree.DefaultBuildTreeLifecycleController.lambda$fromBuildModel$2(Lorg/gradle/internal/buildtree/BuildTreeModelAction;Z)Lorg/gradle/internal/build/ExecutionResult;+5
j  org.gradle.internal.buildtree.DefaultBuildTreeLifecycleController$$Lambda+0x000001f7de44a190.get()Ljava/lang/Object;+12
j  org.gradle.internal.buildtree.DefaultBuildTreeLifecycleController.lambda$runBuild$4(Ljava/util/function/Supplier;)Ljava/lang/Object;+1
j  org.gradle.internal.buildtree.DefaultBuildTreeLifecycleController$$Lambda+0x000001f7de44a3b8.get()Ljava/lang/Object;+8
j  org.gradle.internal.model.StateTransitionController.lambda$transition$6(Ljava/util/function/Supplier;)Lorg/gradle/internal/build/ExecutionResult;+1
j  org.gradle.internal.model.StateTransitionController$$Lambda+0x000001f7de44a808.get()Ljava/lang/Object;+4
j  org.gradle.internal.model.StateTransitionController.doTransition(Lorg/gradle/internal/model/StateTransitionController$State;Lorg/gradle/internal/model/StateTransitionController$State;Ljava/util/function/Supplier;)Lorg/gradle/internal/build/ExecutionResult;+24
j  org.gradle.internal.model.StateTransitionController.lambda$transition$7(Lorg/gradle/internal/model/StateTransitionController$State;Lorg/gradle/internal/model/StateTransitionController$State;Ljava/util/function/Supplier;)Ljava/lang/Object;+9
j  org.gradle.internal.model.StateTransitionController$$Lambda+0x000001f7de44a5e0.create()Ljava/lang/Object;+16
j  org.gradle.internal.work.DefaultSynchronizer.withLock(Lorg/gradle/internal/Factory;)Ljava/lang/Object;+6
j  org.gradle.internal.model.StateTransitionController.transition(Lorg/gradle/internal/model/StateTransitionController$State;Lorg/gradle/internal/model/StateTransitionController$State;Ljava/util/function/Supplier;)Ljava/lang/Object;+13
j  org.gradle.internal.buildtree.DefaultBuildTreeLifecycleController.runBuild(Ljava/util/function/Supplier;)Ljava/lang/Object;+17
j  org.gradle.internal.buildtree.DefaultBuildTreeLifecycleController.fromBuildModel(ZLorg/gradle/internal/buildtree/BuildTreeModelAction;)Ljava/lang/Object;+9
j  org.gradle.tooling.internal.provider.runner.AbstractClientProvidedBuildActionRunner.runClientAction(Lorg/gradle/tooling/internal/provider/runner/AbstractClientProvidedBuildActionRunner$ClientAction;Lorg/gradle/internal/buildtree/BuildTreeLifecycleController;)Lorg/gradle/internal/buildtree/BuildActionRunner$Result;+22
j  org.gradle.tooling.internal.provider.runner.ClientProvidedPhasedActionRunner.run(Lorg/gradle/internal/invocation/BuildAction;Lorg/gradle/internal/buildtree/BuildTreeLifecycleController;)Lorg/gradle/internal/buildtree/BuildActionRunner$Result;+45
j  org.gradle.launcher.exec.ChainingBuildActionRunner.run(Lorg/gradle/internal/invocation/BuildAction;Lorg/gradle/internal/buildtree/BuildTreeLifecycleController;)Lorg/gradle/internal/buildtree/BuildActionRunner$Result;+34
j  org.gradle.internal.buildtree.ProblemReportingBuildActionRunner.run(Lorg/gradle/internal/invocation/BuildAction;Lorg/gradle/internal/buildtree/BuildTreeLifecycleController;)Lorg/gradle/internal/buildtree/BuildActionRunner$Result;+12
j  org.gradle.launcher.exec.BuildOutcomeReportingBuildActionRunner.run(Lorg/gradle/internal/invocation/BuildAction;Lorg/gradle/internal/buildtree/BuildTreeLifecycleController;)Lorg/gradle/internal/buildtree/BuildActionRunner$Result;+69
j  org.gradle.tooling.internal.provider.FileSystemWatchingBuildActionRunner.run(Lorg/gradle/internal/invocation/BuildAction;Lorg/gradle/internal/buildtree/BuildTreeLifecycleController;)Lorg/gradle/internal/buildtree/BuildActionRunner$Result;+317
j  org.gradle.launcher.exec.BuildCompletionNotifyingBuildActionRunner.run(Lorg/gradle/internal/invocation/BuildAction;Lorg/gradle/internal/buildtree/BuildTreeLifecycleController;)Lorg/gradle/internal/buildtree/BuildActionRunner$Result;+6
j  org.gradle.launcher.exec.RootBuildLifecycleBuildActionExecutor.lambda$execute$0(Lorg/gradle/internal/invocation/BuildAction;Lorg/gradle/internal/buildtree/BuildTreeLifecycleController;)Lorg/gradle/internal/buildtree/BuildActionRunner$Result;+6
j  org.gradle.launcher.exec.RootBuildLifecycleBuildActionExecutor$$Lambda+0x000001f7de41d560.apply(Ljava/lang/Object;)Ljava/lang/Object;+12
j  org.gradle.composite.internal.DefaultRootBuildState.run(Ljava/util/function/Function;)Ljava/lang/Object;+87
j  org.gradle.launcher.exec.RootBuildLifecycleBuildActionExecutor.execute(Lorg/gradle/internal/invocation/BuildAction;Lorg/gradle/internal/buildtree/BuildTreeContext;)Lorg/gradle/internal/buildtree/BuildActionRunner$Result;+75
j  org.gradle.internal.buildtree.InitDeprecationLoggingActionExecutor.execute(Lorg/gradle/internal/invocation/BuildAction;Lorg/gradle/internal/buildtree/BuildTreeContext;)Lorg/gradle/internal/buildtree/BuildActionRunner$Result;+83
j  org.gradle.internal.buildtree.InitProblems.execute(Lorg/gradle/internal/invocation/BuildAction;Lorg/gradle/internal/buildtree/BuildTreeContext;)Lorg/gradle/internal/buildtree/BuildActionRunner$Result;+13
j  org.gradle.internal.buildtree.DefaultBuildTreeContext.execute(Lorg/gradle/internal/invocation/BuildAction;)Lorg/gradle/internal/buildtree/BuildActionRunner$Result;+64
j  org.gradle.launcher.exec.BuildTreeLifecycleBuildActionExecutor.lambda$execute$0(Lorg/gradle/internal/invocation/BuildAction;Lorg/gradle/internal/buildtree/BuildTreeContext;)Lorg/gradle/internal/buildtree/BuildActionRunner$Result;+2
j  org.gradle.launcher.exec.BuildTreeLifecycleBuildActionExecutor$$Lambda+0x000001f7de30d500.apply(Ljava/lang/Object;)Ljava/lang/Object;+8
j  org.gradle.internal.buildtree.BuildTreeState.run(Ljava/util/function/Function;)Ljava/lang/Object;+47
j  org.gradle.launcher.exec.BuildTreeLifecycleBuildActionExecutor.execute(Lorg/gradle/internal/invocation/BuildAction;Lorg/gradle/internal/session/BuildSessionContext;)Lorg/gradle/internal/buildtree/BuildActionRunner$Result;+74
j  org.gradle.launcher.exec.RunAsBuildOperationBuildActionExecutor$2.call(Lorg/gradle/internal/operations/BuildOperationContext;)Lorg/gradle/internal/buildtree/BuildActionRunner$Result;+25
j  org.gradle.launcher.exec.RunAsBuildOperationBuildActionExecutor$2.call(Lorg/gradle/internal/operations/BuildOperationContext;)Ljava/lang/Object;+2
j  org.gradle.internal.operations.DefaultBuildOperationRunner$CallableBuildOperationWorker.execute(Lorg/gradle/internal/operations/CallableBuildOperation;Lorg/gradle/internal/operations/BuildOperationContext;)V+3
j  org.gradle.internal.operations.DefaultBuildOperationRunner$CallableBuildOperationWorker.execute(Lorg/gradle/internal/operations/BuildOperation;Lorg/gradle/internal/operations/BuildOperationContext;)V+6
j  org.gradle.internal.operations.DefaultBuildOperationRunner$2.execute(Lorg/gradle/internal/operations/BuildOperationDescriptor;Lorg/gradle/internal/operations/BuildOperationState;Lorg/gradle/internal/operations/BuildOperationState;Lorg/gradle/internal/operations/DefaultBuildOperationRunner$ReadableBuildOperationContext;Lorg/gradle/internal/operations/DefaultBuildOperationRunner$BuildOperationExecutionListener;)Lorg/gradle/internal/operations/BuildOperation;+22
j  org.gradle.internal.operations.DefaultBuildOperationRunner$2.execute(Lorg/gradle/internal/operations/BuildOperationDescriptor;Lorg/gradle/internal/operations/BuildOperationState;Lorg/gradle/internal/operations/BuildOperationState;Lorg/gradle/internal/operations/DefaultBuildOperationRunner$ReadableBuildOperationContext;Lorg/gradle/internal/operations/DefaultBuildOperationRunner$BuildOperationExecutionListener;)Ljava/lang/Object;+8
j  org.gradle.internal.operations.DefaultBuildOperationRunner.execute(Lorg/gradle/internal/operations/BuildOperationDescriptor$Builder;Lorg/gradle/internal/operations/BuildOperationState;Lorg/gradle/internal/operations/DefaultBuildOperationRunner$BuildOperationExecution;)Ljava/lang/Object;+141
j  org.gradle.internal.operations.DefaultBuildOperationRunner.execute(Lorg/gradle/internal/operations/BuildOperation;Lorg/gradle/internal/operations/BuildOperationWorker;Lorg/gradle/internal/operations/BuildOperationState;)V+18
j  org.gradle.internal.operations.DefaultBuildOperationRunner.call(Lorg/gradle/internal/operations/CallableBuildOperation;)Ljava/lang/Object;+16
j  org.gradle.launcher.exec.RunAsBuildOperationBuildActionExecutor.execute(Lorg/gradle/internal/invocation/BuildAction;Lorg/gradle/internal/session/BuildSessionContext;)Lorg/gradle/internal/buildtree/BuildActionRunner$Result;+23
j  org.gradle.launcher.exec.RunAsWorkerThreadBuildActionExecutor.lambda$execute$0(Lorg/gradle/internal/invocation/BuildAction;Lorg/gradle/internal/session/BuildSessionContext;)Lorg/gradle/internal/buildtree/BuildActionRunner$Result;+6
j  org.gradle.launcher.exec.RunAsWorkerThreadBuildActionExecutor$$Lambda+0x000001f7de2dd4d8.create()Ljava/lang/Object;+12
j  org.gradle.internal.work.DefaultWorkerLeaseService.withLocks(Ljava/util/Collection;Lorg/gradle/internal/Factory;)Ljava/lang/Object;+28
j  org.gradle.internal.work.DefaultWorkerLeaseService.runAsWorkerThread(Lorg/gradle/internal/Factory;)Ljava/lang/Object;+33
j  org.gradle.launcher.exec.RunAsWorkerThreadBuildActionExecutor.execute(Lorg/gradle/internal/invocation/BuildAction;Lorg/gradle/internal/session/BuildSessionContext;)Lorg/gradle/internal/buildtree/BuildActionRunner$Result;+12
j  org.gradle.tooling.internal.provider.continuous.ContinuousBuildActionExecutor.execute(Lorg/gradle/internal/invocation/BuildAction;Lorg/gradle/internal/session/BuildSessionContext;)Lorg/gradle/internal/buildtree/BuildActionRunner$Result;+58
j  org.gradle.tooling.internal.provider.SubscribableBuildActionExecutor.execute(Lorg/gradle/internal/invocation/BuildAction;Lorg/gradle/internal/session/BuildSessionContext;)Lorg/gradle/internal/buildtree/BuildActionRunner$Result;+30
j  org.gradle.internal.session.DefaultBuildSessionContext.execute(Lorg/gradle/internal/invocation/BuildAction;)Lorg/gradle/internal/buildtree/BuildActionRunner$Result;+64
j  org.gradle.internal.buildprocess.execution.BuildSessionLifecycleBuildActionExecutor$ActionImpl.apply(Lorg/gradle/internal/session/BuildSessionContext;)Lorg/gradle/launcher/exec/BuildActionResult;+6
j  org.gradle.internal.buildprocess.execution.BuildSessionLifecycleBuildActionExecutor$ActionImpl.apply(Ljava/lang/Object;)Ljava/lang/Object;+5
j  org.gradle.internal.session.BuildSessionState.run(Ljava/util/function/Function;)Ljava/lang/Object;+5
j  org.gradle.internal.buildprocess.execution.BuildSessionLifecycleBuildActionExecutor.execute(Lorg/gradle/internal/invocation/BuildAction;Lorg/gradle/launcher/exec/BuildActionParameters;Lorg/gradle/initialization/BuildRequestContext;)Lorg/gradle/launcher/exec/BuildActionResult;+95
j  org.gradle.internal.buildprocess.execution.BuildSessionLifecycleBuildActionExecutor.execute(Lorg/gradle/internal/invocation/BuildAction;Ljava/lang/Object;Ljava/lang/Object;)Lorg/gradle/launcher/exec/BuildActionResult;+10
j  org.gradle.internal.buildprocess.execution.StartParamsValidatingActionExecutor.execute(Lorg/gradle/internal/invocation/BuildAction;Lorg/gradle/launcher/exec/BuildActionParameters;Lorg/gradle/initialization/BuildRequestContext;)Lorg/gradle/launcher/exec/BuildActionResult;+203
j  org.gradle.internal.buildprocess.execution.StartParamsValidatingActionExecutor.execute(Lorg/gradle/internal/invocation/BuildAction;Ljava/lang/Object;Ljava/lang/Object;)Lorg/gradle/launcher/exec/BuildActionResult;+10
j  org.gradle.internal.buildprocess.execution.SessionFailureReportingActionExecutor.execute(Lorg/gradle/internal/invocation/BuildAction;Lorg/gradle/launcher/exec/BuildActionParameters;Lorg/gradle/initialization/BuildRequestContext;)Lorg/gradle/launcher/exec/BuildActionResult;+7
j  org.gradle.internal.buildprocess.execution.SessionFailureReportingActionExecutor.execute(Lorg/gradle/internal/invocation/BuildAction;Ljava/lang/Object;Ljava/lang/Object;)Lorg/gradle/launcher/exec/BuildActionResult;+10
j  org.gradle.internal.buildprocess.execution.SetupLoggingActionExecutor.execute(Lorg/gradle/internal/invocation/BuildAction;Lorg/gradle/launcher/exec/BuildActionParameters;Lorg/gradle/initialization/BuildRequestContext;)Lorg/gradle/launcher/exec/BuildActionResult;+50
j  org.gradle.internal.buildprocess.execution.SetupLoggingActionExecutor.execute(Lorg/gradle/internal/invocation/BuildAction;Ljava/lang/Object;Ljava/lang/Object;)Lorg/gradle/launcher/exec/BuildActionResult;+10
j  org.gradle.launcher.daemon.server.exec.ExecuteBuild.doBuild(Lorg/gradle/launcher/daemon/server/api/DaemonCommandExecution;Lorg/gradle/launcher/daemon/protocol/Build;)V+147
j  org.gradle.launcher.daemon.server.exec.BuildCommandOnly.execute(Lorg/gradle/launcher/daemon/server/api/DaemonCommandExecution;)V+49
j  org.gradle.launcher.daemon.server.api.DaemonCommandExecution.proceed()Z+23
j  org.gradle.launcher.daemon.server.exec.WatchForDisconnection.execute(Lorg/gradle/launcher/daemon/server/api/DaemonCommandExecution;)V+19
j  org.gradle.launcher.daemon.server.api.DaemonCommandExecution.proceed()Z+23
j  org.gradle.launcher.daemon.server.exec.ResetDeprecationLogger.execute(Lorg/gradle/launcher/daemon/server/api/DaemonCommandExecution;)V+7
j  org.gradle.launcher.daemon.server.api.DaemonCommandExecution.proceed()Z+23
j  org.gradle.launcher.daemon.server.exec.RequestStopIfSingleUsedDaemon.execute(Lorg/gradle/launcher/daemon/server/api/DaemonCommandExecution;)V+33
j  org.gradle.launcher.daemon.server.api.DaemonCommandExecution.proceed()Z+23
j  org.gradle.launcher.daemon.server.exec.ForwardClientInput.lambda$execute$0(Lorg/gradle/launcher/daemon/server/api/DaemonCommandExecution;Lorg/gradle/internal/daemon/clientinput/StdinHandler;)Ljava/lang/Object;+11
j  org.gradle.launcher.daemon.server.exec.ForwardClientInput$$Lambda+0x000001f7de192bb0.apply(Ljava/lang/Object;)Ljava/lang/Object;+8
j  org.gradle.internal.daemon.clientinput.ClientInputForwarder.forwardInput(Ljava/util/function/Function;)Ljava/lang/Object;+46
j  org.gradle.launcher.daemon.server.exec.ForwardClientInput.execute(Lorg/gradle/launcher/daemon/server/api/DaemonCommandExecution;)V+10
j  org.gradle.launcher.daemon.server.api.DaemonCommandExecution.proceed()Z+23
j  org.gradle.launcher.daemon.server.exec.LogAndCheckHealth.execute(Lorg/gradle/launcher/daemon/server/api/DaemonCommandExecution;)V+51
j  org.gradle.launcher.daemon.server.api.DaemonCommandExecution.proceed()Z+23
j  org.gradle.launcher.daemon.server.exec.LogToClient.doBuild(Lorg/gradle/launcher/daemon/server/api/DaemonCommandExecution;Lorg/gradle/launcher/daemon/protocol/Build;)V+87
j  org.gradle.launcher.daemon.server.exec.BuildCommandOnly.execute(Lorg/gradle/launcher/daemon/server/api/DaemonCommandExecution;)V+49
j  org.gradle.launcher.daemon.server.api.DaemonCommandExecution.proceed()Z+23
j  org.gradle.launcher.daemon.server.exec.EstablishBuildEnvironment.doBuild(Lorg/gradle/launcher/daemon/server/api/DaemonCommandExecution;Lorg/gradle/launcher/daemon/protocol/Build;)V+356
j  org.gradle.launcher.daemon.server.exec.BuildCommandOnly.execute(Lorg/gradle/launcher/daemon/server/api/DaemonCommandExecution;)V+49
j  org.gradle.launcher.daemon.server.api.DaemonCommandExecution.proceed()Z+23
j  org.gradle.launcher.daemon.server.exec.StartBuildOrRespondWithBusy$1.run()V+44
j  org.gradle.launcher.daemon.server.DaemonStateCoordinator.lambda$runCommand$0(Ljava/lang/Runnable;)V+1
j  org.gradle.launcher.daemon.server.DaemonStateCoordinator$$Lambda+0x000001f7de1973f8.run()V+8
j  org.gradle.internal.concurrent.ExecutorPolicy$CatchAndRecordFailures.onExecute(Ljava/lang/Runnable;)V+1
j  org.gradle.internal.concurrent.AbstractManagedExecutor$1.run()V+25
j  java.util.concurrent.ThreadPoolExecutor.runWorker(Ljava/util/concurrent/ThreadPoolExecutor$Worker;)V+92 java.base@23.0.1
j  java.util.concurrent.ThreadPoolExecutor$Worker.run()V+5 java.base@23.0.1
j  java.lang.Thread.runWith(Ljava/lang/Object;Ljava/lang/Runnable;)V+5 java.base@23.0.1
j  java.lang.Thread.run()V+19 java.base@23.0.1
v  ~StubRoutines::call_stub 0x000001f7bf820fcd
Lock stack of current Java thread (top to bottom):
LockStack[0]: java.lang.Object 
{0x000000060617c718} - klass: 'java/lang/Object'
 - ---- fields (total size 2 words):


Compiled method (n/a) 33933  832     n 0       java.lang.ClassLoader::defineClass1 (native)
 total in heap  [0x000001f7bfdf8608,0x000001f7bfdf8bc0] = 1464
 relocation     [0x000001f7bfdf86e0,0x000001f7bfdf8718] = 56
 main code      [0x000001f7bfdf8720,0x000001f7bfdf8bbf] = 1183
 stub code      [0x000001f7bfdf8bbf,0x000001f7bfdf8bc0] = 1

[Constant Pool (empty)]

[MachCode]
[Entry Point]
  # {method} {0x000001f7dd478b70} 'defineClass1' '(Ljava/lang/ClassLoader;Ljava/lang/String;[BIILjava/security/ProtectionDomain;Ljava/lang/String;)Ljava/lang/Class;' in 'java/lang/ClassLoader'
  # parm0:    rdx:rdx   = 'java/lang/ClassLoader'
  # parm1:    r8:r8     = 'java/lang/String'
  # parm2:    r9:r9     = '[B'
  # parm3:    rdi       = int
  # parm4:    rsi       = int
  # parm5:    rcx:rcx   = 'java/security/ProtectionDomain'
  # parm6:    [sp+0xa0]   = 'java/lang/String'  (sp of caller)
  0x000001f7bfdf8720: 6690 448b | 5208 443b 

  0x000001f7bfdf8728: ;   {runtime_call ic_miss_stub}
  0x000001f7bfdf8728: 5008 0f85 | b05d a7ff 
[Verified Entry Point]
  0x000001f7bfdf8730: 8984 2400 | 80ff ff55 | 488b ec48 | 81ec 9000 | 0000 6690 | 4181 7f20 | 0900 0000 

  0x000001f7bfdf874c: ;   {runtime_call StubRoutines (final stubs)}
  0x000001f7bfdf874c: 7405 e8ed | efa5 ff48 | 837d 1000 | 488d 4510 | 480f 4445 | 1048 8944 | 2440 4889 | 4c24 7048 
  0x000001f7bfdf876c: 83f9 0048 | 8d44 2470 | 480f 4444 | 2470 4889 | 4424 3848 | 8974 2430 | 4889 7c24 | 284c 894c 
  0x000001f7bfdf878c: 2458 4983 | f900 488d | 4424 5848 | 0f44 4424 | 5848 8944 | 2420 4c89 | 4424 5049 | 83f8 004c 
  0x000001f7bfdf87ac: 8d4c 2450 | 4c0f 444c | 2450 4889 | 5424 4848 | 83fa 004c | 8d44 2448 | 4c0f 4444 

  0x000001f7bfdf87c8: ;   {oop(a 'java/lang/Class'{0x0000000600560110} = 'java/lang/ClassLoader')}
  0x000001f7bfdf87c8: 2448 49be | 1001 5600 | 0600 0000 | 4c89 7424 | 784c 8d74 | 2478 498b | d6c5 f877 

  0x000001f7bfdf87e4: ;   {internal_word}
  0x000001f7bfdf87e4: 49ba e187 | dfbf f701 | 0000 4d89 | 97a8 0300 | 0049 89a7 | a003 0000 

  0x000001f7bfdf87fc: ;   {external_word}
  0x000001f7bfdf87fc: 49ba 41ad | cea7 fd7f | 0000 4180 | 3a00 0f84 | 4e00 0000 | 5241 5041 

  0x000001f7bfdf8814: ;   {metadata({method} {0x000001f7dd478b70} 'defineClass1' '(Ljava/lang/ClassLoader;Ljava/lang/String;[BIILjava/security/ProtectionDomain;Ljava/lang/String;)Ljava/lang/Class;' in 'java/lang/ClassLoader')}
  0x000001f7bfdf8814: 5148 ba68 | 8b47 ddf7 | 0100 0049 | 8bcf 4883 | ec20 40f6 | c40f 0f84 | 1900 0000 | 4883 ec08 
  0x000001f7bfdf8834: ;   {runtime_call}
  0x000001f7bfdf8834: 48b8 10ee | 7ea7 fd7f | 0000 ffd0 | 4883 c408 | e90c 0000 

  0x000001f7bfdf8848: ;   {runtime_call}
  0x000001f7bfdf8848: 0048 b810 | ee7e a7fd | 7f00 00ff | d048 83c4 | 2041 5941 | 585a 498d | 8fc0 0300 | 0041 c787 
  0x000001f7bfdf8868: 4404 0000 | 0400 0000 

  0x000001f7bfdf8870: ;   {runtime_call}
  0x000001f7bfdf8870: 48b8 9416 | 81fa fd7f | 0000 ffd0 | c5f8 7741 | c787 4404 | 0000 0500 | 0000 f083 | 4424 c000 
  0x000001f7bfdf8890: 493b af48 | 0400 000f | 870e 0000 | 0041 83bf | 4004 0000 | 000f 842b | 0000 00c5 | f877 4889 
  0x000001f7bfdf88b0: 45f8 498b | cf4c 8be4 | 4883 ec20 | 4883 e4f0 

  0x000001f7bfdf88c0: ;   {runtime_call}
  0x000001f7bfdf88c0: 48b8 90a9 | 48a7 fd7f | 0000 ffd0 | 498b e44d | 33e4 488b | 45f8 41c7 | 8744 0400 | 0008 0000 
  0x000001f7bfdf88e0: 0041 83bf | c804 0000 | 020f 84a3 

  0x000001f7bfdf88ec: ;   {external_word}
  0x000001f7bfdf88ec: 0200 0049 | ba41 adce | a7fd 7f00 | 0041 803a | 000f 844c | 0000 0048 

  0x000001f7bfdf8904: ;   {metadata({method} {0x000001f7dd478b70} 'defineClass1' '(Ljava/lang/ClassLoader;Ljava/lang/String;[BIILjava/security/ProtectionDomain;Ljava/lang/String;)Ljava/lang/Class;' in 'java/lang/ClassLoader')}
  0x000001f7bfdf8904: 8945 f848 | ba68 8b47 | ddf7 0100 | 0049 8bcf | 4883 ec20 | 40f6 c40f | 0f84 1900 | 0000 4883 
  0x000001f7bfdf8924: ;   {runtime_call}
  0x000001f7bfdf8924: ec08 48b8 | 10ee 7ea7 | fd7f 0000 | ffd0 4883 | c408 e90c 

  0x000001f7bfdf8938: ;   {runtime_call}
  0x000001f7bfdf8938: 0000 0048 | b810 ee7e | a7fd 7f00 | 00ff d048 | 83c4 2048 | 8b45 f849 | c787 a003 | 0000 0000 
  0x000001f7bfdf8958: 0000 49c7 | 87a8 0300 | 0000 0000 | 00c5 f877 | 4885 c00f | 84fe 0100 | 00a8 030f | 8508 0000 
  0x000001f7bfdf8978: 0048 8b00 | e9ee 0100 | 00a8 010f | 8509 0000 | 0048 8b40 | fee9 dd01 | 0000 488b | 40ff 4180 
  0x000001f7bfdf8998: 7f38 000f | 84ce 0100 | 0048 83f8 | 000f 84c4 | 0100 0049 | 8b4f 2848 | 83f9 000f | 8414 0000 
  0x000001f7bfdf89b8: 0048 83e9 | 0849 894f | 2849 034f | 3048 8901 | e9a2 0100 | 0048 81ec | d000 0000 | 4889 0424 
  0x000001f7bfdf89d8: 4889 4c24 | 0848 8954 | 2410 4889 | 7424 1848 | 897c 2420 | 4c89 4424 | 284c 894c | 2430 4c89 
  0x000001f7bfdf89f8: 5424 384c | 895c 2440 | c5fb 1144 | 2450 c5fb | 114c 2458 | c5fb 1154 | 2460 c5fb | 115c 2468 
  0x000001f7bfdf8a18: c5fb 1164 | 2470 c5fb | 116c 2478 | c5fb 11b4 | 2480 0000 | 00c5 fb11 | bc24 8800 | 0000 c57b 
  0x000001f7bfdf8a38: ;   {no_reloc}
  0x000001f7bfdf8a38: 1184 2490 | 0000 00c5 | 7b11 8c24 | 9800 0000 | c57b 1194 | 24a0 0000 | 00c5 7b11 | 9c24 a800 
  0x000001f7bfdf8a58: 0000 c57b | 11a4 24b0 | 0000 00c5 | 7b11 ac24 | b800 0000 | c57b 11b4 | 24c0 0000 | 00c5 7b11 
  0x000001f7bfdf8a78: bc24 c800 | 0000 498b | d748 8bc8 | 4883 ec20 | 40f6 c40f | 0f84 1900 | 0000 4883 

  0x000001f7bfdf8a94: ;   {runtime_call}
  0x000001f7bfdf8a94: ec08 48b8 | e007 3ca7 | fd7f 0000 | ffd0 4883 | c408 e90c 

  0x000001f7bfdf8aa8: ;   {runtime_call}
  0x000001f7bfdf8aa8: 0000 0048 | b8e0 073c | a7fd 7f00 | 00ff d048 | 83c4 20c5 | 7b10 bc24 | c800 0000 | c57b 10b4 
  0x000001f7bfdf8ac8: 24c0 0000 | 00c5 7b10 | ac24 b800 | 0000 c57b | 10a4 24b0 | 0000 00c5 | 7b10 9c24 | a800 0000 
  0x000001f7bfdf8ae8: c57b 1094 | 24a0 0000 | 00c5 7b10 | 8c24 9800 | 0000 c57b | 1084 2490 | 0000 00c5 | fb10 bc24 
  0x000001f7bfdf8b08: 8800 0000 | c5fb 10b4 | 2480 0000 | 00c5 fb10 | 6c24 78c5 | fb10 6424 | 70c5 fb10 | 5c24 68c5 
  0x000001f7bfdf8b28: fb10 5424 | 60c5 fb10 | 4c24 58c5 | fb10 4424 | 504c 8b5c | 2440 4c8b | 5424 384c | 8b4c 2430 
  0x000001f7bfdf8b48: 4c8b 4424 | 2848 8b7c | 2420 488b | 7424 1848 | 8b54 2410 | 488b 4c24 | 0848 8b04 | 2448 81c4 
  0x000001f7bfdf8b68: d000 0000 | c5f8 7749 | 8b8f 3004 | 0000 c781 | 0001 0000 | 0000 0000 | c949 837f | 0800 0f85 
  0x000001f7bfdf8b88: 0100 0000 

  0x000001f7bfdf8b8c: ;   {runtime_call StubRoutines (initial stubs)}
  0x000001f7bfdf8b8c: c3e9 2e83 | a2ff c5f8 | 7748 8945 | f84c 8be4 | 4883 ec20 | 4883 e4f0 

  0x000001f7bfdf8ba4: ;   {runtime_call}
  0x000001f7bfdf8ba4: 48b8 c022 | 7fa7 fd7f | 0000 ffd0 | 498b e44d | 33e4 488b | 45f8 e930 | fdff fff4 
[/MachCode]


Compiled method (c2) 33975 4731       4       java.security.SecureClassLoader::defineClass (16 bytes)
 total in heap  [0x000001f7bffaea88,0x000001f7bffb4ca0] = 25112
 relocation     [0x000001f7bffaeb60,0x000001f7bffaf108] = 1448
 main code      [0x000001f7bffaf120,0x000001f7bffb4740] = 22048
 stub code      [0x000001f7bffb4740,0x000001f7bffb48f8] = 440
 oops           [0x000001f7bffb48f8,0x000001f7bffb4920] = 40
 metadata       [0x000001f7bffb4920,0x000001f7bffb4ca0] = 896
 immutable data [0x000001f824d497c0,0x000001f824d4c788] = 12232
 dependencies   [0x000001f824d497c0,0x000001f824d498a0] = 224
 nul chk table  [0x000001f824d498a0,0x000001f824d499f8] = 344
 handler table  [0x000001f824d499f8,0x000001f824d49fe0] = 1512
 scopes pcs     [0x000001f824d49fe0,0x000001f824d4abb0] = 3024
 scopes data    [0x000001f824d4abb0,0x000001f824d4c788] = 7128

[Constant Pool (empty)]

[MachCode]
[Instructions begin]
  0x000001f7bffaf120: 6690 448b | 5208 443b 

  0x000001f7bffaf128: ;   {runtime_call ic_miss_stub}
  0x000001f7bffaf128: 5008 0f85 | b0f3 8bff 
[Verified Entry Point]
  0x000001f7bffaf130: 8984 2400 | 80ff ff55 | 4881 ecb0 | 0000 0090 | 4181 7f20 | 0900 0000 | 0f85 e155 | 0000 8974 
  0x000001f7bffaf150: 2444 897c | 2440 4c89 | 4c24 384c | 8944 2430 | 4889 5424 | 2848 8be9 | 4885 c90f | 845f 3e00 
  0x000001f7bffaf170: 004d 8b87 | b801 0000 | 4d8b d049 | 83c2 1090 | 4d3b 97c8 | 0100 000f | 835d 3100 | 004d 8997 
  0x000001f7bffaf190: b801 0000 | 410f 0d8a | c000 0000 | 49c7 0001 

  0x000001f7bffaf1a0: ;   {metadata('java/security/SecureClassLoader$CodeSourceKey')}
  0x000001f7bffaf1a0: 0000 0041 | c740 08e0 | 4723 004c | 8bd5 49c1 | ea03 4589 | 500c 4d8b | 8fb8 0100 | 004c 8b54 
  0x000001f7bffaf1c0: 2428 418b | 6a50 4d8b | d149 83c2 | 104d 3b97 | c801 0000 | 0f83 3231 | 0000 4d89 | 97b8 0100 
  0x000001f7bffaf1e0: 0041 0f0d | 8ac0 0000 | 0049 c701 | 0100 0000 

  0x000001f7bffaf1f0: ;   {metadata('java/security/SecureClassLoader$1')}
  0x000001f7bffaf1f0: 41c7 4108 | 304c 2300 | 4c8b 5424 | 2849 c1ea | 0345 8951 | 0c45 8b54 

  0x000001f7bffaf208: ;   {metadata('java/util/concurrent/ConcurrentHashMap')}
  0x000001f7bffaf208: ec08 4181 | fa48 bc1a | 000f 85c9 | 3700 0049 | 8d14 ec90 

  0x000001f7bffaf21c: ;   {optimized virtual_call}
  0x000001f7bffaf21c: c5f8 77e8 

  0x000001f7bffaf220: ; ImmutableOopMap {[40]=Oop [48]=Oop [56]=Oop }
                      ;*invokeinterface computeIfAbsent {reexecute=0 rethrow=0 return_oop=1}
                      ; - java.security.SecureClassLoader::getProtectionDomain@28 (line 222)
                      ; - java.security.SecureClassLoader::defineClass@9 (line 150)
  0x000001f7bffaf220: 3c92 5cf0 

  0x000001f7bffaf224: ;   {other}
  0x000001f7bffaf224: 0f1f 8400 | 9c07 0000 

  0x000001f7bffaf22c: ; implicit exception: dispatches to 0x000001f7bffb3fa4
  0x000001f7bffaf22c: 448b 5808 

  0x000001f7bffaf230: ;   {metadata('java/security/ProtectionDomain')}
  0x000001f7bffaf230: 4181 fb08 | 7d16 000f | 858b 4c00 | 0048 8944 | 2448 4c8b | 5424 3045 | 8b52 1447 | 8b5c d40c 
  0x000001f7bffaf250: 4585 db0f | 86db 3700 | 004c 8b44 | 2430 450f | be40 1045 | 85c0 0f85 | 883b 0000 | 4f8d 0cd4 
  0x000001f7bffaf270: 4f8d 74d4 | 10b8 2f00 | 0000 498b | fe41 8bd3 | 488b df83 | fa10 0f8c | 7900 0000 | 83fa 200f 
  0x000001f7bffaf290: 8c36 0000 | 00c5 f96e | c0c4 e27d | 78c0 c5f5 | efc9 8bca | 83e1 e083 | e21f c5fe | 6f13 c5ed 
  0x000001f7bffaf2b0: 74d0 c4e2 | 7d17 ca0f | 8369 0000 | 0048 83c3 | 2083 e920 | 75e4 e90d | 0000 00c5 | f96e c0c5 
  0x000001f7bffaf2d0: f1ef c9c4 | e279 00c1 | 83fa 100f | 8c24 0000 | 008b ca83 | e1f0 83e2 | 0fc5 fa6f | 13c5 e974 
  0x000001f7bffaf2f0: d0c4 e279 | 17ca 0f83 | 2a00 0000 | 4883 c310 | 83e9 1075 | e485 d20f | 8412 0000 | 000f b60b 
  0x000001f7bffaf310: 3bc1 741c | 4883 c301 | 83ea 0174 | 02eb eebb | ffff ffff | eb0d c5fd | d7ca 0fbc 

  0x000001f7bffaf32c: ;   {no_reloc}
  0x000001f7bffaf32c: c148 03d8 | 482b df83 | fbff 0f85 | d83a 0000 | 410f b62e | 83fd 5b0f | 84bb 3c00 | 00c4 c23a 
  0x000001f7bffaf34c: f7cb 448d | 41fb 4585 | c07c 1241 | 0fbe 1e0f | 1f44 0000 | 83fb 6a0f | 845e 1400 | 0048 8b5c 
  0x000001f7bffaf36c: 2428 4c8b | 4424 4845 | 8b68 1044 | 8bc1 41ff | c841 8bfb | ffcf 443b | c744 0f4f | c745 85c0 
  0x000001f7bffaf38c: 0f8c f400 | 0000 453b | c30f 83a9 | 3500 0041 | 8bd0 ffca | 430f be7c | 0110 83ff | 2e0f 84ee 
  0x000001f7bffaf3ac: 0000 0041 | 8bf0 ffce | 3bf2 7e05 | 448b c6eb | e366 6690 | 83fe 020f | 8e43 3800 | 0041 ffc8 
  0x000001f7bffaf3cc: 418d 50fe | 33ff 4183 | f802 0f4c | d781 faa0 | 0f00 00bf | a00f 0000 | 0f47 d741 | 8bf8 2bfa 
  0x000001f7bffaf3ec: 0f1f 4000 | 4963 c041 | 0fbe 7401 | 100f 1f80 | 0000 0000 | 83fe 2e0f | 8494 0000 | 0041 0fbe 
  0x000001f7bffaf40c: 5401 0f83 | fa2e 0f84 | 7600 0000 | 410f be74 | 010e 6690 | 83fe 2e0f | 846a 0000 | 0041 0fbe 
  0x000001f7bffaf42c: ;   {no_reloc}
  0x000001f7bffaf42c: 7401 0d83 | fe2e 0f84 | 6100 0000 | 4183 c0fc | 0f1f 4000 | 443b c77f | ab49 8b87 | 5004 0000 
  0x000001f7bffaf44c: 488b 7c24 | 2848 8b54 | 2430 488b 

  0x000001f7bffaf458: ; ImmutableOopMap {r10=NarrowOop r9=Oop r14=Derived_oop_r9 rbx=Oop rdi=Oop rdx=Oop rsi=Oop r13=NarrowOop [40]=Oop [48]=Oop [56]=Oop [72]=Oop }
                      ;*goto {reexecute=1 rethrow=0 return_oop=0}
                      ; - (reexecute) java.lang.StringLatin1::lastIndexOf@35 (line 395)
                      ; - java.lang.String::lastIndexOf@13 (line 2664)
                      ; - java.lang.String::lastIndexOf@8 (line 2626)
                      ; - java.lang.ClassLoader::checkCerts@3 (line 1161)
                      ; - java.lang.ClassLoader::preDefineClass@113 (line 918)
                      ; - java.lang.ClassLoader::defineClass@4 (line 1024)
                      ; - java.security.SecureClassLoader::defineClass@12 (line 150)
                      ;   {poll}
  0x000001f7bffaf458: 7424 4885 | 0066 6690 | 4183 f802 | 0f8f 62ff | ffff 4183 | f8ff 7e16 | 430f be54 | 0110 83fa 
  0x000001f7bffaf478: 2e74 2241 | ffc8 6690 | 4183 f8ff | 7fea 41b8 | ffff ffff | eb0f 41ff | c8eb 0a41 | 83c0 feeb 
  0x000001f7bffaf498: 0441 83c0 | fd66 6690 | 4183 f8ff | 0f84 a227 | 0000 8bf9 | ffc7 443b | c70f 83c1 | 3e00 0066 
  0x000001f7bffaf4b8: 0f1f 8400 | 0000 0000 | 443b c10f | 847c 1500 | 0045 85c0 | 0f84 f72f | 0000 498b | b7b8 0100 
  0x000001f7bffaf4d8: 0048 8bce | 4883 c118 | 493b 8fc8 | 0100 000f | 83ff 2e00 | 0049 898f | b801 0000 | 0f0d 89c0 
  0x000001f7bffaf4f8: 0000 0048 | c706 0100 

  0x000001f7bffaf500: ;   {metadata('java/lang/String')}
  0x000001f7bffaf500: 0000 c746 | 08d8 0d17 | 0044 8966 | 0c4c 8966 | 1045 3bc3 | 0f85 cb00 | 0000 4d63 | c366 6690 
  0x000001f7bffaf520: 4181 fb00 | 0010 000f | 871c 3300 | 0049 8bbf | b801 0000 | 498d 4817 | 4883 e1f8 | 488b d748 
  0x000001f7bffaf540: 03d1 493b | 97c8 0100 | 000f 83fa | 3200 0049 | 8997 b801 | 0000 0f0d | 8ac0 0000 | 0048 c707 
  0x000001f7bffaf560: 0100 0000 | 0f0d 8a00 

  0x000001f7bffaf568: ;   {metadata({type array byte})}
  0x000001f7bffaf568: 0100 00c7 | 4708 185d | 1600 4489 | 5f0c 0f0d | 8a40 0100 | 000f 0d8a | 8001 0000 | 4c89 7424 
  0x000001f7bffaf588: 5848 895c | 2460 4489 | 6c24 2448 | 8974 2468 | 4c89 4424 | 7048 8bd7 | 4883 c210 | 4c8b 4424 
  0x000001f7bffaf5a8: 7049 83c0 | 0749 c1e8 | 0348 8b4c | 2458 c5f8 | 7749 ba20 | 5c85 bff7 | 0100 0041 

  0x000001f7bffaf5c4: ;   {other}
  0x000001f7bffaf5c4: ffd2 0f1f | 8400 0000 | 0000 488b | 5c24 6044 | 8b6c 2424 | 488b 7424 | 684c 8bdf | e9e6 0000 
  0x000001f7bffaf5e4: 0045 3bd8 | 418b eb41 | 0f4f e844 | 3bdd 0f82 | 4d37 0000 | 0f1f 8400 | 0000 0000 | 443b c50f 
  0x000001f7bffaf604: 823c 3700 | 0045 8bd8 | 4d63 d349 | 83c2 1749 | 8bca 4883 | e1f8 660f | 1f44 0000 | 4181 f800 
  0x000001f7bffaf624: 0010 000f | 87d8 2f00 | 004d 8b9f | b801 0000 | 498b fb48 | 03f9 660f | 1f44 0000 | 493b bfc8 
  0x000001f7bffaf644: 0100 000f | 83b8 2f00 | 0049 89bf | b801 0000 | 0f0d 8fc0 | 0000 0049 | c703 0100 | 0000 0f0d 
  0x000001f7bffaf664: 8f00 0100 

  0x000001f7bffaf668: ;   {metadata({type array byte})}
  0x000001f7bffaf668: 0041 c743 | 0818 5d16 | 0045 8943 | 0c0f 0d8f | 4001 0000 | 0f0d 8f80 | 0100 0049 | 8bd3 4883 
  0x000001f7bffaf688: c210 49c1 | ea03 85ed | 0f84 4236 | 0000 413b | e80f 8c86 | 1f00 0049 | 8bfb 4883 | c1f0 48c1 
  0x000001f7bffaf6a8: e903 4c8b | c149 8bce | c5f8 7749 | ba20 5c85 | bff7 0100 | 0041 ffd2 

  0x000001f7bffaf6c0: ;   {other}
  0x000001f7bffaf6c0: 0f1f 8400 | 0000 0000 | 4c8b df41 | 807f 3800 | 0f85 211e | 0000 4c8b | d64d 8bcb | 49c1 e903 
  0x000001f7bffaf6e0: 4489 4e14 | 4d33 da49 | c1eb 164d | 85db 741a | 49c1 ea09 | 48b9 0000 | d1cd f701 | 0000 4903 
  0x000001f7bffaf700: ca80 3902 | 0f85 291e | 0000 4488 | 6610 488b | fe43 8b4c | ec14 85c9 | 0f85 e61a | 0000 478b 
  0x000001f7bffaf720: 44ec 1045 | 85c0 0f85 | a121 0000 

  0x000001f7bffaf72c: ;   {oop(""{0x0000000600400890})}
  0x000001f7bffaf72c: 49b8 9008 | 4000 0600 | 0000 49b9 | 0000 d1cd | f701 0000 

  0x000001f7bffaf740: ;   {oop(a 'java/security/cert/Certificate'[0] {0x0000000600496ae8})}
  0x000001f7bffaf740: 49ba e86a | 4900 0600 | 0000 448b | 5b2c 4585 | db0f 84a0 | 3100 004c | 8954 2460 | 4c8b d74c 
  0x000001f7bffaf760: 894c 2458 | 4c89 4424 | 5048 895c | 2420 4b8d | 14dc bf01 | 0000 004d | 8bc2 4c8b | 4c24 6090 
  0x000001f7bffaf780: ;   {optimized virtual_call}
  0x000001f7bffaf780: c5f8 77e8 

  0x000001f7bffaf784: ; ImmutableOopMap {[32]=Oop [40]=Oop [48]=Oop [56]=Oop [72]=Oop [80]=Oop [96]=Oop }
                      ;*invokevirtual putVal {reexecute=0 rethrow=0 return_oop=1}
                      ; - java.util.concurrent.ConcurrentHashMap::putIfAbsent@4 (line 1544)
                      ; - java.lang.ClassLoader::checkCerts@62 (line 1169)
                      ; - java.lang.ClassLoader::preDefineClass@113 (line 918)
                      ; - java.lang.ClassLoader::defineClass@4 (line 1024)
                      ; - java.security.SecureClassLoader::defineClass@12 (line 150)
  0x000001f7bffaf784: 28b0 1300 

  0x000001f7bffaf788: ;   {other}
  0x000001f7bffaf788: 0f1f 8400 | 000d 0002 | 4885 c074 | 3d44 8b50 | 080f 1f80 | 0000 0000 

  0x000001f7bffaf7a0: ;   {metadata('java/security/cert/Certificate'[])}
  0x000001f7bffaf7a0: 4181 fab8 | 3822 000f | 854f 4700 | 0048 8bf8 | 488b 7424 | 6044 8b5e | 0c44 8b47 | 0c66 6690 
  0x000001f7bffaf7c0: 4585 db0f | 874e 1800 | 0045 85c0 | 0f87 d63b | 0000 4c8b | 6c24 4845 | 8b5d 100f | 1f44 0000 
  0x000001f7bffaf7e0: ; implicit exception: dispatches to 0x000001f7bffb4270
  0x000001f7bffaf7e0: 438b 5cdc | 0c85 db0f | 842f 3800 | 0045 3b64 | dc38 0f84 | 1c31 0000 | 498b 87b8 | 0100 004c 
  0x000001f7bffaf800: 8bd0 4983 | c218 498d | 3cdc 4d3b | 97c8 0100 | 000f 8322 | 2b00 004d | 8997 b801 | 0000 410f 
  0x000001f7bffaf820: 0d8a c000 | 0000 48c7 | 0001 0000 

  0x000001f7bffaf82c: ;   {metadata('java/lang/StringBuilder')}
  0x000001f7bffaf82c: 00c7 4008 | f8a5 1600 | 4489 600c | 4c89 6010 | 488b f049 | 8b87 b801 | 0000 4c8b | d049 83c2 
  0x000001f7bffaf84c: 204d 3b97 | c801 0000 | 0f83 172b | 0000 4d89 | 97b8 0100 | 0041 0f0d | 8ac0 0000 | 0048 c700 
  0x000001f7bffaf86c: 0100 0000 | 410f 0d8a | 0001 0000 

  0x000001f7bffaf878: ;   {metadata({type array byte})}
  0x000001f7bffaf878: c740 0818 | 5d16 0041 | 0f0d 8a40 | 0100 00c7 | 400c 1000 | 0000 410f | 0d8a 8001 | 0000 4c89 
  0x000001f7bffaf898: 6010 4c89 | 6018 4c8b | de4c 8bd0 | 49c1 ea03 | 4489 5614 | 4c8b c04d | 33c3 49c1 | e816 4d85 
  0x000001f7bffaf8b8: c00f 844e | 1b00 0049 | c1eb 0948 | b900 00d1 | cdf7 0100 | 0049 03cb | 8039 020f | 857a 1b00 
  0x000001f7bffaf8d8: 0045 33c0 | 458b 4cdc | 1444 8866 | 1045 85c9 | 0f84 4126 | 0000 478b | 5ccc 1443 | 8b4c dc0c 
  0x000001f7bffaf8f8: ; implicit exception: dispatches to 0x000001f7bffb4150
  0x000001f7bffaf8f8: 438b 54d4 | 0c47 0fbe | 5ccc 10c4 | 6222 f7d9 | 4503 c341 | 8bc8 2bca | 85c9 0f8f | 8d14 0000 
  0x000001f7bffaf918: 440f be56 | 1043 0fbe | 4ccc 1044 | 8b46 0c44 | 3bd1 0f85 | dc39 0000 | 8b46 1441 | 3bca 0f85 
  0x000001f7bffaf938: f035 0000 | 478b 4ccc | 1443 8b4c | cc0c c4c2 | 29f7 e845 | 8b54 c40c | 85ed 0f8c | 4c32 0000 
  0x000001f7bffaf958: 448d 0429 | 0f1f 4000 | 453b d00f | 823b 3200 | 0085 c976 | 3345 8bf3 | 4d8d 14c4 

  0x000001f7bffaf974: ;   {no_reloc}
  0x000001f7bffaf974: 498d 542a | 104c 63c1 | 4f8d 14cc | 4b8d 4ccc | 10c5 f877 | 49ba 6056 | 85bf f701 | 0000 41ff 
  0x000001f7bffaf994: ;   {other}
  0x000001f7bffaf994: d20f 1f84 | 0000 0000 | 0045 8bde | 4401 5e0c | 448b 4e14 

  0x000001f7bffaf9a8: ; implicit exception: dispatches to 0x000001f7bffb3fe0
  0x000001f7bffaf9a8: 478b 5ccc | 0c44 8b46 | 0c0f be4e | 10c4 4272 | f7d3 418b | c841 2bca | ffc1 85c9 | 0f8f 8510 
  0x000001f7bffaf9c8: 0000 807e | 1000 0f85 | f818 0000 | 8b6e 0c44 | 8bd5 41ff | c244 8956 | 0c47 8b54 | cc0c 413b 
  0x000001f7bffaf9e8: ea0f 8395 | 2f00 004f | 8d14 cc41 | c644 2a10 | 3a41 8b6c | dc24 6690 | 85ed 0f85 | 8f17 0000 
  0x000001f7bffafa08: 8b6e 1445 | 8b54 ec0c | 448b 460c | 440f be5e | 10c4 4222 | f7da 458b | d045 2bd3 | 4585 d20f 
  0x000001f7bffafa28: 8fd8 1000 | 0044 0fbe | 5e10 448b | 560c 4585 | db0f 857e | 3600 008b | 6e14 458b | 44ec 0c45 
  0x000001f7bffafa48: 85d2 0f8c | 0030 0000 | 453b c20f | 82f7 2f00 | 0045 8b4c | dc28 6690 

  0x000001f7bffafa60: ; implicit exception: dispatches to 0x000001f7bffb42b8
  0x000001f7bffafa60: 478b 54cc | 1447 8b54 | d40c 448b | 4614 478b | 5cc4 0c44 | 8944 2470 | 4889 7c24 | 6089 5c24 
  0x000001f7bffafa80: 204c 896c | 2448 430f | be4c cc10 | 4489 4c24 | 248b 560c 

  0x000001f7bffafa94: ;   {no_reloc}
  0x000001f7bffafa94: c442 72f7 | c244 8944 | 2474 0fbe | 7e10 4889 | 7424 6844 | 03c2 c442 | 42f7 db45 | 8bd0 452b 
  0x000001f7bffafab4: d345 85d2 | 0f8f ff10 | 0000 488b | de8b c28b | f73b f10f | 854f 3600 | 008b 7b14 | 3bce 0f85 
  0x000001f7bffafad4: 5c33 0000 | 438b 4ccc | 1466 6690 

  0x000001f7bffafae0: ; implicit exception: dispatches to 0x000001f7bffb4058
  0x000001f7bffafae0: 458b 44cc | 0cc4 e249 | f7e8 458b | 5cfc 0c85 | ed0f 8cb5 | 2f00 0045 | 8d0c 280f | 1f44 0000 
  0x000001f7bffafb00: 453b d90f | 82a3 2f00 | 0045 85c0 | 762d 4d63 | c04d 8d14 | cc49 8d4c | cc10 4d8d | 14fc 498d 
  0x000001f7bffafb20: 542a 10c5 | f877 49ba | 6056 85bf | f701 0000 

  0x000001f7bffafb30: ;   {other}
  0x000001f7bffafb30: 41ff d20f | 1f84 0000 | 0000 0044 | 8b44 2474 | 4403 430c | 4489 430c | 448b 4c24 | 2043 8b6c 
  0x000001f7bffafb50: cc20 85ed | 0f85 3636 | 0000 8b6b | 1466 6690 

  0x000001f7bffafb60: ; implicit exception: dispatches to 0x000001f7bffb4090
  0x000001f7bffafb60: 458b 54ec | 0c0f be4b | 10c4 4272 | f7d2 418b | c841 2bca | 85c9 0f8f | ea10 0000 | 440f be5b 
  0x000001f7bffafb80: 1044 8b53 | 0c45 85db | 0f85 5e36 | 0000 8b6b | 1445 8b5c | ec0c 4585 | d20f 8c49 | 2f00 0090 
  0x000001f7bffafba0: 453b da0f | 823f 2f00 | 0043 8b6c | cc30 85ed | 0f85 9e36 | 0000 448b | 4b14 478b | 54cc 0c0f 
  0x000001f7bffafbc0: be6b 1044 | 8b43 0cc4 | 4252 f7da | 458b d045 | 2bd3 4585 | d20f 8f2a | 1100 000f | 1f44 0000 
  0x000001f7bffafbe0: 85ed 0f85 | c436 0000 | 8b6b 1445 | 8b54 ec0c | 4585 c00f | 8c4f 2f00 | 000f 1f80 | 0000 0000 
  0x000001f7bffafc00: 453b d00f | 823f 2f00 | 0044 8b5b | 0c45 85db | 0f84 7e2c | 0000 4d8b | afb8 0100 | 004d 8bd5 
  0x000001f7bffafc20: 4983 c218 | 4d3b 97c8 | 0100 000f | 8389 2700 

  0x000001f7bffafc30: ;   {no_reloc}
  0x000001f7bffafc30: 004d 8997 | b801 0000 | 410f 0d8a | c000 0000 | 49c7 4500 | 0100 0000 

  0x000001f7bffafc48: ;   {metadata('java/lang/String')}
  0x000001f7bffafc48: 41c7 4508 | d80d 1700 | 4589 650c | 4d89 6510 | 440f be43 | 1044 8b53 | 1445 85c0 | 0f85 3232 
  0x000001f7bffafc68: 0000 478b | 44d4 0c4f | 8d0c d44c | 898c 2488 | 0000 004f | 8d4c d410 | 453b d80f | 859c 0000 
  0x000001f7bffafc88: 0049 63f8 | 4181 f800 | 0010 000f | 876c 2b00 | 0049 8b9f | b801 0000 | 4c8d 5f17 | 4983 e3f8 
  0x000001f7bffafca8: 488b cb49 | 03cb 493b | 8fc8 0100 | 000f 834a | 2b00 0049 | 898f b801 | 0000 0f0d | 89c0 0000 
  0x000001f7bffafcc8: 0048 c703 | 0100 0000 | 0f0d 8900 

  0x000001f7bffafcd4: ;   {metadata({type array byte})}
  0x000001f7bffafcd4: 0100 00c7 | 4308 185d | 1600 4489 | 430c 0f0d | 8940 0100 | 000f 0d89 | 8001 0000 | 488b d348 
  0x000001f7bffafcf4: 83c2 1048 | 83c7 0748 | c1ef 0349 | 8bc9 4c8b | c7c5 f877 | 49ba 205c | 85bf f701 | 0000 41ff 
  0x000001f7bffafd14: ;   {other}
  0x000001f7bffafd14: d20f 1f84 | 0000 0000 | 0066 6690 | e9ea 0000 | 0045 85db | 0f8c 9637 | 0000 453b | c341 8be8 
  0x000001f7bffafd34: 410f 4feb | 0f1f 8400 | 0000 0000 | 443b c50f | 8234 2f00 | 0044 3bdd | 0f82 2b2f | 0000 458b 
  0x000001f7bffafd54: d349 63ca | 4883 c117 | 4c8b c149 | 83e0 f841 | 81fb 0000 | 1000 0f87 | 0227 0000 | 498b 9fb8 
  0x000001f7bffafd74: 0100 004c | 8bd3 4d03 | d066 6690 | 4d3b 97c8 | 0100 000f | 83e5 2600 | 004d 8997 | b801 0000 
  0x000001f7bffafd94: 410f 0d8a | c000 0000 | 48c7 0301 | 0000 0041 | 0f0d 8a00 

  0x000001f7bffafda8: ;   {metadata({type array byte})}
  0x000001f7bffafda8: 0100 00c7 | 4308 185d | 1600 4489 | 5b0c 410f | 0d8a 4001 | 0000 410f | 0d8a 8001 | 0000 4c8b 
  0x000001f7bffafdc8: d349 83c2 | 1048 c1e9 | 0385 ed0f | 843b 2e00 | 000f 1f80 | 0000 0000 | 413b eb0f | 8c9c 1700 
  0x000001f7bffafde8: 0049 83c0 | f049 c1e8 | 0349 8bc9 | 498b d2c5 | f877 49ba | 205c 85bf | f701 0000 

  0x000001f7bffafe04: ;   {other}
  0x000001f7bffafe04: 41ff d20f | 1f84 0000 | 0000 0041 | 807f 3800 | 0f85 fb15 | 0000 4d8b | d54c 8bdb | 49c1 eb03 
  0x000001f7bffafe24: 4589 5d14 | 4c8b db4d | 33da 49c1 | eb16 4d85 | db74 1a49 | c1ea 0948 | b900 00d1 | cdf7 0100 
  0x000001f7bffafe44: 0049 03ca | 8039 020f | 8554 1600 | 0048 8b54 | 2428 4c8b | 4424 304c | 8b4c 2438 | 8b7c 2440 
  0x000001f7bffafe64: 8b74 2444 | 488b 4c24 | 484c 892c | 2466 6690 

  0x000001f7bffafe74: ;   {static_call}
  0x000001f7bffafe74: c5f8 77e8 

  0x000001f7bffafe78: ; ImmutableOopMap {[40]=Oop [72]=Oop [80]=Oop }
                      ;*invokestatic defineClass1 {reexecute=0 rethrow=0 return_oop=1}
                      ; - java.lang.ClassLoader::defineClass@27 (line 1026)
                      ; - java.security.SecureClassLoader::defineClass@12 (line 150)
  0x000001f7bffafe78: b488 e4ff 

  0x000001f7bffafe7c: ;   {other}
  0x000001f7bffafe7c: 0f1f 8400 | f413 0003 | 4889 4424 | 3044 8b58 | 3c45 85db | 7409 4b8d | 1cdc e936 | 0400 004c 
  0x000001f7bffafe9c: 8b50 1090 

  0x000001f7bffafea0: ; implicit exception: dispatches to 0x000001f7bffb41b8
  0x000001f7bffafea0: 458b 4208 | 4585 c00f | 8c23 2f00 | 0044 8b58 | 2c45 85db | 0f84 c20f | 0000 4b8d | 04dc 448b 
  0x000001f7bffafec0: 5014 478b | 5cd4 0c0f | be48 10c4 | 4272 f7c3 | 418b f8ff | cf85 c90f | 850b 3700 | 004b 8d2c 
  0x000001f7bffafee0: d445 8bcb | 41ff c944 | 3bcf 440f | 4fcf 4585 | c90f 8c05 | 0100 0066 | 0f1f 8400 | 0000 0000 
  0x000001f7bffaff00: 4585 db0f | 8697 2e00 | 0045 3bcb | 0f83 8e2e | 0000 418b | c9ff c942 | 0fbe 5c0d | 1066 6690 
  0x000001f7bffaff20: 83fb 2e0f | 84ea 0000 | 0041 8bd9 | ffcb 3bd9 | 7e05 448b | cbeb e066 | 0f1f 8400 | 0000 0000 
  0x000001f7bffaff40: 83fb 020f | 8ea3 2e00 | 0041 ffc9 | 418d 59fe | 33c9 4183 | f902 0f4c | d981 fba0 | 0f00 00b9 
  0x000001f7bffaff60: a00f 0000 | 0f47 d941 | 8bd1 2bd3 | 0f1f 4000 | 4963 c90f | be5c 0d10 

  0x000001f7bffaff78: ;   {no_reloc}
  0x000001f7bffaff78: 0f1f 8400 | 0000 0000 | 83fb 2e0f | 848a 0000 | 000f be5c | 0d0f 83fb | 2e0f 846d | 0000 000f 
  0x000001f7bffaff98: be5c 0d0e | 0f1f 4000 | 83fb 2e0f | 8460 0000 | 000f be4c | 0d0d 83f9 | 2e0f 8458 | 0000 0041 
  0x000001f7bffaffb8: 83c1 fc0f | 1f44 0000 | 443b ca7f | ab49 8bb7 | 5004 0000 | 488b 4c24 

  0x000001f7bffaffd0: ; ImmutableOopMap {r10=NarrowOop rcx=Oop rax=Oop rbp=Oop [40]=Oop [48]=Oop [72]=Oop [80]=Oop }
                      ;*goto {reexecute=1 rethrow=0 return_oop=0}
                      ; - (reexecute) java.lang.StringLatin1::lastIndexOf@35 (line 395)
                      ; - java.lang.String::lastIndexOf@13 (line 2664)
                      ; - java.lang.String::lastIndexOf@8 (line 2626)
                      ; - java.lang.Class::getPackageName@47 (line 1257)
                      ; - java.lang.ClassLoader::postDefineClass@2 (line 935)
                      ; - java.lang.ClassLoader::defineClass@37 (line 1027)
                      ; - java.security.SecureClassLoader::defineClass@12 (line 150)
                      ;   {poll}
  0x000001f7bffaffd0: 3085 0641 | 83f9 020f | 8f6f ffff | ff66 6690 | 4183 f9ff | 7e16 6690 | 420f be4c | 0d10 83f9 
  0x000001f7bffafff0: 2e74 2041 | ffc9 4183 | f9ff 7fec | 41b9 ffff | ffff eb0f | 41ff c9eb | 0a41 83c1 | feeb 0441 
  0x000001f7bffb0010: 83c1 fd41 | 83f9 ff0f | 845c 0200 | 0041 8bd8 | ffc3 443b | cb0f 831a | 3600 0045 | 3bc8 0f84 
  0x000001f7bffb0030: 800e 0000 | 4585 c90f | 84e8 2600 | 0049 8b9f | b801 0000 | 4c8b c349 | 83c0 184d | 3b87 c801 
  0x000001f7bffb0050: 0000 0f83 | 7e26 0000 | 4d89 87b8 | 0100 0041 | 0f0d 88c0 | 0000 0048 | c703 0100 

  0x000001f7bffb006c: ;   {metadata('java/lang/String')}
  0x000001f7bffb006c: 0000 c743 | 08d8 0d17 | 0044 8963 | 0c4c 8963 | 104f 8d6c | d410 453b | cb0f 85a0 | 0000 0049 
  0x000001f7bffb008c: 63f3 4181 | fb00 0010 | 000f 870a | 2800 0049 | 8bbf b801 | 0000 4c8d | 4617 4983 | e0f8 4c8b 
  0x000001f7bffb00ac: cf4d 03c8 | 4d3b 8fc8 | 0100 000f | 83e8 2700 | 004d 898f | b801 0000 | 410f 0d89 | c000 0000 
  0x000001f7bffb00cc: 48c7 0701 | 0000 0041 | 0f0d 8900 

  0x000001f7bffb00d8: ;   {metadata({type array byte})}
  0x000001f7bffb00d8: 0100 00c7 | 4708 185d | 1600 4489 | 5f0c 410f | 0d89 4001 | 0000 410f | 0d89 8001 | 0000 488b 
  0x000001f7bffb00f8: d748 83c2 | 1048 83c6 | 0748 c1ee | 0349 8bcd | 4c8b c6c5 | f877 49ba | 205c 85bf | f701 0000 
  0x000001f7bffb0118: ;   {other}
  0x000001f7bffb0118: 41ff d20f | 1f84 0000 | 0000 0048 | 8bf7 e9e4 | 0000 0045 | 3bd9 458b | c345 0f4f | c144 8944 
  0x000001f7bffb0138: 243c 660f | 1f44 0000 | 453b d80f | 824d 3300 | 0045 3bc8 | 0f82 4433 | 0000 458b | d14d 63da 
  0x000001f7bffb0158: 4983 c317 | 4d8b c349 | 83e0 f841 | 81f9 0000 | 1000 0f87 | c425 0000 | 498b b7b8 | 0100 004c 
  0x000001f7bffb0178: 8bd6 4d03 | d066 6690 | 4d3b 97c8 | 0100 000f | 83a7 2500 | 004d 8997 | b801 0000 | 410f 0d8a 
  0x000001f7bffb0198: c000 0000 | 48c7 0601 | 0000 0041 | 0f0d 8a00 

  0x000001f7bffb01a8: ;   {metadata({type array byte})}
  0x000001f7bffb01a8: 0100 00c7 | 4608 185d | 1600 4489 | 4e0c 410f | 0d8a 4001 | 0000 410f | 0d8a 8001 | 0000 4c8b 
  0x000001f7bffb01c8: d649 83c2 | 1049 c1eb | 038b 6c24 | 3c85 ed0f | 844d 3200 | 0066 6690 | 413b e90f | 8c27 1600 
  0x000001f7bffb01e8: 0049 83c0 | f049 c1e8 | 0349 8bcd | 498b d2c5 | f877 49ba | 205c 85bf | f701 0000 

  0x000001f7bffb0204: ;   {other}
  0x000001f7bffb0204: 41ff d20f | 1f84 0000 | 0000 0041 | 807f 3800 | 0f85 6b15 | 0000 4c8b | d34c 8bde | 49c1 eb03 
  0x000001f7bffb0224: 4489 5b14 | 4c8b de4d | 33da 49c1 | eb16 4d85 | db74 1a49 | c1ea 0948 | b900 00d1 | cdf7 0100 
  0x000001f7bffb0244: 0049 03ca | 8039 020f | 856e 1500 | 0044 8863 | 1048 8bd3 | 4c8b 5424 | 304c 8954 | 2420 6690 
  0x000001f7bffb0264: ;   {optimized virtual_call}
  0x000001f7bffb0264: c5f8 77e8 

  0x000001f7bffb0268: ; ImmutableOopMap {[32]=Oop [40]=Oop [48]=Oop [72]=Oop }
                      ;*invokevirtual intern {reexecute=0 rethrow=0 return_oop=1}
                      ; - java.lang.Class::getPackageName@65 (line 1258)
                      ; - java.lang.ClassLoader::postDefineClass@2 (line 935)
                      ; - java.lang.ClassLoader::defineClass@37 (line 1027)
                      ; - java.security.SecureClassLoader::defineClass@12 (line 150)
  0x000001f7bffb0268: 4466 e1ff 

  0x000001f7bffb026c: ;   {other}
  0x000001f7bffb026c: 0f1f 8400 | e417 0005 | 4889 4424 | 500f 1f80 | 0000 0000 | 4180 7f38 | 000f 8563 | 1400 0048 
  0x000001f7bffb028c: 8b5c 2450 | 4c8b d349 | c1ea 034c | 8b5c 2430 | 4589 533c | 4d8b d34c | 8bdb 4d33 | da49 c1eb 
  0x000001f7bffb02ac: 164d 85db | 741f 4885 | db74 1a49 | c1ea 0948 | b900 00d1 | cdf7 0100 | 0049 03ca | 8039 020f 
  0x000001f7bffb02cc: 8562 1400 | 004c 8b4c | 2428 418b | 4938 660f | 1f44 0000 | 85c9 0f84 | 4426 0000 | 4c8b eb8b 
  0x000001f7bffb02ec: 5b0c 4c8b | 5424 3045 | 8b42 3085 | db0f 8439 | 0500 0041 | 8b4c cc28 | 85c9 0f84 | 1201 0000 
  0x000001f7bffb030c: 458b 5ccc | 0c45 85db | 0f86 7e2c | 0000 448b | d341 c1ea | 1044 33d3 | 41ff cb41 | 81e2 ffff 
  0x000001f7bffb032c: ff7f 4523 | da48 c1e1 | 034d 63db | 468b 5c99 | 1066 6690 | 4585 db0f | 84d5 0000 | 0043 8b6c 
  0x000001f7bffb034c: dc0c 413b | ea0f 84be | 0200 0085 | ed0f 8cd9 | 3400 0049 | c1e3 0345 | 8b5b 1845 

  0x000001f7bffb0368: ;   {no_reloc}
  0x000001f7bffb0368: 85db 0f84 | ae00 0000 | 4b8d 3cdc | 8b5f 0c49 | 8b97 5004 

  0x000001f7bffb037c: ; ImmutableOopMap {r8=NarrowOop r9=Oop rdi=Oop r13=Oop [48]=Oop [72]=Oop }
                      ;*if_icmpne {reexecute=1 rethrow=0 return_oop=0}
                      ; - (reexecute) java.util.concurrent.ConcurrentHashMap::get@127 (line 947)
                      ; - java.lang.ClassLoader::getNamedPackage@5 (line 340)
                      ; - java.lang.ClassLoader::postDefineClass@9 (line 935)
                      ; - java.lang.ClassLoader::defineClass@37 (line 1027)
                      ; - java.security.SecureClassLoader::defineClass@12 (line 150)
                      ;   {poll}
  0x000001f7bffb037c: 0000 8502 | 413b da74 | 1344 8b5f | 1845 85db | 0f84 8c00 | 0000 4b8d | 3cdc ebdc | 8b6f 104c 
  0x000001f7bffb039c: 8bdd 49c1 | e303 4d3b | dd0f 8468 | 0000 0085 | ed0f 8472 | 3600 0048 | 897c 2450 | 4489 5424 
  0x000001f7bffb03bc: 4444 8944 | 2440 4c89 | 6c24 384c | 894c 2420 | 4d8d 04ec | 498b d548 | 8b6c 2430 

  0x000001f7bffb03d8: ;   {optimized virtual_call}
  0x000001f7bffb03d8: c5f8 77e8 

  0x000001f7bffb03dc: ; ImmutableOopMap {rbp=Oop [32]=Oop [56]=Oop [64]=NarrowOop [72]=Oop [80]=Oop }
                      ;*invokevirtual equals {reexecute=0 rethrow=0 return_oop=0}
                      ; - java.util.concurrent.ConcurrentHashMap::get@149 (line 948)
                      ; - java.lang.ClassLoader::getNamedPackage@5 (line 340)
                      ; - java.lang.ClassLoader::postDefineClass@9 (line 935)
                      ; - java.lang.ClassLoader::defineClass@37 (line 1027)
                      ; - java.security.SecureClassLoader::defineClass@12 (line 150)
  0x000001f7bffb03dc: 3028 fcff 

  0x000001f7bffb03e0: ;   {other}
  0x000001f7bffb03e0: 0f1f 8400 | 5819 0007 | 4d8b 9750 

  0x000001f7bffb03ec: ; ImmutableOopMap {rbp=Oop [32]=Oop [56]=Oop [64]=NarrowOop [72]=Oop [80]=Oop }
                      ;*ifeq {reexecute=1 rethrow=0 return_oop=0}
                      ; - (reexecute) java.util.concurrent.ConcurrentHashMap::get@152 (line 948)
                      ; - java.lang.ClassLoader::getNamedPackage@5 (line 340)
                      ; - java.lang.ClassLoader::postDefineClass@9 (line 935)
                      ; - java.lang.ClassLoader::defineClass@37 (line 1027)
                      ; - java.security.SecureClassLoader::defineClass@12 (line 150)
                      ;   {poll}
  0x000001f7bffb03ec: 0400 0041 | 8502 85c0 | 0f84 701b | 0000 4c8b | 4c24 2048 | 896c 2430 | 4c8b 6c24 | 3844 8b44 
  0x000001f7bffb040c: 2440 488b | 7c24 508b | 6f14 85ed | 0f85 3703 | 0000 498b | 87b8 0100 | 004c 8bd0 | 4983 c218 
  0x000001f7bffb042c: 4d3b 97c8 | 0100 000f | 835c 2300 | 004d 8997 | b801 0000 | 410f 0d8a | c000 0000 | 48c7 0001 
  0x000001f7bffb044c: ;   {metadata('java/lang/NamedPackage')}
  0x000001f7bffb044c: 0000 00c7 | 4008 7807 | 2200 4489 | 600c 4c89 | 6010 4c89 | 4c24 204c | 896c 2428 | 4489 4424 
  0x000001f7bffb046c: 3848 8944 | 2440 488b | 5424 2890 

  0x000001f7bffb0478: ;   {optimized virtual_call}
  0x000001f7bffb0478: c5f8 77e8 

  0x000001f7bffb047c: ; ImmutableOopMap {[32]=Oop [40]=Oop [48]=Oop [56]=NarrowOop [64]=Oop [72]=Oop }
                      ;*invokevirtual isEmpty {reexecute=0 rethrow=0 return_oop=0}
                      ; - java.lang.NamedPackage::<init>@5 (line 48)
                      ; - java.lang.ClassLoader::getNamedPackage@22 (line 342)
                      ; - java.lang.ClassLoader::postDefineClass@9 (line 935)
                      ; - java.lang.ClassLoader::defineClass@37 (line 1027)
                      ; - java.security.SecureClassLoader::defineClass@12 (line 150)
  0x000001f7bffb047c: 9094 ebff 

  0x000001f7bffb0480: ;   {other}
  0x000001f7bffb0480: 0f1f 8400 | f819 0009 | 85c0 0f84 | 2c0a 0000 | 448b 5424 | 3845 85d2 | 0f84 7e30 | 0000 49c1 
  0x000001f7bffb04a0: e203 4c89 | 5424 5049 | 8bd2 6690 

  0x000001f7bffb04ac: ;   {optimized virtual_call}
  0x000001f7bffb04ac: c5f8 77e8 

  0x000001f7bffb04b0: ; ImmutableOopMap {[32]=Oop [40]=Oop [48]=Oop [56]=NarrowOop [64]=Oop [72]=Oop [80]=Oop }
                      ;*invokevirtual isNamed {reexecute=0 rethrow=0 return_oop=0}
                      ; - java.lang.NamedPackage::<init>@12 (line 48)
                      ; - java.lang.ClassLoader::getNamedPackage@22 (line 342)
                      ; - java.lang.ClassLoader::postDefineClass@9 (line 935)
                      ; - java.lang.ClassLoader::defineClass@37 (line 1027)
                      ; - java.security.SecureClassLoader::defineClass@12 (line 150)
  0x000001f7bffb04b0: 8ced c7ef 

  0x000001f7bffb04b4: ;   {other}
  0x000001f7bffb04b4: 0f1f 8400 | 2c1a 000a | 0f1f 4000 | 85c0 0f84 | f409 0000 | 498b 87b8 | 0100 004c | 8bd0 4983 
  0x000001f7bffb04d4: c228 6666 | 0f1f 8400 | 0000 0000 | 4d3b 97c8 | 0100 000f | 83f8 2200 | 004d 8997 | b801 0000 
  0x000001f7bffb04f4: 410f 0d8a | c000 0000 | 48c7 0001 

  0x000001f7bffb0500: ;   {metadata('java/lang/InternalError')}
  0x000001f7bffb0500: 0000 00c7 | 4008 402c | 1700 4489 | 600c 4c89 | 6010 4c89 | 6018 4c89 | 6020 4889 | 4424 6849 
  0x000001f7bffb0520: 8b87 b801 | 0000 4c8b | d049 83c2 | 184d 3b97 | c801 0000 | 0f83 8b22 | 0000 4d89 | 97b8 0100 
  0x000001f7bffb0540: 0041 0f0d | 8ac0 0000 | 0048 c700 | 0100 0000 

  0x000001f7bffb0550: ;   {metadata('java/lang/StringBuilder')}
  0x000001f7bffb0550: c740 08f8 | a516 0044 | 8960 0c4c | 8960 1048 | 8be8 488b | d566 6690 

  0x000001f7bffb0568: ;   {optimized virtual_call}
  0x000001f7bffb0568: c5f8 77e8 

  0x000001f7bffb056c: ; ImmutableOopMap {rbp=Oop [32]=Oop [40]=Oop [48]=Oop [56]=NarrowOop [64]=Oop [72]=Oop [80]=Oop [104]=Oop }
                      ;*invokespecial <init> {reexecute=0 rethrow=0 return_oop=0}
                      ; - java.lang.NamedPackage::<init>@26 (line 49)
                      ; - java.lang.ClassLoader::getNamedPackage@22 (line 342)
                      ; - java.lang.ClassLoader::postDefineClass@9 (line 935)
                      ; - java.lang.ClassLoader::defineClass@37 (line 1027)
                      ; - java.security.SecureClassLoader::defineClass@12 (line 150)
  0x000001f7bffb056c: 70e2 8bff 

  0x000001f7bffb0570: ;   {other}
  0x000001f7bffb0570: 0f1f 8400 | e81a 000b 

  0x000001f7bffb0578: ;   {oop("unnamed package in  "{0x00000006007b6498})}
  0x000001f7bffb0578: 49b8 9864 | 7b00 0600 | 0000 488b | d54c 8b54 | 2468 4c89 | 5424 6090 

  0x000001f7bffb0590: ;   {optimized virtual_call}
  0x000001f7bffb0590: c5f8 77e8 

  0x000001f7bffb0594: ; ImmutableOopMap {[32]=Oop [40]=Oop [48]=Oop [56]=NarrowOop [64]=Oop [72]=Oop [80]=Oop [96]=Oop [104]=Oop }
                      ;*invokevirtual append {reexecute=0 rethrow=0 return_oop=1}
                      ; - java.lang.NamedPackage::<init>@31 (line 49)
                      ; - java.lang.ClassLoader::getNamedPackage@22 (line 342)
                      ; - java.lang.ClassLoader::postDefineClass@9 (line 935)
                      ; - java.lang.ClassLoader::defineClass@37 (line 1027)
                      ; - java.security.SecureClassLoader::defineClass@12 (line 150)
  0x000001f7bffb0594: 48e2 8bff 

  0x000001f7bffb0598: ;   {other}
  0x000001f7bffb0598: 0f1f 8400 | 101b 000c | 4885 c00f | 8410 3000 | 0048 8bd0 | 4c8b 4424 | 504c 8b54 | 2460 4c89 
  0x000001f7bffb05b8: 5424 5090 

  0x000001f7bffb05bc: ;   {optimized virtual_call}
  0x000001f7bffb05bc: c5f8 77e8 

  0x000001f7bffb05c0: ; ImmutableOopMap {[32]=Oop [40]=Oop [48]=Oop [56]=NarrowOop [64]=Oop [72]=Oop [80]=Oop [96]=Oop }
                      ;*invokevirtual append {reexecute=0 rethrow=0 return_oop=1}
                      ; - java.lang.NamedPackage::<init>@35 (line 49)
                      ; - java.lang.ClassLoader::getNamedPackage@22 (line 342)
                      ; - java.lang.ClassLoader::postDefineClass@9 (line 935)
                      ; - java.lang.ClassLoader::defineClass@37 (line 1027)
                      ; - java.security.SecureClassLoader::defineClass@12 (line 150)
  0x000001f7bffb05c0: 1ce2 8bff 

  0x000001f7bffb05c4: ;   {other}
  0x000001f7bffb05c4: 0f1f 8400 | 3c1b 000d | 4885 c00f | 84fb 2f00 | 0048 8bd0 

  0x000001f7bffb05d8: ;   {optimized virtual_call}
  0x000001f7bffb05d8: c5f8 77e8 

  0x000001f7bffb05dc: ; ImmutableOopMap {[32]=Oop [40]=Oop [48]=Oop [56]=NarrowOop [64]=Oop [72]=Oop [80]=Oop }
                      ;*invokevirtual toString {reexecute=0 rethrow=0 return_oop=1}
                      ; - java.lang.NamedPackage::<init>@38 (line 49)
                      ; - java.lang.ClassLoader::getNamedPackage@22 (line 342)
                      ; - java.lang.ClassLoader::postDefineClass@9 (line 935)
                      ; - java.lang.ClassLoader::defineClass@37 (line 1027)
                      ; - java.security.SecureClassLoader::defineClass@12 (line 150)
  0x000001f7bffb05dc: 00e2 8bff 

  0x000001f7bffb05e0: ;   {other}
  0x000001f7bffb05e0: 0f1f 8400 | 581b 000e | 488b 5424 | 504c 8bc0 

  0x000001f7bffb05f0: ;   {optimized virtual_call}
  0x000001f7bffb05f0: c5f8 77e8 

  0x000001f7bffb05f4: ; ImmutableOopMap {[32]=Oop [40]=Oop [48]=Oop [56]=NarrowOop [64]=Oop [72]=Oop [80]=Oop }
                      ;*invokespecial <init> {reexecute=0 rethrow=0 return_oop=0}
                      ; - java.lang.NamedPackage::<init>@41 (line 49)
                      ; - java.lang.ClassLoader::getNamedPackage@22 (line 342)
                      ; - java.lang.ClassLoader::postDefineClass@9 (line 935)
                      ; - java.lang.ClassLoader::defineClass@37 (line 1027)
                      ; - java.security.SecureClassLoader::defineClass@12 (line 150)
  0x000001f7bffb05f4: e8e1 8bff 

  0x000001f7bffb05f8: ;   {other}
  0x000001f7bffb05f8: 0f1f 8400 | 701b 000f | 488b 5424 | 50c5 f877 | 4881 c4b0 | 0000 005d 

  0x000001f7bffb0610: ;   {runtime_call _rethrow_Java}
  0x000001f7bffb0610: e9cb 2e99 | ff43 8b6c | dc10 488b | cd48 c1e1 | 0349 3bcd | 0f84 1e01 | 0000 418b | 5cec 0849 
  0x000001f7bffb0630: 8d3c ec4c | 3bef 0f84 | 0c01 0000 | 0f1f 4000 

  0x000001f7bffb0640: ;   {metadata('java/lang/String')}
  0x000001f7bffb0640: 81fb d80d | 1700 0f85 | e82e 0000 | 410f be4d | 100f be6f | 103b cd0f | 85f7 3000 | 008b 7f14 
  0x000001f7bffb0660: 418b 5d14 | 418b 74fc | 0c41 8b4c | dc0c 3bce | 0f85 be2e | 0000 498d | 14fc 498d | 74fc 1049 
  0x000001f7bffb0680: 8d3c dc49 | 8d7c dc10 | 85c9 0f84 | 9d00 0000 | 8bc1 83e0 | 1f83 e1e0 | 0f84 4b00 | 0000 488d 
  0x000001f7bffb06a0: 3c0f 488d | 340e 48f7 | d9c5 fe6f | 040f c5fe | 6f0c 0ec5 | fdef c1c4 | e27d 17c0 | 0f85 7200 
  0x000001f7bffb06c0: 0000 4883 | c120 75e1 | 85c0 0f84 | 5d00 0000 | c5fe 6f44 | 07e0 c5fe | 6f4c 06e0 | c5fd efc1 
  0x000001f7bffb06e0: c4e2 7d17 | c075 4deb | 448b c883 | e1fc 7419 | 488d 3c0f | 488d 340e | 48f7 d98b | 1c0f 3b1c 
  0x000001f7bffb0700: 0e75 3148 | 83c1 0475 | f2a8 0274 | 120f b71f | 0fb7 0e3b | d975 1d48 | 8d7f 0248 | 8d76 02a8 
  0x000001f7bffb0720: 0174 0a0f | b61f 0fb6 | 0e3b d975 | 07b8 0100 | 0000 eb02 | 33c0 c5fd | efc0 c5f5 

  0x000001f7bffb073c: ;   {no_reloc}
  0x000001f7bffb073c: efc9 6690 | 85c0 0f84 | ec2d 0000 | 438b 6cdc | 1485 ed0f | 84c9 fcff | ff45 8b54 | ec08 49bb 
  0x000001f7bffb075c: 0000 00dd | f701 0000 | 4d03 da4d 

  0x000001f7bffb0768: ;   {metadata('java/lang/NamedPackage')}
  0x000001f7bffb0768: 8b53 3849 | bb78 0722 | ddf7 0100 | 004d 3bd3 | 0f85 0a26 | 0000 4c8b | 5424 4841 | 8b4a 1041 
  0x000001f7bffb0788: 8b7c cc14 | 85ff 0f85 | b10b 0000 | 458b 44cc | 100f 1f80 | 0000 0000 | 4585 c00f | 85d3 1400 
  0x000001f7bffb07a8: 0048 8b44 | 2430 c5f8 | 7748 81c4 | b000 0000 

  0x000001f7bffb07b8: ;   {poll_return}
  0x000001f7bffb07b8: 5d49 3ba7 | 4804 0000 | 0f87 533f | 0000 c341 | 83fb 040f | 8664 2f00 | 0043 807c | d411 610f 
  0x000001f7bffb07d8: 858c ebff | ff66 6690 | 4380 7cd4 | 1276 0f85 | 7deb ffff | 4380 7cd4 | 1361 0f85 | 71eb ffff 
  0x000001f7bffb07f8: 0f1f 8400 | 0000 0000 | 4380 7cd4 | 142e 0f85 | 5deb ffff 

  0x000001f7bffb080c: ;   {oop(a 'jdk/internal/loader/ClassLoaders$PlatformClassLoader'{0x0000000600402cd0})}
  0x000001f7bffb080c: 49b8 d02c | 4000 0600 | 0000 488b | 5c24 280f | 1f44 0000 | 493b d80f | 85d3 3500 

  0x000001f7bffb0828: ;   {oop(a 'jdk/internal/loader/ClassLoaders$PlatformClassLoader'{0x0000000600402cd0})}
  0x000001f7bffb0828: 0048 bbd0 | 2c40 0006 | 0000 00e9 | 36eb ffff | 450f b65d | 1166 6690 | 4585 db0f | 85fc 1300 
  0x000001f7bffb0848: 0041 8b6d | 1441 807d | 1000 0f85 | 221e 0000 

  0x000001f7bffb0858: ; implicit exception: dispatches to 0x000001f7bffb4364
  0x000001f7bffb0858: 418b 54ec | 0c4d 8d14 | ec49 8d7c | ec10 83fa | 020f 8cec | 1300 0033 | db83 fa20 | 0f8c 6f01 
  0x000001f7bffb0878: 0000 4533 | d2c5 cdef | f6c5 c5ef | ffc4 413d | efc0 c441 

  0x000001f7bffb088c: ;   {external_word}
  0x000001f7bffb088c: 35ef c949 | bbe0 0db1 | a7fd 7f00 | 0041 8b33 | c5f9 6ece | c4e2 7d58 | c944 8bda | 4183 e3e0 
  0x000001f7bffb08ac: 0faf dec4 | 217a 7e14 | 17c4 217a | 7e5c 1708 | c421 7a7e | 6417 10c4 | a17a 7e44 | 1718 c4e2 
  0x000001f7bffb08cc: 4d40 f1c4 | 427d 31d2 | c4c1 4dfe | f2c4 e245 | 40f9 c442 | 7d31 dbc4 | c145 fefb | c462 3d40 
  0x000001f7bffb08ec: c1c4 427d | 31e4 c441 | 3dfe c4c4 | 6235 40c9 | c4e2 7d31 | c0c5 35fe | c841 83c2 | 2045 3bd3 
  0x000001f7bffb090c: 7c9e 4a8d | 3c1f 412b 

  0x000001f7bffb0914: ;   {external_word}
  0x000001f7bffb0914: d349 bbe4 | 0db1 a7fd | 7f00 00c4 | c17e 6f13 | c4e2 4d40 

  0x000001f7bffb0928: ;   {external_word}
  0x000001f7bffb0928: f249 bb04 | 0eb1 a7fd | 7f00 00c4 | c17e 6f1b | c4e2 4540 

  0x000001f7bffb093c: ;   {external_word}
  0x000001f7bffb093c: fb49 bb24 | 0eb1 a7fd | 7f00 00c4 | c17e 6f23 | c462 3d40 

  0x000001f7bffb0950: ;   {external_word}
  0x000001f7bffb0950: c449 bb44 | 0eb1 a7fd | 7f00 00c4 | c17e 6f2b | c462 3540 | cdc4 624d | 02d6 c443 | 7d39 d301 
  0x000001f7bffb0970: c441 29fe | d3c4 4229 | 02d2 c579 | 6edb c441 | 29fe d3c5 | 797e d3c4 | 6245 02e7 | c463 7d39 
  0x000001f7bffb0990: e001 c519 | fee0 c442 | 1902 e4c5 | f96e c3c5 | 19fe e0c5 | 797e e3c4 | 423d 02d0 | c443 7d39 
  0x000001f7bffb09b0: d301 c441 | 29fe d3c4 | 4229 02d2 | c579 6edb | c441 29fe | d3c5 797e | d3c4 4235 | 02e1 c463 
  0x000001f7bffb09d0: 7d39 e001 | c519 fee0 | c442 1902 | e4c5 f96e | c3c5 19fe | e0c5 797e | e341 ba01 | 0000 0044 
  0x000001f7bffb09f0: 3bd2 0f8d | 2900 0000 | bec1 0300 | 000f afde | 460f b65c | 17ff 418b | f3c1 e605 | 412b f303 
  0x000001f7bffb0a10: de42 0fb6 | 3417 03de | 4183 c202 | 443b d27c | d77f 1144 | 8bdb c1e3 | 0541 2bdb | 420f b674 
  0x000001f7bffb0a30: 17ff 03de | 85db 0f84 | 8e1c 0000 | 4189 5d0c | e9ba f8ff | ff48 8b74 | 2430 e9bf | ecff ff44 
  0x000001f7bffb0a50: ;   {no_reloc}
  0x000001f7bffb0a50: 894c 244c | 488b ee48 | 897c 2460 | 895c 2448 | 4c89 6c24 | 2041 ffc0 | 488b d690 

  0x000001f7bffb0a6c: ;   {optimized virtual_call}
  0x000001f7bffb0a6c: c5f8 77e8 

  0x000001f7bffb0a70: ; ImmutableOopMap {rbp=Oop [32]=Oop [40]=Oop [48]=Oop [56]=Oop [72]=NarrowOop [76]=NarrowOop [80]=Oop [96]=Oop }
                      ;*invokevirtual newCapacity {reexecute=0 rethrow=0 return_oop=0}
                      ; - java.lang.AbstractStringBuilder::ensureCapacityInternal@24 (line 246)
                      ; - java.lang.AbstractStringBuilder::append@7 (line 813)
                      ; - java.lang.StringBuilder::append@2 (line 246)
                      ; - java.net.URLStreamHandler::toExternalForm@16 (line 480)
                      ; - java.net.URL::toExternalForm@5 (line 1203)
                      ; - java.net.URL::toString@1 (line 1189)
                      ; - java.lang.ClassLoader::defineClassSourceLocation@22 (line 928)
                      ; - java.lang.ClassLoader::defineClass@12 (line 1025)
                      ; - java.security.SecureClassLoader::defineClass@12 (line 150)
  0x000001f7bffb0a70: 6cdd 8bff 

  0x000001f7bffb0a74: ;   {other}
  0x000001f7bffb0a74: 0f1f 8400 | ec1f 0010 | 440f be5d | 10c4 6221 | f7c0 448b | 5c24 4c49 | 8bd3 48c1 | e203 6690 
  0x000001f7bffb0a94: ;   {static_call}
  0x000001f7bffb0a94: c5f8 77e8 

  0x000001f7bffb0a98: ; ImmutableOopMap {rbp=Oop [32]=Oop [40]=Oop [48]=Oop [56]=Oop [72]=NarrowOop [80]=Oop [96]=Oop }
                      ;*invokestatic copyOf {reexecute=0 rethrow=0 return_oop=1}
                      ; - java.lang.AbstractStringBuilder::ensureCapacityInternal@32 (line 245)
                      ; - java.lang.AbstractStringBuilder::append@7 (line 813)
                      ; - java.lang.StringBuilder::append@2 (line 246)
                      ; - java.net.URLStreamHandler::toExternalForm@16 (line 480)
                      ; - java.net.URL::toExternalForm@5 (line 1203)
                      ; - java.net.URL::toString@1 (line 1189)
                      ; - java.lang.ClassLoader::defineClassSourceLocation@22 (line 928)
                      ; - java.lang.ClassLoader::defineClass@12 (line 1025)
                      ; - java.security.SecureClassLoader::defineClass@12 (line 150)
  0x000001f7bffb0a98: 44e3 8bff 

  0x000001f7bffb0a9c: ;   {other}
  0x000001f7bffb0a9c: 0f1f 8400 | 1420 0011 | 488b d841 | 807f 3800 | 0f85 db14 | 0000 488b | f54c 8bcb | 49c1 e903 
  0x000001f7bffb0abc: 4489 4e14 | 4c8b d64c | 8bdb 4d33 | da49 c1eb | 164d 85db | 741f 4885 | db74 1a49 | c1ea 0948 
  0x000001f7bffb0adc: b900 00d1 | cdf7 0100 | 0049 03ca | 8039 020f | 850e 1600 | 004c 8b6c | 2420 8b5c | 2448 488b 
  0x000001f7bffb0afc: 7c24 6090 | e9c5 eeff | ff48 8974 | 2468 4889 | 7c24 6089 | 5c24 484c | 896c 2420 | 488b d690 
  0x000001f7bffb0b1c: ;   {optimized virtual_call}
  0x000001f7bffb0b1c: c5f8 77e8 

  0x000001f7bffb0b20: ; ImmutableOopMap {rbp=NarrowOop [32]=Oop [40]=Oop [48]=Oop [56]=Oop [72]=NarrowOop [80]=Oop [96]=Oop [104]=Oop }
                      ;*invokevirtual newCapacity {reexecute=0 rethrow=0 return_oop=0}
                      ; - java.lang.AbstractStringBuilder::ensureCapacityInternal@24 (line 246)
                      ; - java.lang.AbstractStringBuilder::append@21 (line 590)
                      ; - java.lang.StringBuilder::append@2 (line 179)
                      ; - java.net.URLStreamHandler::toExternalForm@59 (line 483)
                      ; - java.net.URL::toExternalForm@5 (line 1203)
                      ; - java.net.URL::toString@1 (line 1189)
                      ; - java.lang.ClassLoader::defineClassSourceLocation@22 (line 928)
                      ; - java.lang.ClassLoader::defineClass@12 (line 1025)
                      ; - java.security.SecureClassLoader::defineClass@12 (line 150)
  0x000001f7bffb0b20: bcdc 8bff 

  0x000001f7bffb0b24: ;   {other}
  0x000001f7bffb0b24: 0f1f 8400 | 9c20 0012 | 4c8b 5424 | 6845 0fbe | 5210 c462 | 29f7 c048 | 8bd5 48c1 | e203 488b 
  0x000001f7bffb0b44: 6c24 6890 

  0x000001f7bffb0b48: ;   {static_call}
  0x000001f7bffb0b48: c5f8 77e8 

  0x000001f7bffb0b4c: ; ImmutableOopMap {rbp=Oop [32]=Oop [40]=Oop [48]=Oop [56]=Oop [72]=NarrowOop [80]=Oop [96]=Oop }
                      ;*invokestatic copyOf {reexecute=0 rethrow=0 return_oop=1}
                      ; - java.lang.AbstractStringBuilder::ensureCapacityInternal@32 (line 245)
                      ; - java.lang.AbstractStringBuilder::append@21 (line 590)
                      ; - java.lang.StringBuilder::append@2 (line 179)
                      ; - java.net.URLStreamHandler::toExternalForm@59 (line 483)
                      ; - java.net.URL::toExternalForm@5 (line 1203)
                      ; - java.net.URL::toString@1 (line 1189)
                      ; - java.lang.ClassLoader::defineClassSourceLocation@22 (line 928)
                      ; - java.lang.ClassLoader::defineClass@12 (line 1025)
                      ; - java.security.SecureClassLoader::defineClass@12 (line 150)
  0x000001f7bffb0b4c: 90e2 8bff 

  0x000001f7bffb0b50: ;   {other}
  0x000001f7bffb0b50: 0f1f 8400 | c820 0013 | 488b d80f | 1f44 0000 | 4180 7f38 | 000f 855c | 1400 0048 | 8bf5 4c8b 
  0x000001f7bffb0b70: db49 c1eb | 0344 895e | 144c 8bd6 | 4c8b db4d | 33da 49c1 | eb16 4d85 | db74 1f48 | 85db 741a 
  0x000001f7bffb0b90: 49c1 ea09 | 48b9 0000 | d1cd f701 | 0000 4903 | ca80 3902 | 0f85 a315 | 0000 4c8b | 6c24 208b 
  0x000001f7bffb0bb0: 5c24 4848 | 8b7c 2460 | e970 eeff | ff4b 8d2c | cc48 8bd6 

  0x000001f7bffb0bc4: ;   {optimized virtual_call}
  0x000001f7bffb0bc4: c5f8 77e8 

  0x000001f7bffb0bc8: ; ImmutableOopMap {rbp=Oop [32]=NarrowOop [36]=NarrowOop [40]=Oop [48]=Oop [56]=Oop [72]=Oop [80]=Oop [96]=Oop [104]=Oop [112]=NarrowOop }
                      ;*invokevirtual newCapacity {reexecute=0 rethrow=0 return_oop=0}
                      ; - java.lang.AbstractStringBuilder::ensureCapacityInternal@24 (line 246)
                      ; - java.lang.AbstractStringBuilder::append@21 (line 590)
                      ; - java.lang.StringBuilder::append@2 (line 179)
                      ; - java.net.URLStreamHandler::toExternalForm@77 (line 484)
                      ; - java.net.URL::toExternalForm@5 (line 1203)
                      ; - java.net.URL::toString@1 (line 1189)
                      ; - java.lang.ClassLoader::defineClassSourceLocation@22 (line 928)
                      ; - java.lang.ClassLoader::defineClass@12 (line 1025)
                      ; - java.security.SecureClassLoader::defineClass@12 (line 150)
  0x000001f7bffb0bc8: 44b1 e5ff 

  0x000001f7bffb0bcc: ;   {other}
  0x000001f7bffb0bcc: 0f1f 8400 | 4421 0014 | 4c8b 5424 | 6845 0fbe | 5210 c462 | 29f7 c044 | 8b54 2470 | 498b d248 
  0x000001f7bffb0bec: c1e2 0390 

  0x000001f7bffb0bf0: ;   {static_call}
  0x000001f7bffb0bf0: c5f8 77e8 

  0x000001f7bffb0bf4: ; ImmutableOopMap {rbp=Oop [32]=NarrowOop [36]=NarrowOop [40]=Oop [48]=Oop [56]=Oop [72]=Oop [80]=Oop [96]=Oop [104]=Oop }
                      ;*invokestatic copyOf {reexecute=0 rethrow=0 return_oop=1}
                      ; - java.lang.AbstractStringBuilder::ensureCapacityInternal@32 (line 245)
                      ; - java.lang.AbstractStringBuilder::append@21 (line 590)
                      ; - java.lang.StringBuilder::append@2 (line 179)
                      ; - java.net.URLStreamHandler::toExternalForm@77 (line 484)
                      ; - java.net.URL::toExternalForm@5 (line 1203)
                      ; - java.net.URL::toString@1 (line 1189)
                      ; - java.lang.ClassLoader::defineClassSourceLocation@22 (line 928)
                      ; - java.lang.ClassLoader::defineClass@12 (line 1025)
                      ; - java.security.SecureClassLoader::defineClass@12 (line 150)
  0x000001f7bffb0bf4: a804 f1ff 

  0x000001f7bffb0bf8: ;   {other}
  0x000001f7bffb0bf8: 0f1f 8400 | 7021 0015 | 488b f841 | 807f 3800 | 0f85 f713 | 0000 488b | 5c24 684c | 8bd7 49c1 
  0x000001f7bffb0c18: ea03 4489 | 5314 4c8b | d34c 8bdf | 4d33 da49 | c1eb 164d | 85db 741f | 4885 ff74 | 1a49 c1ea 
  0x000001f7bffb0c38: 0948 b900 | 00d1 cdf7 | 0100 0049 | 03ca 8039 | 020f 8556 | 1500 000f | be73 1044 | 8b4c 2424 
  0x000001f7bffb0c58: 430f be4c | cc10 8b43 | 0ce9 5fee | ffff 4889 | 5c24 6848 | 8bd3 6690 

  0x000001f7bffb0c70: ;   {optimized virtual_call}
  0x000001f7bffb0c70: c5f8 77e8 

  0x000001f7bffb0c74: ; ImmutableOopMap {rbp=NarrowOop [32]=NarrowOop [40]=Oop [48]=Oop [56]=Oop [72]=Oop [80]=Oop [96]=Oop [104]=Oop }
                      ;*invokevirtual newCapacity {reexecute=0 rethrow=0 return_oop=0}
                      ; - java.lang.AbstractStringBuilder::ensureCapacityInternal@24 (line 246)
                      ; - java.lang.AbstractStringBuilder::append@21 (line 590)
                      ; - java.lang.StringBuilder::append@2 (line 179)
                      ; - java.net.URLStreamHandler::toExternalForm@113 (line 485)
                      ; - java.net.URL::toExternalForm@5 (line 1203)
                      ; - java.net.URL::toString@1 (line 1189)
                      ; - java.lang.ClassLoader::defineClassSourceLocation@22 (line 928)
                      ; - java.lang.ClassLoader::defineClass@12 (line 1025)
                      ; - java.security.SecureClassLoader::defineClass@12 (line 150)
  0x000001f7bffb0c74: 68db 8bff 

  0x000001f7bffb0c78: ;   {other}
  0x000001f7bffb0c78: 0f1f 8400 | f021 0016 | 4c8b 5424 | 6845 0fbe | 5a10 c462 | 21f7 c048 | 8bd5 48c1 | e203 498b 
  0x000001f7bffb0c98: ea66 6690 

  0x000001f7bffb0c9c: ;   {static_call}
  0x000001f7bffb0c9c: c5f8 77e8 

  0x000001f7bffb0ca0: ; ImmutableOopMap {rbp=Oop [32]=NarrowOop [40]=Oop [48]=Oop [56]=Oop [72]=Oop [80]=Oop [96]=Oop }
                      ;*invokestatic copyOf {reexecute=0 rethrow=0 return_oop=1}
                      ; - java.lang.AbstractStringBuilder::ensureCapacityInternal@32 (line 245)
                      ; - java.lang.AbstractStringBuilder::append@21 (line 590)
                      ; - java.lang.StringBuilder::append@2 (line 179)
                      ; - java.net.URLStreamHandler::toExternalForm@113 (line 485)
                      ; - java.net.URL::toExternalForm@5 (line 1203)
                      ; - java.net.URL::toString@1 (line 1189)
                      ; - java.lang.ClassLoader::defineClassSourceLocation@22 (line 928)
                      ; - java.lang.ClassLoader::defineClass@12 (line 1025)
                      ; - java.security.SecureClassLoader::defineClass@12 (line 150)
  0x000001f7bffb0ca0: 3ce1 8bff 

  0x000001f7bffb0ca4: ;   {other}
  0x000001f7bffb0ca4: 0f1f 8400 | 1c22 0017 | 488b f841 | 807f 3800 | 0f85 8b13 | 0000 488b | dd4c 8bd7 | 49c1 ea03 
  0x000001f7bffb0cc4: 4489 5314 | 4c8b d34c | 8bdf 4d33 | da49 c1eb | 164d 85db | 741f 4885 | ff74 1a49 | c1ea 0948 
  0x000001f7bffb0ce4: b900 00d1 | cdf7 0100 | 0049 03ca | 8039 020f | 85fe 1400 | 0044 8b4c | 2420 6690 | e977 eeff 
  0x000001f7bffb0d04: ff44 894c | 2420 488b | eb48 8bd3 

  0x000001f7bffb0d10: ;   {optimized virtual_call}
  0x000001f7bffb0d10: c5f8 77e8 

  0x000001f7bffb0d14: ; ImmutableOopMap {rbp=Oop [32]=NarrowOop [40]=Oop [48]=Oop [56]=Oop [72]=Oop [80]=Oop }
                      ;*invokevirtual newCapacity {reexecute=0 rethrow=0 return_oop=0}
                      ; - java.lang.AbstractStringBuilder::ensureCapacityInternal@24 (line 246)
                      ; - java.lang.AbstractStringBuilder::append@21 (line 590)
                      ; - java.lang.StringBuilder::append@2 (line 179)
                      ; - java.net.URLStreamHandler::toExternalForm@149 (line 486)
                      ; - java.net.URL::toExternalForm@5 (line 1203)
                      ; - java.net.URL::toString@1 (line 1189)
                      ; - java.lang.ClassLoader::defineClassSourceLocation@22 (line 928)
                      ; - java.lang.ClassLoader::defineClass@12 (line 1025)
                      ; - java.security.SecureClassLoader::defineClass@12 (line 150)
  0x000001f7bffb0d14: c8da 8bff 

  0x000001f7bffb0d18: ;   {other}
  0x000001f7bffb0d18: 0f1f 8400 | 9022 0018 | 440f be55 | 10c4 6229 | f7c0 448b | 5424 2049 | 8bd2 48c1 | e203 6690 
  0x000001f7bffb0d38: ;   {static_call}
  0x000001f7bffb0d38: c5f8 77e8 

  0x000001f7bffb0d3c: ; ImmutableOopMap {rbp=Oop [40]=Oop [48]=Oop [56]=Oop [72]=Oop [80]=Oop }
                      ;*invokestatic copyOf {reexecute=0 rethrow=0 return_oop=1}
                      ; - java.lang.AbstractStringBuilder::ensureCapacityInternal@32 (line 245)
                      ; - java.lang.AbstractStringBuilder::append@21 (line 590)
                      ; - java.lang.StringBuilder::append@2 (line 179)
                      ; - java.net.URLStreamHandler::toExternalForm@149 (line 486)
                      ; - java.net.URL::toExternalForm@5 (line 1203)
                      ; - java.net.URL::toString@1 (line 1189)
                      ; - java.lang.ClassLoader::defineClassSourceLocation@22 (line 928)
                      ; - java.lang.ClassLoader::defineClass@12 (line 1025)
                      ; - java.security.SecureClassLoader::defineClass@12 (line 150)
  0x000001f7bffb0d3c: a0e0 8bff 

  0x000001f7bffb0d40: ;   {other}
  0x000001f7bffb0d40: 0f1f 8400 | b822 0019 | 488b f841 | 807f 3800 | 0f85 2913 | 0000 488b | dd4c 8bd7 | 49c1 ea03 
  0x000001f7bffb0d60: 4489 5314 | 4c8b d34c | 8bdf 4d33 | da49 c1eb | 164d 85db | 741f 4885 | ff74 1a49 | c1ea 0948 
  0x000001f7bffb0d80: b900 00d1 | cdf7 0100 | 0049 03ca | 8039 020f | 85b3 1400 | 000f be6b | 1044 8b43 | 0c66 6690 
  0x000001f7bffb0da0: e936 eeff | ff44 895c | 2474 4489 | 5424 4c48 | 8974 2468 | 4889 7c24 | 6089 5c24 | 484c 896c 
  0x000001f7bffb0dc0: 2420 4b8d | 2ccc 4489 | 4c24 7048 | 8bd6 6690 

  0x000001f7bffb0dd0: ;   {optimized virtual_call}
  0x000001f7bffb0dd0: c5f8 77e8 

  0x000001f7bffb0dd4: ; ImmutableOopMap {rbp=Oop [32]=Oop [40]=Oop [48]=Oop [56]=Oop [72]=NarrowOop [76]=NarrowOop [80]=Oop [96]=Oop [104]=Oop [112]=NarrowOop }
                      ;*invokevirtual newCapacity {reexecute=0 rethrow=0 return_oop=0}
                      ; - java.lang.AbstractStringBuilder::ensureCapacityInternal@24 (line 246)
                      ; - java.lang.AbstractStringBuilder::append@21 (line 590)
                      ; - java.lang.StringBuilder::append@2 (line 179)
                      ; - java.net.URLStreamHandler::toExternalForm@11 (line 480)
                      ; - java.net.URL::toExternalForm@5 (line 1203)
                      ; - java.net.URL::toString@1 (line 1189)
                      ; - java.lang.ClassLoader::defineClassSourceLocation@22 (line 928)
                      ; - java.lang.ClassLoader::defineClass@12 (line 1025)
                      ; - java.security.SecureClassLoader::defineClass@12 (line 150)
  0x000001f7bffb0dd4: 08da 8bff 

  0x000001f7bffb0dd8: ;   {other}
  0x000001f7bffb0dd8: 0f1f 8400 | 5023 001a | 4c8b 5424 | 6845 0fbe | 5a10 c462 | 21f7 c044 | 8b5c 244c | 498b d348 
  0x000001f7bffb0df8: c1e2 0390 

  0x000001f7bffb0dfc: ;   {static_call}
  0x000001f7bffb0dfc: c5f8 77e8 

  0x000001f7bffb0e00: ; ImmutableOopMap {rbp=Oop [32]=Oop [40]=Oop [48]=Oop [56]=Oop [72]=NarrowOop [80]=Oop [96]=Oop [104]=Oop [112]=NarrowOop }
                      ;*invokestatic copyOf {reexecute=0 rethrow=0 return_oop=1}
                      ; - java.lang.AbstractStringBuilder::ensureCapacityInternal@32 (line 245)
                      ; - java.lang.AbstractStringBuilder::append@21 (line 590)
                      ; - java.lang.StringBuilder::append@2 (line 179)
                      ; - java.net.URLStreamHandler::toExternalForm@11 (line 480)
                      ; - java.net.URL::toExternalForm@5 (line 1203)
                      ; - java.net.URL::toString@1 (line 1189)
                      ; - java.lang.ClassLoader::defineClassSourceLocation@22 (line 928)
                      ; - java.lang.ClassLoader::defineClass@12 (line 1025)
                      ; - java.security.SecureClassLoader::defineClass@12 (line 150)
  0x000001f7bffb0e00: dcdf 8bff 

  0x000001f7bffb0e04: ;   {other}
  0x000001f7bffb0e04: 0f1f 8400 | 7c23 001b | 488b d841 | 807f 3800 | 0f85 a512 | 0000 488b | 7424 684c | 8bdb 49c1 
  0x000001f7bffb0e24: eb03 4489 | 5e14 4c8b | d64c 8bdb | 4d33 da49 | c1eb 164d | 85db 7423 | 0f1f 4000 | 4885 db74 
  0x000001f7bffb0e44: 1a49 c1ea | 0948 b900 | 00d1 cdf7 | 0100 0049 | 03ca 8039 | 020f 853a | 1400 004c | 8b6c 2420 
  0x000001f7bffb0e64: 8b5c 2448 | 488b 7c24 | 6044 8b4c | 2470 448b | 5c24 74e9 | 9cea ffff | 488b d048 | 8944 2420 
  0x000001f7bffb0e84: ;   {optimized virtual_call}
  0x000001f7bffb0e84: c5f8 77e8 

  0x000001f7bffb0e88: ; ImmutableOopMap {[32]=Oop [40]=Oop [48]=Oop [72]=Oop [80]=Oop }
                      ;*invokevirtual initClassName {reexecute=0 rethrow=0 return_oop=1}
                      ; - java.lang.Class::getName@14 (line 1037)
                      ; - java.lang.Class::getPackageName@40 (line 1256)
                      ; - java.lang.ClassLoader::postDefineClass@2 (line 935)
                      ; - java.lang.ClassLoader::defineClass@37 (line 1027)
                      ; - java.security.SecureClassLoader::defineClass@12 (line 150)
  0x000001f7bffb0e88: 24d6 e2ff 

  0x000001f7bffb0e8c: ;   {other}
  0x000001f7bffb0e8c: 0f1f 8400 | 0424 001c | 4885 c00f | 8521 f0ff | ffba f6ff | ffff 6690 

  0x000001f7bffb0ea4: ;   {runtime_call UncommonTrapBlob}
  0x000001f7bffb0ea4: c5f8 77e8 

  0x000001f7bffb0ea8: ; ImmutableOopMap {}
                      ;*invokevirtual lastIndexOf {reexecute=0 rethrow=0 return_oop=0}
                      ; - java.lang.Class::getPackageName@47 (line 1257)
                      ; - java.lang.ClassLoader::postDefineClass@2 (line 935)
                      ; - java.lang.ClassLoader::defineClass@37 (line 1027)
                      ; - java.security.SecureClassLoader::defineClass@12 (line 150)
  0x000001f7bffb0ea8: b434 8cff 

  0x000001f7bffb0eac: ;   {other}
  0x000001f7bffb0eac: 0f1f 8400 | 2424 001d | 488b d8e9 | 99f3 ffff | 448b 5424 | 3849 8bea | 48c1 e503 | 488b 5424 
  0x000001f7bffb0ecc: 2866 6690 

  0x000001f7bffb0ed0: ;   {optimized virtual_call}
  0x000001f7bffb0ed0: c5f8 77e8 

  0x000001f7bffb0ed4: ; ImmutableOopMap {rbp=Oop [32]=Oop [40]=Oop [48]=Oop [56]=NarrowOop [64]=Oop [72]=Oop }
                      ;*invokevirtual intern {reexecute=0 rethrow=0 return_oop=1}
                      ; - java.lang.NamedPackage::<init>@47 (line 51)
                      ; - java.lang.ClassLoader::getNamedPackage@22 (line 342)
                      ; - java.lang.ClassLoader::postDefineClass@9 (line 935)
                      ; - java.lang.ClassLoader::defineClass@37 (line 1027)
                      ; - java.security.SecureClassLoader::defineClass@12 (line 150)
  0x000001f7bffb0ed4: d859 e1ff 

  0x000001f7bffb0ed8: ;   {other}
  0x000001f7bffb0ed8: 0f1f 8400 | 5024 001e | 488b d841 | 807f 3800 | 0f85 2516 | 0000 488b | 7c24 404c | 8bc3 4d8b 
  0x000001f7bffb0ef8: d849 c1eb | 0344 895f | 0c4c 8bd7 | 4d8b d84d | 33da 49c1 | eb16 4d85 | db74 1f4d | 85c0 741a 
  0x000001f7bffb0f18: 49c1 ea09 | 48b9 0000 | d1cd f701 | 0000 4903 | ca80 3902 | 0f85 2b16 | 0000 4180 | 7f38 000f 
  0x000001f7bffb0f38: 859b 1500 | 008b 5c24 | 3889 5f10 | 4c8b d54c | 8bdf 4d33 | d349 c1ea | 164d 85d2 | 741e 85db 
  0x000001f7bffb0f58: 741a 49c1 | eb09 48b9 | 0000 d1cd | f701 0000 | 4903 cb80 | 3902 0f85 | 3a16 0000 | 4c8b 5424 
  0x000001f7bffb0f78: 2045 8b5a | 3866 6690 | 4585 db0f | 84e7 2800 | 0048 897c | 2440 4b8d | 14dc 4c8b | 4424 284c 
  0x000001f7bffb0f98: 8bcf 6690 

  0x000001f7bffb0f9c: ;   {optimized virtual_call}
  0x000001f7bffb0f9c: c5f8 77e8 

  0x000001f7bffb0fa0: ; ImmutableOopMap {[32]=Oop [48]=Oop [56]=NarrowOop [64]=Oop [72]=Oop }
                      ;*invokevirtual putIfAbsent {reexecute=0 rethrow=0 return_oop=1}
                      ; - java.lang.ClassLoader::getNamedPackage@32 (line 344)
                      ; - java.lang.ClassLoader::postDefineClass@9 (line 935)
                      ; - java.lang.ClassLoader::defineClass@37 (line 1027)
                      ; - java.security.SecureClassLoader::defineClass@12 (line 150)
  0x000001f7bffb0fa0: 0c46 ebff 

  0x000001f7bffb0fa4: ;   {other}
  0x000001f7bffb0fa4: 0f1f 8400 | 1c25 001f | 4885 c00f | 849e 1500 | 0044 8b58 | 0849 ba00 | 0000 ddf7 | 0100 004d 
  0x000001f7bffb0fc4: 03d3 4d8b 

  0x000001f7bffb0fc8: ;   {metadata('java/lang/NamedPackage')}
  0x000001f7bffb0fc8: 5238 49bb | 7807 22dd | f701 0000 | 4d3b d30f | 84af 2800 | 00ba deff | ffff 488b | e866 6690 
  0x000001f7bffb0fe8: ;   {runtime_call UncommonTrapBlob}
  0x000001f7bffb0fe8: c5f8 77e8 

  0x000001f7bffb0fec: ; ImmutableOopMap {rbp=Oop }
                      ;*checkcast {reexecute=0 rethrow=0 return_oop=0}
                      ; - java.lang.ClassLoader::getNamedPackage@35 (line 344)
                      ; - java.lang.ClassLoader::postDefineClass@9 (line 935)
                      ; - java.lang.ClassLoader::defineClass@37 (line 1027)
                      ; - java.security.SecureClassLoader::defineClass@12 (line 150)
  0x000001f7bffb0fec: 7033 8cff 

  0x000001f7bffb0ff0: ;   {other}
  0x000001f7bffb0ff0: 0f1f 8400 | 6825 0020 | 488b 7424 | 6848 8b7c | 2420 448b | 9c24 9000 | 0000 448b | 8424 9400 
  0x000001f7bffb1010: 0000 e944 | 0000 0066 | 0f1f 8400 | 0000 0000 | 453b d80f | 85f3 2c00 | 0041 8bcb | ffc9 413b 
  0x000001f7bffb1030: cb0f 8393 | 2b00 0066 | 0f1f 8400 | 0000 0000 | 4585 c00f | 8681 2b00 | 0045 8bc8 | 41ff c945 
  0x000001f7bffb1050: 3bc8 0f83 | c42b 0000 | 4533 d242 | 8b4c 9610 | 85c9 0f84 | 3c28 0000 | 4d8d 0ccc | 33ed 4889 
  0x000001f7bffb1070: 7424 6844 | 899c 2490 | 0000 0044 | 8984 2494 | 0000 0044 | 8954 247c | 898c 2480 | 0000 004c 
  0x000001f7bffb1090: 898c 2498 | 0000 0044 | 8b5c af10 | 4889 7c24 | 204d 8bc3 | 49c1 e003 | 488b 9424 | 9800 0000 
  0x000001f7bffb10b0: ;   {optimized virtual_call}
  0x000001f7bffb10b0: c5f8 77e8 

  0x000001f7bffb10b4: ; ImmutableOopMap {[32]=Oop [40]=Oop [48]=Oop [56]=Oop [72]=Oop [80]=Oop [104]=Oop [128]=NarrowOop [152]=Oop }
                      ;*invokevirtual equals {reexecute=0 rethrow=0 return_oop=0}
                      ; - java.lang.ClassLoader::compareCerts@81 (line 1196)
                      ; - java.lang.ClassLoader::checkCerts@80 (line 1170)
                      ; - java.lang.ClassLoader::preDefineClass@113 (line 918)
                      ; - java.lang.ClassLoader::defineClass@4 (line 1024)
                      ; - java.security.SecureClassLoader::defineClass@12 (line 150)
  0x000001f7bffb10b4: 28d7 8bff 

  0x000001f7bffb10b8: ;   {other}
  0x000001f7bffb10b8: 0f1f 8400 | 3026 0021 | 85c0 7516 | ffc5 3bac | 2494 0000 | 000f 8dd2 | 2900 0048 | 8b7c 2420 
  0x000001f7bffb10d8: ebbd 448b | 5424 7c41 | ffc2 443b | 9424 9000 | 0000 0f8c | 08ff ffff | 4533 c04c | 8b5c 2420 
  0x000001f7bffb10f8: 478b 5483 | 1066 6690 | 4585 d20f | 84fb 2700 | 004f 8d0c | d433 ed44 | 8944 2474 | 4489 5424 
  0x000001f7bffb1118: 784c 898c | 2488 0000 | 004c 8b54 | 2468 458b | 5caa 104d | 8bc3 49c1 | e003 488b | 9424 8800 
  0x000001f7bffb1138: 0000 6690 

  0x000001f7bffb113c: ;   {optimized virtual_call}
  0x000001f7bffb113c: c5f8 77e8 

  0x000001f7bffb1140: ; ImmutableOopMap {[32]=Oop [40]=Oop [48]=Oop [56]=Oop [72]=Oop [80]=Oop [104]=Oop [120]=NarrowOop [136]=Oop }
                      ;*invokevirtual equals {reexecute=0 rethrow=0 return_oop=0}
                      ; - java.lang.ClassLoader::compareCerts@166 (line 1208)
                      ; - java.lang.ClassLoader::checkCerts@80 (line 1170)
                      ; - java.lang.ClassLoader::preDefineClass@113 (line 918)
                      ; - java.lang.ClassLoader::defineClass@4 (line 1024)
                      ; - java.security.SecureClassLoader::defineClass@12 (line 150)
  0x000001f7bffb1140: 9cd6 8bff 

  0x000001f7bffb1144: ;   {other}
  0x000001f7bffb1144: 0f1f 8400 | bc26 0022 | 85c0 752c | ffc5 3bac | 2490 0000 | 007c c6ba | 45ff ffff | 4c8b 5424 
  0x000001f7bffb1164: 684c 8954 | 2458 6690 

  0x000001f7bffb116c: ;   {runtime_call UncommonTrapBlob}
  0x000001f7bffb116c: c5f8 77e8 

  0x000001f7bffb1170: ; ImmutableOopMap {[32]=Oop [40]=Oop [48]=Oop [56]=Oop [72]=Oop [88]=Oop }
                      ;*if_icmpge {reexecute=1 rethrow=0 return_oop=0}
                      ; - (reexecute) java.lang.ClassLoader::compareCerts@152 (line 1207)
                      ; - java.lang.ClassLoader::checkCerts@80 (line 1170)
                      ; - java.lang.ClassLoader::preDefineClass@113 (line 918)
                      ; - java.lang.ClassLoader::defineClass@4 (line 1024)
                      ; - java.security.SecureClassLoader::defineClass@12 (line 150)
  0x000001f7bffb1170: ec31 8cff 

  0x000001f7bffb1174: ;   {other}
  0x000001f7bffb1174: 0f1f 8400 | ec26 0023 | 448b 4424 | 7441 ffc0 | 443b 8424 | 9400 0000 | 0f8c 61ff | ffff e93b 
  0x000001f7bffb1194: e6ff ff45 | 8b5c ec14 | 0f1f 4000 

  0x000001f7bffb11a0: ; implicit exception: dispatches to 0x000001f7bffb437c
  0x000001f7bffb11a0: 478b 54dc | 0c45 85d2 | 0f86 5ae8 | ffff ba45 | ffff ff4c | 8b54 2428 | 4c89 5424 | 204c 8b54 
  0x000001f7bffb11c0: 2430 4c89 | 5424 284c | 8b54 2438 | 4c89 5424 | 3044 8b5c | 2440 4489 | 5c24 3844 | 8b54 2444 
  0x000001f7bffb11e0: 4489 5424 | 3c4c 896c | 2440 895c | 2448 4889 | 7424 5090 

  0x000001f7bffb11f4: ;   {runtime_call UncommonTrapBlob}
  0x000001f7bffb11f4: c5f8 77e8 

  0x000001f7bffb11f8: ; ImmutableOopMap {rbp=NarrowOop [32]=Oop [40]=Oop [48]=Oop [64]=Oop [72]=NarrowOop [80]=Oop }
                      ;*ifne {reexecute=1 rethrow=0 return_oop=0}
                      ; - (reexecute) java.net.URLStreamHandler::toExternalForm@32 (line 482)
                      ; - java.net.URL::toExternalForm@5 (line 1203)
                      ; - java.net.URL::toString@1 (line 1189)
                      ; - java.lang.ClassLoader::defineClassSourceLocation@22 (line 928)
                      ; - java.lang.ClassLoader::defineClass@12 (line 1025)
                      ; - java.security.SecureClassLoader::defineClass@12 (line 150)
  0x000001f7bffb11f8: 6431 8cff 

  0x000001f7bffb11fc: ;   {other}
  0x000001f7bffb11fc: 0f1f 8400 | 7427 0024 | 458b 5ccc | 0c45 8b44 | cc08 4d63 | d349 8d2c | cc49 c1e2 | 020f 1f80 
  0x000001f7bffb121c: 0000 0000 | 4181 fb00 | 0004 000f | 872b 1e00 | 0049 8bb7 | b801 0000 | 4d8d 4a17 | 4983 e1f8 
  0x000001f7bffb123c: 488b d649 | 03d1 493b | 97c8 0100 | 000f 8309 | 1e00 0049 | 8997 b801 | 0000 0f0d | 8ac0 0000 
  0x000001f7bffb125c: 0048 c706 | 0100 0000 | 4489 4608 | 4489 5e0c | 0f0d 8a00 | 0100 000f | 0d8a 4001 | 0000 0f0d 
  0x000001f7bffb127c: 8a80 0100 | 0049 8d4c | cc10 488b | d648 83c2 | 1049 83c2 | 0749 c1ea | 034d 8bc2 | c5f8 7749 
  0x000001f7bffb129c: ba20 5c85 | bff7 0100 | 0041 ffd2 

  0x000001f7bffb12a8: ;   {other}
  0x000001f7bffb12a8: 0f1f 8400 | 0000 0000 

  0x000001f7bffb12b0: ;   {oop(""{0x0000000600400890})}
  0x000001f7bffb12b0: 49b8 9008 | 4000 0600 | 0000 49b9 | 0000 d1cd | f701 0000 | 4c8b d6e9 | 7ee4 ffff | 4889 7424 
  0x000001f7bffb12d0: 6048 897c | 2448 895c | 2420 498b | ed48 8bd6 

  0x000001f7bffb12e0: ;   {optimized virtual_call}
  0x000001f7bffb12e0: c5f8 77e8 

  0x000001f7bffb12e4: ; ImmutableOopMap {rbp=Oop [32]=NarrowOop [40]=Oop [48]=Oop [56]=Oop [72]=Oop [80]=Oop [96]=Oop }
                      ;*invokevirtual isLatin1 {reexecute=0 rethrow=0 return_oop=0}
                      ; - java.lang.AbstractStringBuilder::append@46 (line 817)
                      ; - java.lang.StringBuilder::append@2 (line 246)
                      ; - java.net.URLStreamHandler::toExternalForm@16 (line 480)
                      ; - java.net.URL::toExternalForm@5 (line 1203)
                      ; - java.net.URL::toString@1 (line 1189)
                      ; - java.lang.ClassLoader::defineClassSourceLocation@22 (line 928)
                      ; - java.lang.ClassLoader::defineClass@12 (line 1025)
                      ; - java.security.SecureClassLoader::defineClass@12 (line 150)
  0x000001f7bffb12e4: f8d4 8bff 

  0x000001f7bffb12e8: ;   {other}
  0x000001f7bffb12e8: 0f1f 8400 | 6028 0025 | 85c0 0f85 | b905 0000 | 4c8b 5c24 | 6045 8b53 | 1445 8b43 | 0c49 8bd2 
  0x000001f7bffb1308: 48c1 e203 | 458b d041 | ffc2 4589 | 530c 41b9 | 3a00 0000 

  0x000001f7bffb131c: ;   {static_call}
  0x000001f7bffb131c: c5f8 77e8 

  0x000001f7bffb1320: ; ImmutableOopMap {rbp=Oop [32]=NarrowOop [40]=Oop [48]=Oop [56]=Oop [72]=Oop [80]=Oop [96]=Oop }
                      ;*invokestatic putCharSB {reexecute=0 rethrow=0 return_oop=0}
                      ; - java.lang.AbstractStringBuilder::append@72 (line 820)
                      ; - java.lang.StringBuilder::append@2 (line 246)
                      ; - java.net.URLStreamHandler::toExternalForm@16 (line 480)
                      ; - java.net.URL::toExternalForm@5 (line 1203)
                      ; - java.net.URL::toString@1 (line 1189)
                      ; - java.lang.ClassLoader::defineClassSourceLocation@22 (line 928)
                      ; - java.lang.ClassLoader::defineClass@12 (line 1025)
                      ; - java.security.SecureClassLoader::defineClass@12 (line 150)
  0x000001f7bffb1320: bcda 8bff 

  0x000001f7bffb1324: ;   {other}
  0x000001f7bffb1324: 0f1f 8400 | 9c28 0026 | 4c8b ed8b | 5c24 2048 | 8b7c 2448 | 488b 7424 | 6066 6690 | e9b4 e6ff 
  0x000001f7bffb1344: ff45 8b44 | fc0c 458b | 54fc 0849 | 8d2c fc49 | 63f0 48c1 | e602 660f | 1f44 0000 | 4181 f800 
  0x000001f7bffb1364: 0004 000f | 8707 2200 | 0049 8b9f | b801 0000 | 4c8d 5e17 | 4983 e3f8 | 488b cb49 | 03cb 493b 
  0x000001f7bffb1384: 8fc8 0100 | 000f 83e5 | 2100 0049 | 898f b801 | 0000 0f0d | 89c0 0000 | 0048 c703 | 0100 0000 
  0x000001f7bffb13a4: 4489 5308 | 4489 430c | 0f0d 8900 | 0100 000f | 0d89 4001 | 0000 0f0d | 8980 0100 | 0049 8d4c 
  0x000001f7bffb13c4: fc10 488b | d348 83c2 | 1048 83c6 | 0748 c1ee | 034c 8bc6 | c5f8 7749 | ba20 5c85 | bff7 0100 
  0x000001f7bffb13e4: 0041 ffd2 

  0x000001f7bffb13e8: ;   {other}
  0x000001f7bffb13e8: 0f1f 8400 | 0000 0000 | 488b 5424 | 304c 8bc3 

  0x000001f7bffb13f8: ;   {optimized virtual_call}
  0x000001f7bffb13f8: c5f8 77e8 

  0x000001f7bffb13fc: ; ImmutableOopMap {[48]=Oop }
                      ;*invokevirtual setSigners {reexecute=0 rethrow=0 return_oop=0}
                      ; - java.lang.ClassLoader::setSigners@2 (line 1316)
                      ; - java.lang.ClassLoader::postDefineClass@35 (line 940)
                      ; - java.lang.ClassLoader::defineClass@37 (line 1027)
                      ; - java.security.SecureClassLoader::defineClass@12 (line 150)
  0x000001f7bffb13fc: e0d3 8bff 

  0x000001f7bffb1400: ;   {other}
  0x000001f7bffb1400: 0f1f 8400 | 7829 0027 | e99c f3ff | ff45 33c0 | e9c7 e4ff | ff45 8b5d | 140f 1f80 | 0000 0000 
  0x000001f7bffb1420: 4585 db0f | 84f1 e9ff | ff4d 8b57 | 2849 8bcb | 48c1 e103 | 4d85 d20f | 84cf 1a00 | 004d 8b5f 
  0x000001f7bffb1440: 304b 894c | 13f8 4983 | c2f8 4d89 | 5728 e9c7 | e9ff ff4d | 8b57 404d | 8b5f 48f0 | 8344 24c0 
  0x000001f7bffb1460: 0080 3900 | 7432 4488 | 214d 85d2 | 740f 4b89 | 4c13 f849 | 83c2 f84d | 8957 40eb | 1b49 8bd7 
  0x000001f7bffb1480: c5f8 7749 | bac0 073c | a7fd 7f00 | 0041 ffd2 

  0x000001f7bffb1490: ;   {other}
  0x000001f7bffb1490: 0f1f 8400 | 0000 0000 | 448b 460c | 448b 5614 | e937 e4ff | ff4d 8b57 | 404d 8b5f | 48f0 8344 
  0x000001f7bffb14b0: 24c0 0080 | 3900 0f84 | 95e9 ffff | 4488 2190 | 4d85 d275 | 2049 8bd7 | c5f8 7749 | bac0 073c 
  0x000001f7bffb14d0: a7fd 7f00 | 0041 ffd2 

  0x000001f7bffb14d8: ;   {other}
  0x000001f7bffb14d8: 0f1f 8400 | 0000 0000 | e96c e9ff | ff4b 894c | 13f8 4983 | c2f8 4d89 | 5740 e95a | e9ff ff44 
  0x000001f7bffb14f8: 8b56 140f | 1f44 0000 | 4585 d20f | 84cd e1ff | ff4d 8b47 | 2849 8bca | 48c1 e103 | 4d85 c00f 
  0x000001f7bffb1518: 84d3 1e00 | 004d 8b57 | 304b 894c | 02f8 4983 | c0f8 4d89 | 4728 e9a3 | e1ff ff4d | 8b57 404d 
  0x000001f7bffb1538: 8b5f 48f0 | 8344 24c0 | 0080 3900 | 0f84 c0e1 | ffff 4488 | 214d 85d2 | 7520 498b | d7c5 f877 
  0x000001f7bffb1558: 49ba c007 | 3ca7 fd7f | 0000 41ff 

  0x000001f7bffb1564: ;   {other}
  0x000001f7bffb1564: d20f 1f84 | 0000 0000 | 00e9 98e1 | ffff 4b89 | 4c13 f849 | 83c2 f84d | 8957 4090 | e985 e1ff 
  0x000001f7bffb1584: ff4c 63c5 | 4d8d 5810 | 498b d348 | 83e2 f848 | 8bfb 4803 | fa49 c1eb | 0349 2bcb | 4833 c048 
  0x000001f7bffb15a4: 83f9 087f | 1048 ffc9 | 784f 4889 | 04cf 48ff | c97d f7eb | 44c5 fdef | c0e9 0d00 | 0000 c5fe 
  0x000001f7bffb15c4: 7f07 c5fe | 7f47 2048 | 83c7 4048 | 83e9 087d | ed48 83c1 | 047c 0cc5 | fe7f 0748 | 83c7 2048 
  0x000001f7bffb15e4: 83e9 0448 | 83c1 047e | 1048 ffc9 | c5f9 d607 | 4883 c708 | 48ff c97d | f349 8bc9 | 498b d2c5 
  0x000001f7bffb1604: f877 49ba | 8055 85bf | f701 0000 

  0x000001f7bffb1610: ;   {other}
  0x000001f7bffb1610: 41ff d20f | 1f84 0000 | 0000 000f | 1f44 0000 | e9ea e7ff | ffc4 e1f9 | 6ec2 4889 | 7424 5844 
  0x000001f7bffb1630: 896c 2450 | 4889 5c24 | 204c 63c5 | 498d 4810 | 488b d148 | 83e2 f849 | 8bfb 4803 | fa49 8beb 
  0x000001f7bffb1650: 48c1 e903 | 4c2b d149 | 8bca 4833 | c048 83f9 | 087f 1048 | ffc9 784f | 4889 04cf | 48ff c97d 
  0x000001f7bffb1670: f7eb 44c5 | f5ef c9e9 | 0d00 0000 | c5fe 7f0f | c5fe 7f4f | 2048 83c7 | 4048 83e9 | 087d ed48 
  0x000001f7bffb1690: 83c1 047c | 0cc5 fe7f | 0f48 83c7 | 2048 83e9 | 0448 83c1 | 047e 1048 | ffc9 c5f9 | d60f 4883 
  0x000001f7bffb16b0: c708 48ff | c97d f349 | 8bce c4e1 | f97e c2c5 | f877 49ba | 8055 85bf | f701 0000 

  0x000001f7bffb16cc: ;   {other}
  0x000001f7bffb16cc: 41ff d20f | 1f84 0000 | 0000 0048 | 8b5c 2420 | 448b 6c24 | 5048 8b74 | 2458 4c8b | dde9 dddf 
  0x000001f7bffb16ec: ffff 4c8b | 5424 3045 | 8b5a 3c66 | 0f1f 8400 | 0000 0000 | 4585 db0f | 8482 ebff | ff4d 8b57 
  0x000001f7bffb170c: 2849 8bcb | 48c1 e103 | 4d85 d20f | 8407 1f00 | 004d 8b5f | 304b 894c | 13f8 4983 | c2f8 4d89 
  0x000001f7bffb172c: 5728 e958 | ebff ff4d | 8b57 484d | 8b5f 40f0 | 8344 24c0 | 0080 3900 | 0f84 87eb | ffff 4488 
  0x000001f7bffb174c: 214d 85db | 7520 498b | d7c5 f877 | 49ba c007 | 3ca7 fd7f | 0000 41ff 

  0x000001f7bffb1764: ;   {other}
  0x000001f7bffb1764: d20f 1f84 | 0000 0000 | 00e9 5feb | ffff 4b89 | 4c1a f849 | 83c3 f84d | 895f 4090 | e94c ebff 
  0x000001f7bffb1784: ff44 8b5b | 1445 85db | 0f84 88ea | ffff 4d8b | 5728 498b | cb48 c1e1 | 0366 6690 | 4d85 d20f 
  0x000001f7bffb17a4: 84cf 1e00 | 004d 8b5f | 304b 894c | 13f8 4983 | c2f8 4d89 | 5728 e95b | eaff ff4d | 8b57 404d 
  0x000001f7bffb17c4: 8b5f 48f0 | 8344 24c0 | 0080 3900 | 0f84 7bea | ffff 4488 | 214d 85d2 | 7520 498b | d7c5 f877 
  0x000001f7bffb17e4: 49ba c007 | 3ca7 fd7f | 0000 41ff 

  0x000001f7bffb17f0: ;   {other}
  0x000001f7bffb17f0: d20f 1f84 | 0000 0000 | 00e9 53ea | ffff 4b89 | 4c13 f849 | 83c2 f84d | 8957 40e9 | 41ea ffff 
  0x000001f7bffb1810: 448b c54d | 63c0 4d8d | 4810 498b | c948 83e1 | f848 8bfe | 4803 f949 | c1e9 034d | 2bd9 498b 
  0x000001f7bffb1830: cb48 33c0 | 4883 f908 | 7f10 48ff | c978 4f48 | 8904 cf48 | ffc9 7df7 | eb44 c5fd | efc0 e90d 
  0x000001f7bffb1850: 0000 00c5 | fe7f 07c5 | fe7f 4720 | 4883 c740 | 4883 e908 | 7ded 4883 | c104 7c0c | c5fe 7f07 
  0x000001f7bffb1870: 4883 c720 | 4883 e904 | 4883 c104 | 7e10 48ff | c9c5 f9d6 | 0748 83c7 | 0848 ffc9 | 7df3 498b 
  0x000001f7bffb1890: cd49 8bd2 | c5f8 7749 | ba80 5585 | bff7 0100 | 0041 ffd2 

  0x000001f7bffb18a4: ;   {other}
  0x000001f7bffb18a4: 0f1f 8400 | 0000 0000 | e95e e9ff | ff48 8b54 | 2460 6690 

  0x000001f7bffb18b8: ;   {optimized virtual_call}
  0x000001f7bffb18b8: c5f8 77e8 

  0x000001f7bffb18bc: ; ImmutableOopMap {rbp=Oop [32]=NarrowOop [40]=Oop [48]=Oop [56]=Oop [72]=Oop [80]=Oop [96]=Oop }
                      ;*invokevirtual inflate {reexecute=0 rethrow=0 return_oop=0}
                      ; - java.lang.AbstractStringBuilder::append@53 (line 818)
                      ; - java.lang.StringBuilder::append@2 (line 246)
                      ; - java.net.URLStreamHandler::toExternalForm@16 (line 480)
                      ; - java.net.URL::toExternalForm@5 (line 1203)
                      ; - java.net.URL::toString@1 (line 1189)
                      ; - java.lang.ClassLoader::defineClassSourceLocation@22 (line 928)
                      ; - java.lang.ClassLoader::defineClass@12 (line 1025)
                      ; - java.security.SecureClassLoader::defineClass@12 (line 150)
  0x000001f7bffb18bc: 20cf 8bff 

  0x000001f7bffb18c0: ;   {other}
  0x000001f7bffb18c0: 0f1f 8400 | 382e 0028 | e92b faff | ff49 8b87 | b801 0000 | 4c8b d049 | 83c2 184b | 8d0c ec90 
  0x000001f7bffb18e0: 4d3b 97c8 | 0100 000f | 83d7 2100 | 004d 8997 | b801 0000 | 410f 0d8a | c000 0000 | 48c7 0001 
  0x000001f7bffb1900: ;   {metadata('java/util/ArrayList')}
  0x000001f7bffb1900: 0000 00c7 | 4008 28a0 | 1e00 4489 | 600c 4489 | 6010 478b 

  0x000001f7bffb1914: ;   {oop(a 'java/lang/Object'[0] {0x0000000600446b48})}
  0x000001f7bffb1914: 5cc4 0cc7 | 4014 698d | 08c0 4c8b | c845 85db 

  0x000001f7bffb1924: ;   {oop(""{0x0000000600400890})}
  0x000001f7bffb1924: 7619 48ba | 9008 4000 | 0600 0000 | 48be 0000 | d1cd f701 | 0000 4533 

  0x000001f7bffb193c: ;   {oop(""{0x0000000600400890})}
  0x000001f7bffb193c: dbeb 5149 | ba90 0840 | 0006 0000 | 0049 bb00 | 00d1 cdf7 | 0100 00e9 | 0601 0000 | 0f1f 8400 
  0x000001f7bffb195c: 0000 0000 | 4889 6c24 | 284c 8b54 | 2420 4c89 | 5424 3048 | 8b5c 2450 | 488b 5424 | 6048 8b74 
  0x000001f7bffb197c: 2468 488b | 7c24 7048 | 8b4c 2478 | 4c8b 8c24 | 8000 0000 

  0x000001f7bffb1990: ; implicit exception: dispatches to 0x000001f7bffb4394
  0x000001f7bffb1990: 478b 54c4 | 0c45 3bda | 0f83 ca23 | 0000 4f8d | 14c4 478b | 449a 1047 | 8b54 c410 

  0x000001f7bffb19ac: ; implicit exception: dispatches to 0x000001f7bffb43c4
  0x000001f7bffb19ac: 478b 44d4 | 1044 895c | 245c 4c89 | 8c24 8000 | 0000 4889 | 4c24 7848 | 897c 2470 | 4889 7424 
  0x000001f7bffb19cc: 6848 8954 | 2460 4489 | 6c24 5848 | 895c 2450 | 4c8b 5424 | 304c 8954 | 2420 488b | 6c24 2849 
  0x000001f7bffb19ec: c1e0 0349 | 8bd1 6690 

  0x000001f7bffb19f4: ;   {optimized virtual_call}
  0x000001f7bffb19f4: c5f8 77e8 

  0x000001f7bffb19f8: ; ImmutableOopMap {rbp=Oop [32]=Oop [56]=Oop [72]=Oop [80]=Oop [88]=NarrowOop [96]=Oop [112]=Oop [120]=Oop [128]=Oop }
                      ;*invokevirtual addAll {reexecute=0 rethrow=0 return_oop=0}
                      ; - java.security.CodeSource::getCertificates@57 (line 207)
                      ; - java.lang.ClassLoader::checkCerts@34 (line 1166)
                      ; - java.lang.ClassLoader::preDefineClass@113 (line 918)
                      ; - java.lang.ClassLoader::defineClass@4 (line 1024)
                      ; - java.security.SecureClassLoader::defineClass@12 (line 150)
  0x000001f7bffb19f8: e4cd 8bff 

  0x000001f7bffb19fc: ;   {other}
  0x000001f7bffb19fc: 0f1f 8400 | 742f 0029 | 4d8b 9750 | 0400 0044 | 8b6c 2458 | 478b 44ec | 1044 8b5c | 245c 41ff 
  0x000001f7bffb1a1c: ; ImmutableOopMap {r8=NarrowOop rbp=Oop r13=NarrowOop [32]=Oop [56]=Oop [72]=Oop [80]=Oop [96]=Oop [112]=Oop [120]=Oop [128]=Oop }
                      ;*goto {reexecute=1 rethrow=0 return_oop=0}
                      ; - (reexecute) java.security.CodeSource::getCertificates@64 (line 206)
                      ; - java.lang.ClassLoader::checkCerts@34 (line 1166)
                      ; - java.lang.ClassLoader::preDefineClass@113 (line 918)
                      ; - java.lang.ClassLoader::defineClass@4 (line 1024)
                      ; - java.security.SecureClassLoader::defineClass@12 (line 150)
                      ;   {poll}
  0x000001f7bffb1a1c: c341 8502 

  0x000001f7bffb1a20: ; implicit exception: dispatches to 0x000001f7bffb43dc
  0x000001f7bffb1a20: 478b 54c4 | 0c45 3bda | 0f8c 32ff | ffff 4889 | 6c24 284c | 8b54 2420 | 4c89 5424 | 3048 8b5c 
  0x000001f7bffb1a40: 2450 4c8b | 5424 604c | 8b5c 2468 | 488b 7c24 | 7048 8b4c | 2478 4c8b | 8c24 8000 | 0000 498b 
  0x000001f7bffb1a60: 87b8 0100 | 004c 8bc0 | 4983 c010 | 4d3b 87c8 | 0100 000f | 83bc 2000 | 004d 8987 | b801 0000 
  0x000001f7bffb1a80: 410f 0d88 | c000 0000 | 48c7 0001 | 0000 0041 | 0f0d 8800 

  0x000001f7bffb1a94: ;   {metadata('java/security/cert/Certificate'[])}
  0x000001f7bffb1a94: 0100 00c7 | 4008 b838 | 2200 410f | 0d88 4001 | 0000 4489 | 600c 410f | 0d88 8001 | 0000 488b 
  0x000001f7bffb1ab4: 6c24 284c | 8b44 2430 | 4c89 4424 | 2048 895c | 2450 4489 | 6c24 584c | 8954 2460 | 4c89 5c24 
  0x000001f7bffb1ad4: 6848 897c | 2470 4889 | 4c24 784c | 898c 2480 | 0000 004c | 8bc0 488b | 9424 8000 | 0000 6690 
  0x000001f7bffb1af4: ;   {optimized virtual_call}
  0x000001f7bffb1af4: c5f8 77e8 

  0x000001f7bffb1af8: ; ImmutableOopMap {rbp=Oop [32]=Oop [56]=Oop [72]=Oop [80]=Oop [88]=NarrowOop [96]=Oop [112]=Oop [120]=Oop }
                      ;*invokevirtual toArray {reexecute=0 rethrow=0 return_oop=1}
                      ; - java.security.CodeSource::getCertificates@73 (line 210)
                      ; - java.lang.ClassLoader::checkCerts@34 (line 1166)
                      ; - java.lang.ClassLoader::preDefineClass@113 (line 918)
                      ; - java.lang.ClassLoader::defineClass@4 (line 1024)
                      ; - java.security.SecureClassLoader::defineClass@12 (line 150)
  0x000001f7bffb1af8: e4cc 8bff 

  0x000001f7bffb1afc: ;   {other}
  0x000001f7bffb1afc: 0f1f 8400 | 7430 002b | 4c8b c044 

  0x000001f7bffb1b08: ;   {metadata('java/security/cert/Certificate'[])}
  0x000001f7bffb1b08: 8b58 0841 | 81fb b838 | 2200 0f85 | 2024 0000 | 0f1f 8400 | 0000 0000 | 4180 7f38 | 000f 856d 
  0x000001f7bffb1b28: 1b00 008b | 7c24 584c | 8b54 2478 | 4d8b da4d | 8bd0 49c1 | ea03 4589 | 54fc 144d | 8bd0 4d33 
  0x000001f7bffb1b48: d349 c1ea | 164d 85d2 | 741a 49c1 | eb09 48b9 | 0000 d1cd | f701 0000 | 4903 cb80 | 3902 0f85 
  0x000001f7bffb1b68: 681b 0000 | 458b 580c | 458b 5008 | 4d63 cb49 | c1e1 020f | 1f44 0000 | 4181 fb00 | 0004 000f 
  0x000001f7bffb1b88: 8700 2000 | 0049 8b9f | b801 0000 | 498d 4917 | 4883 e1f8 | 488b fb48 | 03f9 493b | bfc8 0100 
  0x000001f7bffb1ba8: 000f 83de | 1f00 0049 | 89bf b801 | 0000 0f0d | 8fc0 0000 | 0048 c703 | 0100 0000 | 4489 5308 
  0x000001f7bffb1bc8: 4489 5b0c | 0f0d 8f00 | 0100 000f | 0d8f 4001 | 0000 0f0d | 8f80 0100 | 0049 8bc8 | 4883 c110 
  0x000001f7bffb1be8: 488b d348 | 83c2 1049 | 83c1 0749 | c1e9 034d | 8bc1 c5f8 | 7749 ba20 | 5c85 bff7 | 0100 0041 
  0x000001f7bffb1c08: ;   {other}
  0x000001f7bffb1c08: ffd2 0f1f | 8400 0000 | 0000 4c8b | d348 896c | 2428 4c8b | 5c24 204c | 895c 2430 | 488b 5c24 
  0x000001f7bffb1c28: 504c 8b44 | 2460 4c8b | 4c24 6848 | 8b7c 2470 | 498b f20f | 1f44 0000 | e97f f6ff | ff33 dbe9 
  0x000001f7bffb1c48: b3e6 ffff 

  0x000001f7bffb1c4c: ;   {oop(""{0x0000000600400890})}
  0x000001f7bffb1c4c: 48bf 9008 | 4000 0600 | 0000 e9b6 | daff ff0f | 1f44 0000 | 83fa 0174 | 0733 dbe9 | c8ed ffff 
  0x000001f7bffb1c6c: 85d2 0f86 | d221 0000 | 0fb6 1fe9 | b8ed ffff | 498b 87b8 | 0100 004c | 8bd0 4983 | c218 498d 
  0x000001f7bffb1c8c: 3ccc 4d3b | 97c8 0100 | 000f 83d5 | 1f00 004d | 8997 b801 | 0000 410f | 0d8a c000 | 0000 48c7 
  0x000001f7bffb1cac: 0001 0000 

  0x000001f7bffb1cb0: ;   {metadata('java/util/ArrayList')}
  0x000001f7bffb1cb0: 00c7 4008 | 28a0 1e00 | 4489 600c | 4489 6010 | 438b 54c4 

  0x000001f7bffb1cc4: ;   {oop(a 'java/lang/Object'[0] {0x0000000600446b48})}
  0x000001f7bffb1cc4: 0cc7 4014 | 698d 08c0 | 488b d885 | d20f 86a4 | 0000 0045 | 33db eb11 | 0f1f 4000 | 4c8b cd48 
  0x000001f7bffb1ce4: 8b7c 2438 | 488b 5c24 | 4043 8b54 | c40c 443b | da0f 83cd | 2000 004f | 8d14 c447 | 8b54 9a10 
  0x000001f7bffb1d04: ; implicit exception: dispatches to 0x000001f7bffb440c
  0x000001f7bffb1d04: 478b 44d4 | 1047 8b54 | c410 4489 | 5c24 2c48 | 895c 2440 | 4889 7c24 | 3889 4c24 | 2849 8be9 
  0x000001f7bffb1d24: 4d8b c249 | c1e0 0348 | 8bd3 6690 

  0x000001f7bffb1d30: ;   {optimized virtual_call}
  0x000001f7bffb1d30: c5f8 77e8 

  0x000001f7bffb1d34: ; ImmutableOopMap {rbp=Oop [40]=NarrowOop [48]=Oop [56]=Oop [64]=Oop }
                      ;*invokevirtual addAll {reexecute=0 rethrow=0 return_oop=0}
                      ; - java.security.CodeSource::getCertificates@57 (line 207)
                      ; - java.lang.ClassLoader::postDefineClass@24 (line 938)
                      ; - java.lang.ClassLoader::defineClass@37 (line 1027)
                      ; - java.security.SecureClassLoader::defineClass@12 (line 150)
  0x000001f7bffb1d34: a8ca 8bff 

  0x000001f7bffb1d38: ;   {other}
  0x000001f7bffb1d38: 0f1f 8400 | b032 002c | 4d8b 8f50 | 0400 008b | 4c24 2845 | 8b44 cc10 | 448b 5c24 

  0x000001f7bffb1d54: ; ImmutableOopMap {r8=NarrowOop rcx=NarrowOop rbp=Oop [48]=Oop [56]=Oop [64]=Oop }
                      ;*goto {reexecute=1 rethrow=0 return_oop=0}
                      ; - (reexecute) java.security.CodeSource::getCertificates@64 (line 206)
                      ; - java.lang.ClassLoader::postDefineClass@24 (line 938)
                      ; - java.lang.ClassLoader::defineClass@37 (line 1027)
                      ; - java.security.SecureClassLoader::defineClass@12 (line 150)
  0x000001f7bffb1d54: 2c41 ffc3 

  0x000001f7bffb1d58: ;   {poll}
  0x000001f7bffb1d58: 4185 010f | 1f44 0000 

  0x000001f7bffb1d60: ; implicit exception: dispatches to 0x000001f7bffb443c
  0x000001f7bffb1d60: 478b 4cc4 | 0c45 3bd9 | 0f8c 72ff | ffff 4c8b | cd48 8b7c | 2438 488b | 5c24 4049 | 8b87 b801 
  0x000001f7bffb1d80: 0000 4c8b | d049 83c2 | 104d 3b97 | c801 0000 | 0f83 1c1f | 0000 4d89 | 97b8 0100 | 0041 0f0d 
  0x000001f7bffb1da0: 8ac0 0000 | 0048 c700 | 0100 0000 | 410f 0d8a | 0001 0000 

  0x000001f7bffb1db4: ;   {metadata('java/security/cert/Certificate'[])}
  0x000001f7bffb1db4: c740 08b8 | 3822 0041 | 0f0d 8a40 | 0100 0044 | 8960 0c41 | 0f0d 8a80 | 0100 004c | 894c 2420 
  0x000001f7bffb1dd4: 4c8b 5424 | 304c 8954 | 2428 8be9 | 4889 7c24 | 3848 895c | 2440 4c8b | c048 8b54 | 2440 6690 
  0x000001f7bffb1df4: ;   {optimized virtual_call}
  0x000001f7bffb1df4: c5f8 77e8 

  0x000001f7bffb1df8: ; ImmutableOopMap {rbp=NarrowOop [32]=Oop [40]=Oop [56]=Oop }
                      ;*invokevirtual toArray {reexecute=0 rethrow=0 return_oop=1}
                      ; - java.security.CodeSource::getCertificates@73 (line 210)
                      ; - java.lang.ClassLoader::postDefineClass@24 (line 938)
                      ; - java.lang.ClassLoader::defineClass@37 (line 1027)
                      ; - java.security.SecureClassLoader::defineClass@12 (line 150)
  0x000001f7bffb1df8: e4c9 8bff 

  0x000001f7bffb1dfc: ;   {other}
  0x000001f7bffb1dfc: 0f1f 8400 | 7433 002e | 488b d844 

  0x000001f7bffb1e08: ;   {metadata('java/security/cert/Certificate'[])}
  0x000001f7bffb1e08: 8b50 0841 | 81fa b838 | 2200 0f85 | 0421 0000 | 0f1f 8400 | 0000 0000 | 4180 7f38 | 000f 8565 
  0x000001f7bffb1e28: 1900 008b | fd4c 8bd3 | 4c89 5424 | 404c 8b54 | 2438 4c8b | 5c24 4049 | c1eb 0345 | 895c fc14 
  0x000001f7bffb1e48: 4c8b 5c24 | 404d 33da | 49c1 eb16 | 4d85 db74 | 1649 c1ea | 094c 8b44 | 2458 4d03 | c241 8038 
  0x000001f7bffb1e68: 020f 8564 | 1900 004c | 8b54 2440 | 458b 520c | 4c8b 5c24 | 4045 8b5b | 0849 63ea | 48c1 e502 
  0x000001f7bffb1e88: 4181 fa00 | 0004 000f | 875c 1e00 | 0049 8b9f | b801 0000 | 4c8d 4517 | 4983 e0f8 | 4c8b cb4d 
  0x000001f7bffb1ea8: 03c8 4d3b | 8fc8 0100 | 000f 833a | 1e00 004d | 898f b801 | 0000 410f | 0d89 c000 | 0000 48c7 
  0x000001f7bffb1ec8: 0301 0000 | 0044 895b | 0844 8953 | 0c41 0f0d | 8900 0100 | 0041 0f0d | 8940 0100 | 0041 0f0d 
  0x000001f7bffb1ee8: 8980 0100 | 0048 8b4c | 2440 4883 | c110 488b | d348 83c2 | 1048 83c5 | 0748 c1ed | 034c 8bc5 
  0x000001f7bffb1f08: ;   {no_reloc}
  0x000001f7bffb1f08: c5f8 7749 | ba20 5c85 | bff7 0100 | 0041 ffd2 

  0x000001f7bffb1f18: ;   {other}
  0x000001f7bffb1f18: 0f1f 8400 | 0000 0000 | 4c8b 5c24 | 284c 895c | 2430 e9c1 | f4ff ff48 | 8974 2460 | 4889 7c24 
  0x000001f7bffb1f38: 4889 5c24 | 2049 8bed | 488b d690 

  0x000001f7bffb1f44: ;   {optimized virtual_call}
  0x000001f7bffb1f44: c5f8 77e8 

  0x000001f7bffb1f48: ; ImmutableOopMap {rbp=Oop [32]=NarrowOop [40]=Oop [48]=Oop [56]=Oop [72]=Oop [80]=Oop [96]=Oop }
                      ;*invokevirtual appendNull {reexecute=0 rethrow=0 return_oop=1}
                      ; - java.lang.AbstractStringBuilder::append@5 (line 587)
                      ; - java.lang.StringBuilder::append@2 (line 179)
                      ; - java.net.URLStreamHandler::toExternalForm@11 (line 480)
                      ; - java.net.URL::toExternalForm@5 (line 1203)
                      ; - java.net.URL::toString@1 (line 1189)
                      ; - java.lang.ClassLoader::defineClassSourceLocation@22 (line 928)
                      ; - java.lang.ClassLoader::defineClass@12 (line 1025)
                      ; - java.security.SecureClassLoader::defineClass@12 (line 150)
  0x000001f7bffb1f48: 94c8 8bff 

  0x000001f7bffb1f4c: ;   {other}
  0x000001f7bffb1f4c: 0f1f 8400 | c434 002f | 4c8b ed8b | 5c24 2048 | 8b7c 2448 | 488b 7424 | 60e9 3ada | ffff 4c8b 
  0x000001f7bffb1f6c: 4c24 2048 | 896c 2430 | 4c8b 6c24 | 3844 8b44 | 2440 448b | 5424 444c | 8b5c 2450 | e9d6 e3ff 
  0x000001f7bffb1f8c: ff48 8bf5 | 448b 5614 | 4585 d20f | 8418 ebff | ff4d 8b5f | 2849 8bca | 48c1 e103 | 4d85 db0f 
  0x000001f7bffb1fac: 84b3 1900 | 004d 8b57 | 304b 894c | 1af8 4983 | c3f8 4d89 | 5f28 e9ee | eaff ff48 | 8bf5 448b 
  0x000001f7bffb1fcc: 5614 4585 | d20f 8497 | ebff ff4d | 8b5f 2849 | 8bca 48c1 | e103 4d85 | db0f 849a | 1900 004d 
  0x000001f7bffb1fec: 8b57 304b | 894c 1af8 | 4983 c3f8 | 4d89 5f28 | 0f1f 4000 | e969 ebff | ff48 8b5c | 2468 448b 
  0x000001f7bffb200c: 5b14 4585 | db0f 84fc | ebff ff4d | 8b57 2849 | 8bcb 48c1 | e103 4d85 | d20f 847a | 1900 004d 
  0x000001f7bffb202c: 8b5f 304b | 894c 13f8 | 4983 c2f8 | 4d89 5728 | 0f1f 4000 | e9ce ebff | ff48 8bdd 

  0x000001f7bffb2048: ;   {no_reloc}
  0x000001f7bffb2048: 448b 5b14 | 4585 db0f | 8468 ecff | ff4d 8b57 | 2849 8bcb | 48c1 e103 | 4d85 d20f | 845c 1900 
  0x000001f7bffb2068: 004d 8b5f | 304b 894c | 13f8 4983 | c2f8 4d89 | 5728 e93e | ecff ff48 | 8bdd 448b | 5b14 4585 
  0x000001f7bffb2088: db0f 84ca | ecff ff4d | 8b57 2849 | 8bcb 48c1 | e103 660f | 1f44 0000 | 4d85 d20f | 843c 1900 
  0x000001f7bffb20a8: 004d 8b5f | 304b 894c | 13f8 4983 | c2f8 4d89 | 5728 e99a | ecff ff48 | 8b74 2468 | 448b 5614 
  0x000001f7bffb20c8: 4585 d20f | 844e edff | ff4d 8b5f | 2849 8bca | 48c1 e103 | 0f1f 4000 | 4d85 db0f | 841c 1900 
  0x000001f7bffb20e8: 004d 8b57 | 304b 894c | 1af8 4983 | c3f8 4d89 | 5f28 e920 | edff ff4d | 8b57 484d | 8b5f 40f0 
  0x000001f7bffb2108: 8344 24c0 | 0080 3900 | 7432 4488 | 214d 85db | 740f 4b89 | 4c1a f849 | 83c3 f84d | 895f 40eb 
  0x000001f7bffb2128: 1b49 8bd7 | c5f8 7749 | bac0 073c | a7fd 7f00 | 0041 ffd2 

  0x000001f7bffb213c: ;   {other}
  0x000001f7bffb213c: 0f1f 8400 | 0000 0000 | 448b 4e14 | e9a4 e9ff | ff4d 8b57 | 484d 8b5f | 40f0 8344 | 24c0 000f 
  0x000001f7bffb215c: 1f44 0000 | 8039 000f | 8441 eaff | ff44 8821 | 4d85 db75 | 2049 8bd7 | c5f8 7749 | bac0 073c 
  0x000001f7bffb217c: a7fd 7f00 | 0041 ffd2 

  0x000001f7bffb2184: ;   {other}
  0x000001f7bffb2184: 0f1f 8400 | 0000 0000 | e919 eaff | ff4b 894c | 1af8 4983 | c3f8 4d89 | 5f40 6690 | e905 eaff 
  0x000001f7bffb21a4: ff4d 8b57 | 484d 8b5f | 40f0 8344 | 24c0 0080 | 3900 0f84 | 93ea ffff | 4488 2190 | 4d85 db75 
  0x000001f7bffb21c4: 2049 8bd7 | c5f8 7749 | bac0 073c | a7fd 7f00 | 0041 ffd2 

  0x000001f7bffb21d8: ;   {other}
  0x000001f7bffb21d8: 0f1f 8400 | 0000 0000 | e96a eaff | ff4b 894c | 1af8 4983 | c3f8 4d89 | 5f40 e958 | eaff ff4d 
  0x000001f7bffb21f8: 8b57 484d | 8b5f 40f0 | 8344 24c0 | 0080 3900 | 0f84 ebea | ffff 4488 | 214d 85db | 7520 498b 
  0x000001f7bffb2218: d7c5 f877 | 49ba c007 | 3ca7 fd7f | 0000 41ff 

  0x000001f7bffb2228: ;   {other}
  0x000001f7bffb2228: d20f 1f84 | 0000 0000 | 00e9 c3ea | ffff 4b89 | 4c1a f849 | 83c3 f84d | 895f 40e9 | b1ea ffff 
  0x000001f7bffb2248: 4d8b 5748 | 4d8b 5f40 | f083 4424 | c000 8039 | 000f 8436 | ebff ff44 | 8821 4d85 | db75 2049 
  0x000001f7bffb2268: 8bd7 c5f8 | 7749 bac0 | 073c a7fd | 7f00 0041 

  0x000001f7bffb2278: ;   {other}
  0x000001f7bffb2278: ffd2 0f1f | 8400 0000 | 0000 e90e | ebff ff4b | 894c 1af8 | 4983 c3f8 | 4d89 5f40 | e9fc eaff 
  0x000001f7bffb2298: ff4d 8b57 | 484d 8b5f | 40f0 8344 | 24c0 0080 | 3900 0f84 | afeb ffff | 4488 214d | 85db 7520 
  0x000001f7bffb22b8: 498b d7c5 | f877 49ba | c007 3ca7 | fd7f 0000 

  0x000001f7bffb22c8: ;   {other}
  0x000001f7bffb22c8: 41ff d20f | 1f84 0000 | 0000 00e9 | 87eb ffff | 4b89 4c1a | f849 83c3 | f84d 895f | 40e9 75eb 
  0x000001f7bffb22e8: ;   {metadata('java/security/SecureClassLoader$CodeSourceKey')}
  0x000001f7bffb22e8: ffff 48ba | e047 23dd | f701 0000 

  0x000001f7bffb22f4: ;   {runtime_call _new_instance_Java}
  0x000001f7bffb22f4: c5f8 77e8 

  0x000001f7bffb22f8: ; ImmutableOopMap {rbp=Oop [40]=Oop [48]=Oop [56]=Oop }
                      ;*new {reexecute=0 rethrow=0 return_oop=1}
                      ; - java.security.SecureClassLoader::getProtectionDomain@6 (line 221)
                      ; - java.security.SecureClassLoader::defineClass@9 (line 150)
  0x000001f7bffb22f8: e46d 98ff 

  0x000001f7bffb22fc: ;   {other}
  0x000001f7bffb22fc: 0f1f 8400 | 7438 0030 | 4c8b c0e9 | 9fce ffff 

  0x000001f7bffb230c: ;   {metadata('java/security/SecureClassLoader$1')}
  0x000001f7bffb230c: 48ba 304c | 23dd f701 | 0000 4c89 | 4424 5090 

  0x000001f7bffb231c: ;   {runtime_call _new_instance_Java}
  0x000001f7bffb231c: c5f8 77e8 

  0x000001f7bffb2320: ; ImmutableOopMap {rbp=NarrowOop [40]=Oop [48]=Oop [56]=Oop [80]=Oop }
                      ;*new {reexecute=0 rethrow=0 return_oop=1}
                      ; - java.security.SecureClassLoader::getProtectionDomain@20 (line 222)
                      ; - java.security.SecureClassLoader::defineClass@9 (line 150)
  0x000001f7bffb2320: bc6d 98ff 

  0x000001f7bffb2324: ;   {other}
  0x000001f7bffb2324: 0f1f 8400 | 9c38 0031 | 4c8b c84c | 8b44 2450 | e9bf ceff | ff48 897c | 2448 895c | 2420 498b 
  0x000001f7bffb2344: ;   {metadata('java/lang/StringBuilder')}
  0x000001f7bffb2344: ed48 baf8 | a516 ddf7 | 0100 0090 

  0x000001f7bffb2350: ;   {runtime_call _new_instance_Java}
  0x000001f7bffb2350: c5f8 77e8 

  0x000001f7bffb2354: ; ImmutableOopMap {rbp=Oop [32]=NarrowOop [40]=Oop [48]=Oop [56]=Oop [72]=Oop [80]=Oop }
                      ;*new {reexecute=0 rethrow=0 return_oop=1}
                      ; - java.net.URLStreamHandler::toExternalForm@0 (line 480)
                      ; - java.net.URL::toExternalForm@5 (line 1203)
                      ; - java.net.URL::toString@1 (line 1189)
                      ; - java.lang.ClassLoader::defineClassSourceLocation@22 (line 928)
                      ; - java.lang.ClassLoader::defineClass@12 (line 1025)
                      ; - java.security.SecureClassLoader::defineClass@12 (line 150)
  0x000001f7bffb2354: 886d 98ff 

  0x000001f7bffb2358: ;   {other}
  0x000001f7bffb2358: 0f1f 8400 | d038 0032 | 4c8b ed8b | 5c24 2048 | 8b7c 2448 | e9cb d4ff | ff48 8974 | 2460 4889 
  0x000001f7bffb2378: 7c24 4889 | 5c24 2049 | 8bed 41b8 | 1000 0000 

  0x000001f7bffb2388: ;   {metadata({type array byte})}
  0x000001f7bffb2388: 48ba 185d | 16dd f701 | 0000 6690 

  0x000001f7bffb2394: ;   {runtime_call _new_array_Java}
  0x000001f7bffb2394: c5f8 77e8 

  0x000001f7bffb2398: ; ImmutableOopMap {rbp=Oop [32]=NarrowOop [40]=Oop [48]=Oop [56]=Oop [72]=Oop [80]=Oop [96]=Oop }
                      ;*newarray {reexecute=0 rethrow=0 return_oop=1}
                      ; - java.lang.AbstractStringBuilder::<init>@12 (line 101)
                      ; - java.lang.StringBuilder::<init>@3 (line 106)
                      ; - java.net.URLStreamHandler::toExternalForm@4 (line 480)
                      ; - java.net.URL::toExternalForm@5 (line 1203)
                      ; - java.net.URL::toString@1 (line 1189)
                      ; - java.lang.ClassLoader::defineClassSourceLocation@22 (line 928)
                      ; - java.lang.ClassLoader::defineClass@12 (line 1025)
                      ; - java.security.SecureClassLoader::defineClass@12 (line 150)
  0x000001f7bffb2398: c4b8 98ff 

  0x000001f7bffb239c: ;   {other}
  0x000001f7bffb239c: 0f1f 8400 | 1439 0033 | 4c8b ed8b | 5c24 2048 | 8b7c 2448 | 488b 7424 | 60e9 e4d4 | ffff 4489 
  0x000001f7bffb23bc: 5c24 2048 

  0x000001f7bffb23c0: ;   {metadata('java/lang/String')}
  0x000001f7bffb23c0: 8beb 48ba | d80d 17dd | f701 0000 

  0x000001f7bffb23cc: ;   {runtime_call _new_instance_Java}
  0x000001f7bffb23cc: c5f8 77e8 

  0x000001f7bffb23d0: ; ImmutableOopMap {rbp=Oop [40]=Oop [48]=Oop [56]=Oop [72]=Oop [80]=Oop }
                      ;*new {reexecute=0 rethrow=0 return_oop=1}
                      ; - java.lang.StringBuilder::toString@10 (line 478)
                      ; - java.net.URLStreamHandler::toExternalForm@152 (line 486)
                      ; - java.net.URL::toExternalForm@5 (line 1203)
                      ; - java.net.URL::toString@1 (line 1189)
                      ; - java.lang.ClassLoader::defineClassSourceLocation@22 (line 928)
                      ; - java.lang.ClassLoader::defineClass@12 (line 1025)
                      ; - java.security.SecureClassLoader::defineClass@12 (line 150)
  0x000001f7bffb23d0: 0c6d 98ff 

  0x000001f7bffb23d4: ;   {other}
  0x000001f7bffb23d4: 0f1f 8400 | 4c39 0034 | 488b dd44 | 8b5c 2420 | 4c8b e8e9 | 6cd8 ffff | 4489 4424 | 7444 896c 
  0x000001f7bffb23f4: 2470 4889 | 5c24 684c | 8974 2460 | 4c89 4c24 | 5844 895c | 2454 4489 | 5424 504c | 8b54 2430 
  0x000001f7bffb2414: 4c89 5424 | 2048 8b6c 

  0x000001f7bffb241c: ;   {metadata('java/lang/String')}
  0x000001f7bffb241c: 2428 48ba | d80d 17dd | f701 0000 

  0x000001f7bffb2428: ;   {runtime_call _new_instance_Java}
  0x000001f7bffb2428: c5f8 77e8 

  0x000001f7bffb242c: ; ImmutableOopMap {rbp=Oop [32]=Oop [56]=Oop [72]=Oop [80]=NarrowOop [88]=Oop [96]=Derived_oop_[88] [104]=Oop [112]=NarrowOop }
                      ;*new {reexecute=0 rethrow=0 return_oop=1}
                      ; - java.lang.StringLatin1::newString@7 (line 856)
                      ; - java.lang.String::substring@41 (line 2930)
                      ; - java.lang.ClassLoader::checkCerts@21 (line 1162)
                      ; - java.lang.ClassLoader::preDefineClass@113 (line 918)
                      ; - java.lang.ClassLoader::defineClass@4 (line 1024)
                      ; - java.security.SecureClassLoader::defineClass@12 (line 150)
  0x000001f7bffb242c: b06c 98ff 

  0x000001f7bffb2430: ;   {other}
  0x000001f7bffb2430: 0f1f 8400 | a839 0035 | 4889 6c24 | 284c 8b54 | 2420 4c89 | 5424 3044 | 8b54 2450 | 448b 5c24 
  0x000001f7bffb2450: 544c 8b4c | 2458 4c8b | 7424 6048 | 8b5c 2468 | 448b 6c24 | 7044 8b44 | 2474 488b | f0e9 9fd0 
  0x000001f7bffb2470: ffff 4c89 | 4424 7848 | 894c 2470 | 4c89 4c24 | 684c 896c | 2460 4489 

  0x000001f7bffb2488: ;   {metadata({type array byte})}
  0x000001f7bffb2488: 5c24 2048 | ba18 5d16 | ddf7 0100 | 0045 8bc3 

  0x000001f7bffb2498: ;   {runtime_call _new_array_nozero_Java}
  0x000001f7bffb2498: c5f8 77e8 

  0x000001f7bffb249c: ; ImmutableOopMap {[40]=Oop [48]=Oop [56]=Oop [72]=Oop [80]=Oop [96]=Oop [136]=Oop [104]=Derived_oop_[136] }
                      ;*newarray {reexecute=0 rethrow=0 return_oop=1}
                      ; - java.util.Arrays::copyOfRange@59 (line 3852)
                      ; - java.lang.String::<init>@32 (line 4889)
                      ; - java.lang.StringBuilder::toString@16 (line 478)
                      ; - java.net.URLStreamHandler::toExternalForm@152 (line 486)
                      ; - java.net.URL::toExternalForm@5 (line 1203)
                      ; - java.net.URL::toString@1 (line 1189)
                      ; - java.lang.ClassLoader::defineClassSourceLocation@22 (line 928)
                      ; - java.lang.ClassLoader::defineClass@12 (line 1025)
                      ; - java.security.SecureClassLoader::defineClass@12 (line 150)
  0x000001f7bffb249c: c091 98ff 

  0x000001f7bffb24a0: ;   {other}
  0x000001f7bffb24a0: 0f1f 8400 | 183a 0036 | 448b 5c24 | 204c 8b6c | 2460 4c8b | 4c24 6848 | 8b4c 2470 | 4c8b 4424 
  0x000001f7bffb24c0: 7848 8bd8 | e9fd d8ff 

  0x000001f7bffb24c8: ;   {oop(""{0x0000000600400890})}
  0x000001f7bffb24c8: ff48 be90 | 0840 0006 | 0000 00e9 | 36d2 ffff | 448b 5f10 | 0f1f 4000 | 4585 db0f | 8454 eaff 
  0x000001f7bffb24e8: ff4d 8b57 | 2849 8bcb | 48c1 e103 | 4d85 d20f | 8463 1500 | 004d 8b5f | 304b 894c | 13f8 4983 
  0x000001f7bffb2508: c2f8 4d89 | 5728 e92a | eaff ff48 | 8b7c 2440 | 448b 570c | 0f1f 4000 | 4585 d20f | 84ca e9ff 
  0x000001f7bffb2528: ff4d 8b5f | 2849 8bca | 48c1 e103 | 4d85 db0f | 8448 1500 | 004d 8b57 | 304b 894c | 1af8 4983 
  0x000001f7bffb2548: c3f8 4d89 | 5f28 e9a0 | e9ff ff4c | 8b4c 2420 | e921 e2ff | ff4d 8b57 | 484d 8b5f | 40f0 8344 
  0x000001f7bffb2568: 24c0 0080 | 3900 0f84 | bee9 ffff | 4488 214d | 85db 7520 | 498b d7c5 | f877 49ba | c007 3ca7 
  0x000001f7bffb2588: fd7f 0000 

  0x000001f7bffb258c: ;   {other}
  0x000001f7bffb258c: 41ff d20f | 1f84 0000 | 0000 00e9 | 96e9 ffff | 4b89 4c1a | f849 83c3 | f84d 895f | 40e9 84e9 
  0x000001f7bffb25ac: ffff 4d8b | 5740 4d8b | 5f48 f083 | 4424 c000 | 0f1f 4000 | 8039 000f | 84ab e9ff | ff44 8821 
  0x000001f7bffb25cc: 4d85 d275 | 2049 8bd7 | c5f8 7749 | bac0 073c | a7fd 7f00 | 0041 ffd2 

  0x000001f7bffb25e4: ;   {other}
  0x000001f7bffb25e4: 0f1f 8400 | 0000 0000 | e983 e9ff | ff4b 894c | 13f8 4983 | c2f8 4d89 | 5740 6690 | e96f e9ff 
  0x000001f7bffb2604: ff48 898c | 2480 0000 | 004c 8954 | 2478 4889 | 7424 7044 | 8944 246c | 4489 6c24 | 6848 895c 
  0x000001f7bffb2624: 2460 4c89 

  0x000001f7bffb2628: ;   {metadata({type array byte})}
  0x000001f7bffb2628: 7424 5848 | ba18 5d16 | ddf7 0100 | 004c 894c | 2450 6690 

  0x000001f7bffb263c: ;   {runtime_call _new_array_nozero_Java}
  0x000001f7bffb263c: c5f8 77e8 

  0x000001f7bffb2640: ; ImmutableOopMap {[40]=Oop [48]=Oop [56]=Oop [72]=Oop [80]=Oop [88]=Derived_oop_[80] [96]=Oop [104]=NarrowOop [112]=Oop }
                      ;*newarray {reexecute=0 rethrow=0 return_oop=1}
                      ; - java.util.Arrays::copyOfRange@59 (line 3852)
                      ; - java.lang.StringLatin1::newString@16 (line 856)
                      ; - java.lang.String::substring@41 (line 2930)
                      ; - java.lang.ClassLoader::checkCerts@21 (line 1162)
                      ; - java.lang.ClassLoader::preDefineClass@113 (line 918)
                      ; - java.lang.ClassLoader::defineClass@4 (line 1024)
                      ; - java.security.SecureClassLoader::defineClass@12 (line 150)
  0x000001f7bffb2640: 1c90 98ff 

  0x000001f7bffb2644: ;   {other}
  0x000001f7bffb2644: 0f1f 8400 | bc3b 0037 | 4c8b 7424 | 5848 8b5c | 2460 448b | 6c24 6844 | 8b44 246c | 488b 7424 
  0x000001f7bffb2664: 704c 8b54 | 2478 488b | 8c24 8000 | 0000 4c8b | d8e9 09d0 | ffff 4489 | 4424 444c | 896c 2438 
  0x000001f7bffb2684: 4c89 5424 | 284c 894c | 2420 488b | d548 c1e2 | 0349 8d2c | cc89 4c24 | 4066 6690 

  0x000001f7bffb26a0: ;   {static_call}
  0x000001f7bffb26a0: c5f8 77e8 

  0x000001f7bffb26a4: ; ImmutableOopMap {rbp=Oop [32]=Oop [40]=Oop [48]=Oop [56]=Oop [64]=NarrowOop [68]=NarrowOop [72]=Oop }
                      ;*invokestatic hashCode {reexecute=0 rethrow=0 return_oop=0}
                      ; - java.lang.String::hashCode@37 (line 2459)
                      ; - java.util.concurrent.ConcurrentHashMap::get@1 (line 937)
                      ; - java.lang.ClassLoader::getNamedPackage@5 (line 340)
                      ; - java.lang.ClassLoader::postDefineClass@9 (line 935)
                      ; - java.lang.ClassLoader::defineClass@37 (line 1027)
                      ; - java.security.SecureClassLoader::defineClass@12 (line 150)
  0x000001f7bffb26a4: 38c7 8bff 

  0x000001f7bffb26a8: ;   {other}
  0x000001f7bffb26a8: 0f1f 8400 | 203c 0038 | 8bd8 4c8b | 4c24 204c | 8b6c 2438 | 8b4c 2440 | 448b 4424 | 44e9 6ae3 
  0x000001f7bffb26c8: ffff 41c6 | 4511 0133 | dbe9 29dc | ffff 4489 | 4c24 4044 | 895c 243c | 4489 5424 | 384c 8b54 
  0x000001f7bffb26e8: 2430 4c89 

  0x000001f7bffb26ec: ;   {metadata('java/lang/String')}
  0x000001f7bffb26ec: 5424 2048 | bad8 0d17 | ddf7 0100 | 0066 6690 

  0x000001f7bffb26fc: ;   {runtime_call _new_instance_Java}
  0x000001f7bffb26fc: c5f8 77e8 

  0x000001f7bffb2700: ; ImmutableOopMap {rbp=Oop [32]=Oop [40]=Oop [48]=Oop [56]=NarrowOop [72]=Oop }
                      ;*new {reexecute=0 rethrow=0 return_oop=1}
                      ; - java.lang.StringLatin1::newString@7 (line 856)
                      ; - java.lang.String::substring@41 (line 2930)
                      ; - java.lang.Class::getPackageName@62 (line 1258)
                      ; - java.lang.ClassLoader::postDefineClass@2 (line 935)
                      ; - java.lang.ClassLoader::defineClass@37 (line 1027)
                      ; - java.security.SecureClassLoader::defineClass@12 (line 150)
  0x000001f7bffb2700: dc69 98ff 

  0x000001f7bffb2704: ;   {other}
  0x000001f7bffb2704: 0f1f 8400 | 7c3c 0039 | 448b 5424 | 3844 8b5c | 243c 448b | 4c24 4048 | 8bd8 6690 | e958 d9ff 
  0x000001f7bffb2724: ;   {oop(""{0x0000000600400890})}
  0x000001f7bffb2724: ff48 bb90 | 0840 0006 | 0000 00e9 | 21db ffff | 4c89 4424 | 684c 895c | 2460 4c89 | 6c24 5048 
  0x000001f7bffb2744: 895c 2440 | 4489 4c24 | 384c 8b54 | 2430 4c89 

  0x000001f7bffb2754: ;   {metadata({type array byte})}
  0x000001f7bffb2754: 5424 2048 | ba18 5d16 | ddf7 0100 | 0045 8bc1 

  0x000001f7bffb2764: ;   {runtime_call _new_array_nozero_Java}
  0x000001f7bffb2764: c5f8 77e8 

  0x000001f7bffb2768: ; ImmutableOopMap {rbp=Oop [80]=Derived_oop_rbp [32]=Oop [40]=Oop [48]=Oop [64]=Oop [72]=Oop }
                      ;*newarray {reexecute=0 rethrow=0 return_oop=1}
                      ; - java.util.Arrays::copyOfRange@59 (line 3852)
                      ; - java.lang.StringLatin1::newString@16 (line 856)
                      ; - java.lang.String::substring@41 (line 2930)
                      ; - java.lang.Class::getPackageName@62 (line 1258)
                      ; - java.lang.ClassLoader::postDefineClass@2 (line 935)
                      ; - java.lang.ClassLoader::defineClass@37 (line 1027)
                      ; - java.security.SecureClassLoader::defineClass@12 (line 150)
  0x000001f7bffb2768: f48e 98ff 

  0x000001f7bffb276c: ;   {other}
  0x000001f7bffb276c: 0f1f 8400 | e43c 003a | 448b 4c24 | 3848 8b5c | 2440 4c8b | 6c24 504c | 8b5c 2460 | 4c8b 4424 
  0x000001f7bffb278c: 6848 8bf0 | e931 daff | ff44 8944 | 2438 4c89 | 6c24 284c | 894c 2420 

  0x000001f7bffb27a4: ;   {metadata('java/lang/NamedPackage')}
  0x000001f7bffb27a4: 48ba 7807 | 22dd f701 | 0000 6690 

  0x000001f7bffb27b0: ;   {runtime_call _new_instance_Java}
  0x000001f7bffb27b0: c5f8 77e8 

  0x000001f7bffb27b4: ; ImmutableOopMap {[32]=Oop [40]=Oop [48]=Oop [56]=NarrowOop [72]=Oop }
                      ;*new {reexecute=0 rethrow=0 return_oop=1}
                      ; - java.lang.ClassLoader::getNamedPackage@16 (line 342)
                      ; - java.lang.ClassLoader::postDefineClass@9 (line 935)
                      ; - java.lang.ClassLoader::defineClass@37 (line 1027)
                      ; - java.security.SecureClassLoader::defineClass@12 (line 150)
  0x000001f7bffb27b4: 2869 98ff 

  0x000001f7bffb27b8: ;   {other}
  0x000001f7bffb27b8: 0f1f 8400 | 303d 003b | e9a8 dcff 

  0x000001f7bffb27c4: ;   {metadata('java/lang/StringBuilder')}
  0x000001f7bffb27c4: ff48 baf8 | a516 ddf7 | 0100 0090 

  0x000001f7bffb27d0: ;   {runtime_call _new_instance_Java}
  0x000001f7bffb27d0: c5f8 77e8 

  0x000001f7bffb27d4: ; ImmutableOopMap {[32]=Oop [40]=Oop [48]=Oop [56]=NarrowOop [64]=Oop [72]=Oop [80]=Oop [104]=Oop }
                      ;*new {reexecute=0 rethrow=0 return_oop=1}
                      ; - java.lang.NamedPackage::<init>@22 (line 49)
                      ; - java.lang.ClassLoader::getNamedPackage@22 (line 342)
                      ; - java.lang.ClassLoader::postDefineClass@9 (line 935)
                      ; - java.lang.ClassLoader::defineClass@37 (line 1027)
                      ; - java.security.SecureClassLoader::defineClass@12 (line 150)
  0x000001f7bffb27d4: 0869 98ff 

  0x000001f7bffb27d8: ;   {other}
  0x000001f7bffb27d8: 0f1f 8400 | 503d 003c | e97a ddff 

  0x000001f7bffb27e4: ;   {metadata('java/lang/InternalError')}
  0x000001f7bffb27e4: ff48 ba40 | 2c17 ddf7 | 0100 0090 

  0x000001f7bffb27f0: ;   {runtime_call _new_instance_Java}
  0x000001f7bffb27f0: c5f8 77e8 

  0x000001f7bffb27f4: ; ImmutableOopMap {[32]=Oop [40]=Oop [48]=Oop [56]=NarrowOop [64]=Oop [72]=Oop [80]=Oop }
                      ;*new {reexecute=0 rethrow=0 return_oop=1}
                      ; - java.lang.NamedPackage::<init>@18 (line 49)
                      ; - java.lang.ClassLoader::getNamedPackage@22 (line 342)
                      ; - java.lang.ClassLoader::postDefineClass@9 (line 935)
                      ; - java.lang.ClassLoader::defineClass@37 (line 1027)
                      ; - java.security.SecureClassLoader::defineClass@12 (line 150)
  0x000001f7bffb27f4: e868 98ff 

  0x000001f7bffb27f8: ;   {other}
  0x000001f7bffb27f8: 0f1f 8400 | 703d 003d | e915 ddff | ff48 897c | 2468 4c89 | 4c24 6044 | 8954 2420 

  0x000001f7bffb2814: ;   {metadata({type array byte})}
  0x000001f7bffb2814: 498b ed48 | ba18 5d16 | ddf7 0100 | 0066 6690 

  0x000001f7bffb2824: ;   {runtime_call _new_array_nozero_Java}
  0x000001f7bffb2824: c5f8 77e8 

  0x000001f7bffb2828: ; ImmutableOopMap {rbp=Oop [32]=NarrowOop [40]=Oop [48]=Oop [56]=Oop [72]=Oop [80]=Oop [136]=Oop [96]=Derived_oop_[136] }
                      ;*invokevirtual clone {reexecute=1 rethrow=0 return_oop=1}
                      ; - (reexecute) java.util.Arrays::copyOfRange@11 (line 3846)
                      ; - java.lang.String::<init>@32 (line 4889)
                      ; - java.lang.StringBuilder::toString@16 (line 478)
                      ; - java.net.URLStreamHandler::toExternalForm@152 (line 486)
                      ; - java.net.URL::toExternalForm@5 (line 1203)
                      ; - java.net.URL::toString@1 (line 1189)
                      ; - java.lang.ClassLoader::defineClassSourceLocation@22 (line 928)
                      ; - java.lang.ClassLoader::defineClass@12 (line 1025)
                      ; - java.security.SecureClassLoader::defineClass@12 (line 150)
  0x000001f7bffb2828: 348e 98ff 

  0x000001f7bffb282c: ;   {other}
  0x000001f7bffb282c: 0f1f 8400 | a43d 003e | 4c8b ed4c | 8b4c 2460 | 488b 7c24 | 6848 8bd8 | e9a7 d4ff | ff4c 8944 
  0x000001f7bffb284c: 2470 4889 | 7424 6844 | 896c 2424 | 4889 5c24 | 604c 8974 | 2458 4489 

  0x000001f7bffb2864: ;   {metadata({type array byte})}
  0x000001f7bffb2864: 5424 2048 | ba18 5d16 | ddf7 0100 | 004c 894c | 2450 458b | c366 6690 

  0x000001f7bffb287c: ;   {runtime_call _new_array_nozero_Java}
  0x000001f7bffb287c: c5f8 77e8 

  0x000001f7bffb2880: ; ImmutableOopMap {[32]=NarrowOop [36]=NarrowOop [40]=Oop [48]=Oop [56]=Oop [72]=Oop [80]=Oop [88]=Derived_oop_[80] [96]=Oop [104]=Oop }
                      ;*invokevirtual clone {reexecute=1 rethrow=0 return_oop=1}
                      ; - (reexecute) java.util.Arrays::copyOfRange@11 (line 3846)
                      ; - java.lang.StringLatin1::newString@16 (line 856)
                      ; - java.lang.String::substring@41 (line 2930)
                      ; - java.lang.ClassLoader::checkCerts@21 (line 1162)
                      ; - java.lang.ClassLoader::preDefineClass@113 (line 918)
                      ; - java.lang.ClassLoader::defineClass@4 (line 1024)
                      ; - java.security.SecureClassLoader::defineClass@12 (line 150)
  0x000001f7bffb2880: dc8d 98ff 

  0x000001f7bffb2884: ;   {other}
  0x000001f7bffb2884: 0f1f 8400 | fc3d 003f | 488b f8e9 | 09cd ffff 

  0x000001f7bffb2894: ;   {oop(""{0x0000000600400890})}
  0x000001f7bffb2894: 49bd 9008 | 4000 0600 | 0000 6690 | e9ac d5ff | ff48 8974 | 2460 4c89 | 6c24 5048 | 895c 2440 
  0x000001f7bffb28b4: 4489 5424 | 384c 8b54 | 2430 4c89 

  0x000001f7bffb28c0: ;   {metadata({type array byte})}
  0x000001f7bffb28c0: 5424 2048 | ba18 5d16 | ddf7 0100 | 0045 8bc3 

  0x000001f7bffb28d0: ;   {runtime_call _new_array_nozero_Java}
  0x000001f7bffb28d0: c5f8 77e8 

  0x000001f7bffb28d4: ; ImmutableOopMap {rbp=Oop [80]=Derived_oop_rbp [32]=Oop [40]=Oop [48]=Oop [56]=NarrowOop [64]=Oop [72]=Oop }
                      ;*invokevirtual clone {reexecute=1 rethrow=0 return_oop=1}
                      ; - (reexecute) java.util.Arrays::copyOfRange@11 (line 3846)
                      ; - java.lang.StringLatin1::newString@16 (line 856)
                      ; - java.lang.String::substring@41 (line 2930)
                      ; - java.lang.Class::getPackageName@62 (line 1258)
                      ; - java.lang.ClassLoader::postDefineClass@2 (line 935)
                      ; - java.lang.ClassLoader::defineClass@37 (line 1027)
                      ; - java.security.SecureClassLoader::defineClass@12 (line 150)
  0x000001f7bffb28d4: 888d 98ff 

  0x000001f7bffb28d8: ;   {other}
  0x000001f7bffb28d8: 0f1f 8400 | 503e 0040 | 488b 5c24 | 404c 8b6c | 2450 488b | 7424 6048 | 8bf8 e9ff | d7ff ffba 
  0x000001f7bffb28f8: f6ff ffff | 488b ef4c | 8954 2420 

  0x000001f7bffb2904: ;   {runtime_call UncommonTrapBlob}
  0x000001f7bffb2904: c5f8 77e8 

  0x000001f7bffb2908: ; ImmutableOopMap {rbp=Oop [32]=Oop }
                      ;*invokevirtual putIfAbsent {reexecute=0 rethrow=0 return_oop=0}
                      ; - java.lang.ClassLoader::checkCerts@62 (line 1169)
                      ; - java.lang.ClassLoader::preDefineClass@113 (line 918)
                      ; - java.lang.ClassLoader::defineClass@4 (line 1024)
                      ; - java.security.SecureClassLoader::defineClass@12 (line 150)
  0x000001f7bffb2908: 541a 8cff 

  0x000001f7bffb290c: ;   {other}
  0x000001f7bffb290c: 0f1f 8400 | 843e 0041 | baf6 ffff | ff8b eb90 

  0x000001f7bffb291c: ;   {runtime_call UncommonTrapBlob}
  0x000001f7bffb291c: c5f8 77e8 

  0x000001f7bffb2920: ; ImmutableOopMap {rbp=NarrowOop }
                      ;*invokevirtual toExternalForm {reexecute=0 rethrow=0 return_oop=0}
                      ; - java.net.URL::toExternalForm@5 (line 1203)
                      ; - java.net.URL::toString@1 (line 1189)
                      ; - java.lang.ClassLoader::defineClassSourceLocation@22 (line 928)
                      ; - java.lang.ClassLoader::defineClass@12 (line 1025)
                      ; - java.security.SecureClassLoader::defineClass@12 (line 150)
  0x000001f7bffb2920: 3c1a 8cff 

  0x000001f7bffb2924: ;   {other}
  0x000001f7bffb2924: 0f1f 8400 | 9c3e 0042 | baf6 ffff | ff48 8beb 

  0x000001f7bffb2934: ;   {runtime_call UncommonTrapBlob}
  0x000001f7bffb2934: c5f8 77e8 

  0x000001f7bffb2938: ; ImmutableOopMap {rbp=Oop }
                      ;*invokevirtual get {reexecute=0 rethrow=0 return_oop=0}
                      ; - java.lang.ClassLoader::getNamedPackage@5 (line 340)
                      ; - java.lang.ClassLoader::postDefineClass@9 (line 935)
                      ; - java.lang.ClassLoader::defineClass@37 (line 1027)
                      ; - java.security.SecureClassLoader::defineClass@12 (line 150)
  0x000001f7bffb2938: 241a 8cff 

  0x000001f7bffb293c: ;   {other}
  0x000001f7bffb293c: 0f1f 8400 | b43e 0043 | ba76 ffff | ff44 8944 | 2420 448b | 5c24 4044 | 895c 2424 | 448b 4424 
  0x000001f7bffb295c: 4444 8944 | 2440 4889 | 5c24 5044 | 896c 2444 | 4489 5424 | 6066 6690 

  0x000001f7bffb2974: ;   {runtime_call UncommonTrapBlob}
  0x000001f7bffb2974: c5f8 77e8 

  0x000001f7bffb2978: ; ImmutableOopMap {[40]=Oop [48]=Oop [56]=Oop [68]=NarrowOop [72]=Oop [80]=Oop [96]=NarrowOop }
                      ;*iflt {reexecute=1 rethrow=0 return_oop=0}
                      ; - (reexecute) java.lang.StringLatin1::lastIndexOf@19 (line 395)
                      ; - java.lang.String::lastIndexOf@13 (line 2664)
                      ; - java.lang.String::lastIndexOf@8 (line 2626)
                      ; - java.lang.ClassLoader::checkCerts@3 (line 1161)
                      ; - java.lang.ClassLoader::preDefineClass@113 (line 918)
                      ; - java.lang.ClassLoader::defineClass@4 (line 1024)
                      ; - java.security.SecureClassLoader::defineClass@12 (line 150)
  0x000001f7bffb2978: e419 8cff 

  0x000001f7bffb297c: ;   {other}
  0x000001f7bffb297c: 0f1f 8400 | f43e 0044 | bae4 ffff | ff4c 8b54 | 2428 4c89 | 5424 204c | 8b54 2430 | 4c89 5424 
  0x000001f7bffb299c: 284c 8b54 | 2438 4c89 | 5424 3044 | 8b54 2440 | 4489 5424 | 3844 8b54 | 2444 4489 | 5424 3c4c 
  0x000001f7bffb29bc: 896c 2440 | 895c 2448 | 4889 7424 | 5844 894c | 244c 6690 

  0x000001f7bffb29d0: ;   {runtime_call UncommonTrapBlob}
  0x000001f7bffb29d0: c5f8 77e8 

  0x000001f7bffb29d4: ; ImmutableOopMap {[32]=Oop [40]=Oop [48]=Oop [64]=Oop [72]=NarrowOop [76]=NarrowOop [88]=Oop }
                      ;*bastore {reexecute=0 rethrow=0 return_oop=0}
                      ; - java.lang.AbstractStringBuilder::append@41 (line 815)
                      ; - java.lang.StringBuilder::append@2 (line 246)
                      ; - java.net.URLStreamHandler::toExternalForm@16 (line 480)
                      ; - java.net.URL::toExternalForm@5 (line 1203)
                      ; - java.net.URL::toString@1 (line 1189)
                      ; - java.lang.ClassLoader::defineClassSourceLocation@22 (line 928)
                      ; - java.lang.ClassLoader::defineClass@12 (line 1025)
                      ; - java.security.SecureClassLoader::defineClass@12 (line 150)
  0x000001f7bffb29d4: 8819 8cff 

  0x000001f7bffb29d8: ;   {other}
  0x000001f7bffb29d8: 0f1f 8400 | 503f 0045 | bade ffff | ff4c 8b54 | 2428 4c89 | 5424 204c | 8b54 2430 | 4c89 5424 
  0x000001f7bffb29f8: 284c 8b54 | 2438 4c89 | 5424 3044 | 8b5c 2440 | 4489 5c24 | 3844 8b5c | 2444 4489 | 5c24 3c4c 
  0x000001f7bffb2a18: 8944 2440 | 4c89 4c24 | 4866 6690 

  0x000001f7bffb2a24: ;   {runtime_call UncommonTrapBlob}
  0x000001f7bffb2a24: c5f8 77e8 

  0x000001f7bffb2a28: ; ImmutableOopMap {rbp=NarrowOop [32]=Oop [40]=Oop [48]=Oop [64]=Oop [72]=Oop }
                      ;*invokeinterface computeIfAbsent {reexecute=0 rethrow=0 return_oop=0}
                      ; - java.security.SecureClassLoader::getProtectionDomain@28 (line 222)
                      ; - java.security.SecureClassLoader::defineClass@9 (line 150)
  0x000001f7bffb2a28: 3419 8cff 

  0x000001f7bffb2a2c: ;   {other}
  0x000001f7bffb2a2c: 0f1f 8400 | a43f 0046 | ba45 ffff | ff48 8b6c | 2428 6690 

  0x000001f7bffb2a40: ;   {runtime_call UncommonTrapBlob}
  0x000001f7bffb2a40: c5f8 77e8 

  0x000001f7bffb2a44: ; ImmutableOopMap {rbp=Oop [48]=Oop [56]=Oop [72]=Oop }
                      ;*ifeq {reexecute=1 rethrow=0 return_oop=0}
                      ; - (reexecute) java.lang.ClassLoader::checkName@8 (line 1153)
                      ; - java.lang.ClassLoader::preDefineClass@1 (line 901)
                      ; - java.lang.ClassLoader::defineClass@4 (line 1024)
                      ; - java.security.SecureClassLoader::defineClass@12 (line 150)
  0x000001f7bffb2a44: 1819 8cff 

  0x000001f7bffb2a48: ;   {other}
  0x000001f7bffb2a48: 0f1f 8400 | c03f 0047 | bacc ffff | ff4c 8b5c | 2428 4c89 | 5c24 204c | 8b5c 2430 | 4c89 5c24 
  0x000001f7bffb2a68: 284c 8b5c | 2438 4c89 | 5c24 3044 | 8b5c 2440 | 4489 5c24 | 3844 8b44 | 2444 4489 | 4424 3c4c 
  0x000001f7bffb2a88: 896c 2440 | 895c 2448 | 4889 7424 | 5844 8954 | 244c 6690 

  0x000001f7bffb2a9c: ;   {runtime_call UncommonTrapBlob}
  0x000001f7bffb2a9c: c5f8 77e8 

  0x000001f7bffb2aa0: ; ImmutableOopMap {rbp=NarrowOop [32]=Oop [40]=Oop [48]=Oop [64]=Oop [72]=NarrowOop [88]=Oop }
                      ;*invokestatic arraycopy {reexecute=0 rethrow=0 return_oop=0}
                      ; - java.lang.String::getBytes@22 (line 4823)
                      ; - java.lang.AbstractStringBuilder::putStringAt@15 (line 1768)
                      ; - java.lang.AbstractStringBuilder::append@30 (line 591)
                      ; - java.lang.StringBuilder::append@2 (line 179)
                      ; - java.net.URLStreamHandler::toExternalForm@59 (line 483)
                      ; - java.net.URL::toExternalForm@5 (line 1203)
                      ; - java.net.URL::toString@1 (line 1189)
                      ; - java.lang.ClassLoader::defineClassSourceLocation@22 (line 928)
                      ; - java.lang.ClassLoader::defineClass@12 (line 1025)
                      ; - java.security.SecureClassLoader::defineClass@12 (line 150)
  0x000001f7bffb2aa0: bc18 8cff 

  0x000001f7bffb2aa4: ;   {other}
  0x000001f7bffb2aa4: 0f1f 8400 | 1c40 0048 | bacc ffff | ff44 8b5c | 2440 4489 | 5c24 2444 | 8b54 2444 | 4489 5424 
  0x000001f7bffb2ac4: 4048 895c | 2458 894c | 2460 897c | 2464 4489 | 4424 6890 

  0x000001f7bffb2ad8: ;   {runtime_call UncommonTrapBlob}
  0x000001f7bffb2ad8: c5f8 77e8 

  0x000001f7bffb2adc: ; ImmutableOopMap {[32]=NarrowOop [40]=Oop [48]=Oop [56]=Oop [72]=Oop [88]=Oop [96]=NarrowOop [100]=NarrowOop }
                      ;*invokestatic arraycopy {reexecute=0 rethrow=0 return_oop=0}
                      ; - java.lang.String::getBytes@22 (line 4823)
                      ; - java.lang.AbstractStringBuilder::putStringAt@15 (line 1768)
                      ; - java.lang.AbstractStringBuilder::append@30 (line 591)
                      ; - java.lang.StringBuilder::append@2 (line 179)
                      ; - java.net.URLStreamHandler::toExternalForm@77 (line 484)
                      ; - java.net.URL::toExternalForm@5 (line 1203)
                      ; - java.net.URL::toString@1 (line 1189)
                      ; - java.lang.ClassLoader::defineClassSourceLocation@22 (line 928)
                      ; - java.lang.ClassLoader::defineClass@12 (line 1025)
                      ; - java.security.SecureClassLoader::defineClass@12 (line 150)
  0x000001f7bffb2adc: 8018 8cff 

  0x000001f7bffb2ae0: ;   {other}
  0x000001f7bffb2ae0: 0f1f 8400 | 5840 0049 | bacc ffff | ff4c 8b5c | 2428 4c89 | 5c24 204c | 8b5c 2430 | 4c89 5c24 
  0x000001f7bffb2b00: 284c 8b5c | 2438 4c89 | 5c24 3044 | 8b5c 2440 | 4489 5c24 | 3844 8b44 | 2444 4489 | 4424 3c4c 
  0x000001f7bffb2b20: 8b5c 2448 | 4c89 5c24 | 4044 894c | 2448 4889 | 5c24 5844 | 8954 244c 

  0x000001f7bffb2b38: ;   {runtime_call UncommonTrapBlob}
  0x000001f7bffb2b38: c5f8 77e8 

  0x000001f7bffb2b3c: ; ImmutableOopMap {rbp=NarrowOop [32]=Oop [40]=Oop [48]=Oop [64]=Oop [72]=NarrowOop [88]=Oop }
                      ;*invokestatic arraycopy {reexecute=0 rethrow=0 return_oop=0}
                      ; - java.lang.String::getBytes@22 (line 4823)
                      ; - java.lang.AbstractStringBuilder::putStringAt@15 (line 1768)
                      ; - java.lang.AbstractStringBuilder::append@30 (line 591)
                      ; - java.lang.StringBuilder::append@2 (line 179)
                      ; - java.net.URLStreamHandler::toExternalForm@113 (line 485)
                      ; - java.net.URL::toExternalForm@5 (line 1203)
                      ; - java.net.URL::toString@1 (line 1189)
                      ; - java.lang.ClassLoader::defineClassSourceLocation@22 (line 928)
                      ; - java.lang.ClassLoader::defineClass@12 (line 1025)
                      ; - java.security.SecureClassLoader::defineClass@12 (line 150)
  0x000001f7bffb2b3c: 2018 8cff 

  0x000001f7bffb2b40: ;   {other}
  0x000001f7bffb2b40: 0f1f 8400 | b840 004a | bacc ffff | ff4c 8b54 | 2428 4c89 | 5424 204c | 8b54 2430 | 4c89 5424 
  0x000001f7bffb2b60: 284c 8b54 | 2438 4c89 | 5424 3044 | 8b54 2440 | 4489 5424 | 3844 8b5c | 2444 4489 | 5c24 3c4c 
  0x000001f7bffb2b80: 8b54 2448 | 4c89 5424 | 4048 895c | 2450 4489 | 4424 5890 

  0x000001f7bffb2b94: ;   {runtime_call UncommonTrapBlob}
  0x000001f7bffb2b94: c5f8 77e8 

  0x000001f7bffb2b98: ; ImmutableOopMap {rbp=NarrowOop [32]=Oop [40]=Oop [48]=Oop [64]=Oop [80]=Oop }
                      ;*invokestatic arraycopy {reexecute=0 rethrow=0 return_oop=0}
                      ; - java.lang.String::getBytes@22 (line 4823)
                      ; - java.lang.AbstractStringBuilder::putStringAt@15 (line 1768)
                      ; - java.lang.AbstractStringBuilder::append@30 (line 591)
                      ; - java.lang.StringBuilder::append@2 (line 179)
                      ; - java.net.URLStreamHandler::toExternalForm@149 (line 486)
                      ; - java.net.URL::toExternalForm@5 (line 1203)
                      ; - java.net.URL::toString@1 (line 1189)
                      ; - java.lang.ClassLoader::defineClassSourceLocation@22 (line 928)
                      ; - java.lang.ClassLoader::defineClass@12 (line 1025)
                      ; - java.security.SecureClassLoader::defineClass@12 (line 150)
  0x000001f7bffb2b98: c417 8cff 

  0x000001f7bffb2b9c: ;   {other}
  0x000001f7bffb2b9c: 0f1f 8400 | 1441 004b | bacc ffff | ff4c 8b54 | 2428 4c89 | 5424 204c | 8b54 2430 | 4c89 5424 
  0x000001f7bffb2bbc: 284c 8b54 | 2438 4c89 | 5424 3044 | 8b44 2440 | 4489 4424 | 3844 8b54 | 2444 4489 | 5424 3c4c 
  0x000001f7bffb2bdc: 896c 2440 | 895c 2448 | 4889 7424 | 5844 895c | 244c 4489 | 4c24 6089 | 4424 6489 | 4c24 6890 
  0x000001f7bffb2bfc: ;   {runtime_call UncommonTrapBlob}
  0x000001f7bffb2bfc: c5f8 77e8 

  0x000001f7bffb2c00: ; ImmutableOopMap {[32]=Oop [40]=Oop [48]=Oop [64]=Oop [72]=NarrowOop [88]=Oop [96]=NarrowOop [100]=NarrowOop }
                      ;*invokestatic arraycopy {reexecute=0 rethrow=0 return_oop=0}
                      ; - java.lang.String::getBytes@22 (line 4823)
                      ; - java.lang.AbstractStringBuilder::putStringAt@15 (line 1768)
                      ; - java.lang.AbstractStringBuilder::append@30 (line 591)
                      ; - java.lang.StringBuilder::append@2 (line 179)
                      ; - java.net.URLStreamHandler::toExternalForm@11 (line 480)
                      ; - java.net.URL::toExternalForm@5 (line 1203)
                      ; - java.net.URL::toString@1 (line 1189)
                      ; - java.lang.ClassLoader::defineClassSourceLocation@22 (line 928)
                      ; - java.lang.ClassLoader::defineClass@12 (line 1025)
                      ; - java.security.SecureClassLoader::defineClass@12 (line 150)
  0x000001f7bffb2c00: 5c17 8cff 

  0x000001f7bffb2c04: ;   {other}
  0x000001f7bffb2c04: 0f1f 8400 | 7c41 004c | 448b c6e9 | 56c8 ffff | 4883 c1fe | 498b fa48 | 33c0 4883 | f908 7f10 
  0x000001f7bffb2c24: 48ff c978 | 4f48 8904 | cf48 ffc9 | 7df7 eb44 | c5fd efc0 | e90d 0000 | 00c5 fe7f | 07c5 fe7f 
  0x000001f7bffb2c44: 4720 4883 | c740 4883 | e908 7ded | 4883 c104 | 7c0c c5fe | 7f07 4883 | c720 4883 | e904 4883 
  0x000001f7bffb2c64: c104 7e10 | 48ff c9c5 | f9d6 0748 | 83c7 0848 | ffc9 7df3 | e992 d1ff | ffba ccff | ffff 488b 
  0x000001f7bffb2c84: 6c24 284c | 8b44 2430 | 4c89 4424 | 204c 8b44 | 2438 4c89 | 4424 2844 | 8b4c 2440 | 4489 4c24 
  0x000001f7bffb2ca4: 3044 8b44 | 2444 4489 | 4424 344c | 8b44 2448 | 4c89 4424 | 384c 896c | 2448 4489 | 5424 5044 
  0x000001f7bffb2cc4: 895c 2458 

  0x000001f7bffb2cc8: ;   {runtime_call UncommonTrapBlob}
  0x000001f7bffb2cc8: c5f8 77e8 

  0x000001f7bffb2ccc: ; ImmutableOopMap {rbp=Oop [32]=Oop [40]=Oop [56]=Oop [72]=Oop [80]=NarrowOop }
                      ;*newarray {reexecute=1 rethrow=0 return_oop=0}
                      ; - (reexecute) java.util.Arrays::copyOfRange@59 (line 3852)
                      ; - java.lang.String::<init>@32 (line 4889)
                      ; - java.lang.StringBuilder::toString@16 (line 478)
                      ; - java.net.URLStreamHandler::toExternalForm@152 (line 486)
                      ; - java.net.URL::toExternalForm@5 (line 1203)
                      ; - java.net.URL::toString@1 (line 1189)
                      ; - java.lang.ClassLoader::defineClassSourceLocation@22 (line 928)
                      ; - java.lang.ClassLoader::defineClass@12 (line 1025)
                      ; - java.security.SecureClassLoader::defineClass@12 (line 150)
  0x000001f7bffb2ccc: 9016 8cff 

  0x000001f7bffb2cd0: ;   {other}
  0x000001f7bffb2cd0: 0f1f 8400 | 4842 004d | 4983 c2fe | 498b ca48 | 8bfa 4833 | c048 83f9 | 087f 1048 | ffc9 784f 
  0x000001f7bffb2cf0: 4889 04cf | 48ff c97d | f7eb 44c5 | fdef c0e9 | 0d00 0000 | c5fe 7f07 | c5fe 7f47 | 2048 83c7 
  0x000001f7bffb2d10: 4048 83e9 | 087d ed48 | 83c1 047c | 0cc5 fe7f | 0748 83c7 | 2048 83e9 | 0448 83c1 | 047e 1048 
  0x000001f7bffb2d30: ffc9 c5f9 | d607 4883 | c708 48ff | c97d f390 | e986 c9ff | ffba ccff | ffff 4489 | 4424 2044 
  0x000001f7bffb2d50: 8b5c 2440 | 4489 5c24 | 2444 8b44 | 2444 4489 | 4424 4048 | 895c 2450 | 4489 6c24 | 4448 8974 
  0x000001f7bffb2d70: 2468 4489 | 5424 7090 

  0x000001f7bffb2d78: ;   {runtime_call UncommonTrapBlob}
  0x000001f7bffb2d78: c5f8 77e8 

  0x000001f7bffb2d7c: ; ImmutableOopMap {[40]=Oop [48]=Oop [56]=Oop [68]=NarrowOop [72]=Oop [80]=Oop [104]=Oop [112]=NarrowOop }
                      ;*newarray {reexecute=1 rethrow=0 return_oop=0}
                      ; - (reexecute) java.util.Arrays::copyOfRange@59 (line 3852)
                      ; - java.lang.StringLatin1::newString@16 (line 856)
                      ; - java.lang.String::substring@41 (line 2930)
                      ; - java.lang.ClassLoader::checkCerts@21 (line 1162)
                      ; - java.lang.ClassLoader::preDefineClass@113 (line 918)
                      ; - java.lang.ClassLoader::defineClass@4 (line 1024)
                      ; - java.security.SecureClassLoader::defineClass@12 (line 150)
  0x000001f7bffb2d7c: e015 8cff 

  0x000001f7bffb2d80: ;   {other}
  0x000001f7bffb2d80: 0f1f 8400 | f842 004e | bade ffff | ff66 6690 

  0x000001f7bffb2d90: ;   {runtime_call UncommonTrapBlob}
  0x000001f7bffb2d90: c5f8 77e8 

  0x000001f7bffb2d94: ; ImmutableOopMap {rbp=NarrowOop }
                      ;*checkcast {reexecute=0 rethrow=0 return_oop=0}
                      ; - java.lang.ClassLoader::getNamedPackage@8 (line 340)
                      ; - java.lang.ClassLoader::postDefineClass@9 (line 935)
                      ; - java.lang.ClassLoader::defineClass@37 (line 1027)
                      ; - java.security.SecureClassLoader::defineClass@12 (line 150)
  0x000001f7bffb2d94: c815 8cff 

  0x000001f7bffb2d98: ;   {other}
  0x000001f7bffb2d98: 0f1f 8400 | 1043 004f | ba76 ffff | ff44 894c | 2420 4c8b | 5c24 484c | 895c 2440 | 4889 4424 
  0x000001f7bffb2db8: 5844 8954 | 2424 6690 

  0x000001f7bffb2dc0: ;   {runtime_call UncommonTrapBlob}
  0x000001f7bffb2dc0: c5f8 77e8 

  0x000001f7bffb2dc4: ; ImmutableOopMap {[36]=NarrowOop [40]=Oop [48]=Oop [64]=Oop [88]=Oop }
                      ;*iflt {reexecute=1 rethrow=0 return_oop=0}
                      ; - (reexecute) java.lang.StringLatin1::lastIndexOf@19 (line 395)
                      ; - java.lang.String::lastIndexOf@13 (line 2664)
                      ; - java.lang.String::lastIndexOf@8 (line 2626)
                      ; - java.lang.Class::getPackageName@47 (line 1257)
                      ; - java.lang.ClassLoader::postDefineClass@2 (line 935)
                      ; - java.lang.ClassLoader::defineClass@37 (line 1027)
                      ; - java.security.SecureClassLoader::defineClass@12 (line 150)
  0x000001f7bffb2dc4: 9815 8cff 

  0x000001f7bffb2dc8: ;   {other}
  0x000001f7bffb2dc8: 0f1f 8400 | 4043 0050 | ba45 ffff | ff48 8944 | 2440 6690 

  0x000001f7bffb2ddc: ;   {runtime_call UncommonTrapBlob}
  0x000001f7bffb2ddc: c5f8 77e8 

  0x000001f7bffb2de0: ; ImmutableOopMap {[40]=Oop [48]=Oop [64]=Oop [72]=Oop }
                      ;*ifeq {reexecute=1 rethrow=0 return_oop=0}
                      ; - (reexecute) java.lang.Class::getPackageName@13 (line 1252)
                      ; - java.lang.ClassLoader::postDefineClass@2 (line 935)
                      ; - java.lang.ClassLoader::defineClass@37 (line 1027)
                      ; - java.security.SecureClassLoader::defineClass@12 (line 150)
  0x000001f7bffb2de0: 7c15 8cff 

  0x000001f7bffb2de4: ;   {other}
  0x000001f7bffb2de4: 0f1f 8400 | 5c43 0051 | 448b cbe9 | e9d1 ffff | 33ed 4585 | c040 0f94 | c5ba 45ff | ffff 6690 
  0x000001f7bffb2e04: ;   {runtime_call UncommonTrapBlob}
  0x000001f7bffb2e04: c5f8 77e8 

  0x000001f7bffb2e08: ; ImmutableOopMap {[40]=Oop [48]=Oop [56]=Oop [72]=Oop }
                      ;*ifeq {reexecute=1 rethrow=0 return_oop=0}
                      ; - (reexecute) java.lang.String::indexOf@4 (line 2494)
                      ; - java.lang.ClassLoader::checkName@16 (line 1155)
                      ; - java.lang.ClassLoader::preDefineClass@1 (line 901)
                      ; - java.lang.ClassLoader::defineClass@4 (line 1024)
                      ; - java.security.SecureClassLoader::defineClass@12 (line 150)
  0x000001f7bffb2e08: 5415 8cff 

  0x000001f7bffb2e0c: ;   {other}
  0x000001f7bffb2e0c: 0f1f 8400 | 8443 0052 | ba45 ffff | ff48 8b6c | 2428 895c | 2450 6690 

  0x000001f7bffb2e24: ;   {runtime_call UncommonTrapBlob}
  0x000001f7bffb2e24: c5f8 77e8 

  0x000001f7bffb2e28: ; ImmutableOopMap {rbp=Oop [48]=Oop [56]=Oop [72]=Oop }
                      ;*if_icmpne {reexecute=1 rethrow=0 return_oop=0}
                      ; - (reexecute) java.lang.ClassLoader::checkName@20 (line 1155)
                      ; - java.lang.ClassLoader::preDefineClass@1 (line 901)
                      ; - java.lang.ClassLoader::defineClass@4 (line 1024)
                      ; - java.security.SecureClassLoader::defineClass@12 (line 150)
  0x000001f7bffb2e28: 3415 8cff 

  0x000001f7bffb2e2c: ;   {other}
  0x000001f7bffb2e2c: 0f1f 8400 | a443 0053 | ba45 ffff | ff48 8b6c | 2428 4c8b | 5424 304c | 8954 2428 | 4c8b 5424 
  0x000001f7bffb2e4c: 384c 8954 | 2430 448b | 5424 4044 | 8954 2424 | 448b 5c24 | 4444 895c | 2438 4c8b | 5424 484c 
  0x000001f7bffb2e6c: 8954 2440 | 4889 5c24 | 5044 894c | 2458 897c | 245c 8944 | 2460 894c | 2464 8974 | 2468 6690 
  0x000001f7bffb2e8c: ;   {runtime_call UncommonTrapBlob}
  0x000001f7bffb2e8c: c5f8 77e8 

  0x000001f7bffb2e90: ; ImmutableOopMap {rbp=Oop [32]=NarrowOop [40]=Oop [48]=Oop [64]=Oop [80]=Oop [88]=NarrowOop [92]=NarrowOop }
                      ;*if_icmpne {reexecute=1 rethrow=0 return_oop=0}
                      ; - (reexecute) java.lang.String::getBytes@5 (line 4822)
                      ; - java.lang.AbstractStringBuilder::putStringAt@15 (line 1768)
                      ; - java.lang.AbstractStringBuilder::append@30 (line 591)
                      ; - java.lang.StringBuilder::append@2 (line 179)
                      ; - java.net.URLStreamHandler::toExternalForm@77 (line 484)
                      ; - java.net.URL::toExternalForm@5 (line 1203)
                      ; - java.net.URL::toString@1 (line 1189)
                      ; - java.lang.ClassLoader::defineClassSourceLocation@22 (line 928)
                      ; - java.lang.ClassLoader::defineClass@12 (line 1025)
                      ; - java.security.SecureClassLoader::defineClass@12 (line 150)
  0x000001f7bffb2e90: cc14 8cff 

  0x000001f7bffb2e94: ;   {other}
  0x000001f7bffb2e94: 0f1f 8400 | 0c44 0054 | 33ed 4585 | c040 0f94 | c5ba 45ff | ffff 4c8b | 4424 284c | 8944 2420 
  0x000001f7bffb2eb4: 4c8b 4424 | 304c 8944 | 2428 4c8b | 4424 384c | 8944 2430 | 448b 4c24 | 4044 894c | 2438 448b 
  0x000001f7bffb2ed4: 4424 4444 | 8944 243c | 4c8b 4424 | 484c 8944 | 2440 4c89 | 6c24 5048 | 895c 2458 | 4489 5424 
  0x000001f7bffb2ef4: 6044 895c | 2464 6690 

  0x000001f7bffb2efc: ;   {runtime_call UncommonTrapBlob}
  0x000001f7bffb2efc: c5f8 77e8 

  0x000001f7bffb2f00: ; ImmutableOopMap {[32]=Oop [40]=Oop [48]=Oop [64]=Oop [80]=Oop [88]=Oop [96]=NarrowOop }
                      ;*ifeq {reexecute=1 rethrow=0 return_oop=0}
                      ; - (reexecute) java.lang.String::<init>@19 (line 4887)
                      ; - java.lang.StringBuilder::toString@16 (line 478)
                      ; - java.net.URLStreamHandler::toExternalForm@152 (line 486)
                      ; - java.net.URL::toExternalForm@5 (line 1203)
                      ; - java.net.URL::toString@1 (line 1189)
                      ; - java.lang.ClassLoader::defineClassSourceLocation@22 (line 928)
                      ; - java.lang.ClassLoader::defineClass@12 (line 1025)
                      ; - java.security.SecureClassLoader::defineClass@12 (line 150)
  0x000001f7bffb2f00: 5c14 8cff 

  0x000001f7bffb2f04: ;   {other}
  0x000001f7bffb2f04: 0f1f 8400 | 7c44 0055 | 498b d7c5 | f877 49ba | e007 3ca7 | fd7f 0000 

  0x000001f7bffb2f1c: ;   {other}
  0x000001f7bffb2f1c: 41ff d20f | 1f84 0000 | 0000 00e9 | eece ffff | ba45 ffff | ff48 8b7c | 2428 4889 | 7c24 2048 
  0x000001f7bffb2f3c: 8b7c 2430 | 4889 7c24 | 2848 8b7c | 2438 4889 | 7c24 308b | 7c24 4089 | 7c24 388b | 6c24 444c 
  0x000001f7bffb2f5c: 896c 2440 | 895c 243c | 4889 7424 | 5044 895c | 2458 4489 | 4c24 5c89 | 4424 6044 | 8944 2464 
  0x000001f7bffb2f7c: 894c 2468 | 4489 5424 | 6c66 6690 

  0x000001f7bffb2f88: ;   {runtime_call UncommonTrapBlob}
  0x000001f7bffb2f88: c5f8 77e8 

  0x000001f7bffb2f8c: ; ImmutableOopMap {[32]=Oop [40]=Oop [48]=Oop [60]=NarrowOop [64]=Oop [80]=Oop [92]=NarrowOop [96]=NarrowOop }
                      ;*if_icmpne {reexecute=1 rethrow=0 return_oop=0}
                      ; - (reexecute) java.lang.String::getBytes@5 (line 4822)
                      ; - java.lang.AbstractStringBuilder::putStringAt@15 (line 1768)
                      ; - java.lang.AbstractStringBuilder::append@30 (line 591)
                      ; - java.lang.StringBuilder::append@2 (line 179)
                      ; - java.net.URLStreamHandler::toExternalForm@11 (line 480)
                      ; - java.net.URL::toExternalForm@5 (line 1203)
                      ; - java.net.URL::toString@1 (line 1189)
                      ; - java.lang.ClassLoader::defineClassSourceLocation@22 (line 928)
                      ; - java.lang.ClassLoader::defineClass@12 (line 1025)
                      ; - java.security.SecureClassLoader::defineClass@12 (line 150)
  0x000001f7bffb2f8c: d013 8cff 

  0x000001f7bffb2f90: ;   {other}
  0x000001f7bffb2f90: 0f1f 8400 | 0845 0056 | ba45 ffff | ff48 8b6c | 2430 4c8b | 5424 484c | 8954 2430 | 4c89 4c24 
  0x000001f7bffb2fb0: 384c 896c | 2440 4489 | 4424 4844 | 895c 244c 

  0x000001f7bffb2fc0: ;   {runtime_call UncommonTrapBlob}
  0x000001f7bffb2fc0: c5f8 77e8 

  0x000001f7bffb2fc4: ; ImmutableOopMap {rbp=Oop [48]=Oop [56]=Oop [64]=Oop [72]=NarrowOop }
                      ;*ifle {reexecute=1 rethrow=0 return_oop=0}
                      ; - (reexecute) java.util.concurrent.ConcurrentHashMap::get@23 (line 938)
                      ; - java.lang.ClassLoader::getNamedPackage@5 (line 340)
                      ; - java.lang.ClassLoader::postDefineClass@9 (line 935)
                      ; - java.lang.ClassLoader::defineClass@37 (line 1027)
                      ; - java.security.SecureClassLoader::defineClass@12 (line 150)
  0x000001f7bffb2fc4: 9813 8cff 

  0x000001f7bffb2fc8: ;   {other}
  0x000001f7bffb2fc8: 0f1f 8400 | 4045 0057 | ba45 ffff | ff4c 8b54 | 2428 4c89 | 5424 204c | 8944 2428 | 4c89 4c24 
  0x000001f7bffb2fe8: 3089 7c24 | 3889 7424 | 3c66 6690 

  0x000001f7bffb2ff4: ;   {runtime_call UncommonTrapBlob}
  0x000001f7bffb2ff4: c5f8 77e8 

  0x000001f7bffb2ff8: ; ImmutableOopMap {rbp=Oop [32]=Oop [40]=Oop [48]=Oop }
                      ;*ifnonnull {reexecute=1 rethrow=0 return_oop=0}
                      ; - (reexecute) java.security.SecureClassLoader::getProtectionDomain@1 (line 213)
                      ; - java.security.SecureClassLoader::defineClass@9 (line 150)
  0x000001f7bffb2ff8: 6413 8cff 

  0x000001f7bffb2ffc: ;   {other}
  0x000001f7bffb2ffc: 0f1f 8400 | 7445 0058 | ba45 ffff | ff66 6690 

  0x000001f7bffb300c: ;   {runtime_call UncommonTrapBlob}
  0x000001f7bffb300c: c5f8 77e8 

  0x000001f7bffb3010: ; ImmutableOopMap {[40]=Oop [48]=Oop [56]=Oop [72]=Oop }
                      ;*if_icmpne {reexecute=1 rethrow=0 return_oop=0}
                      ; - (reexecute) java.lang.ClassLoader::checkName@30 (line 1155)
                      ; - java.lang.ClassLoader::preDefineClass@1 (line 901)
                      ; - java.lang.ClassLoader::defineClass@4 (line 1024)
                      ; - java.security.SecureClassLoader::defineClass@12 (line 150)
  0x000001f7bffb3010: 4c13 8cff 

  0x000001f7bffb3014: ;   {other}
  0x000001f7bffb3014: 0f1f 8400 | 8c45 0059 | ba45 ffff | ff48 8b6c | 2428 4c8b | 5424 304c | 8954 2420 | 4c8b 5424 
  0x000001f7bffb3034: 384c 8954 | 2428 448b | 5424 4044 | 8954 2430 | 895c 2440 

  0x000001f7bffb3048: ;   {runtime_call UncommonTrapBlob}
  0x000001f7bffb3048: c5f8 77e8 

  0x000001f7bffb304c: ; ImmutableOopMap {rbp=Oop [32]=Oop [40]=Oop [64]=NarrowOop [72]=Oop }
                      ;*ifnull {reexecute=1 rethrow=0 return_oop=0}
                      ; - (reexecute) java.lang.ClassLoader::defineClassSourceLocation@15 (line 927)
                      ; - java.lang.ClassLoader::defineClass@12 (line 1025)
                      ; - java.security.SecureClassLoader::defineClass@12 (line 150)
  0x000001f7bffb304c: 1013 8cff 

  0x000001f7bffb3050: ;   {other}
  0x000001f7bffb3050: 0f1f 8400 | c845 005a | 4c89 5424 | 6845 8bd3 | 894c 2460 | 4889 7c24 | 5848 895c | 2450 4c8b 
  0x000001f7bffb3070: 5c24 284c | 895c 2420 | 48ba 0000 | 00dd f701 | 0000 4903 | d045 8bc2 

  0x000001f7bffb3088: ;   {runtime_call _new_array_Java}
  0x000001f7bffb3088: c5f8 77e8 

  0x000001f7bffb308c: ; ImmutableOopMap {rbp=Oop [32]=Oop [48]=Oop [56]=Oop [72]=Oop [80]=Oop [88]=Oop [96]=NarrowOop }
                      ;*invokevirtual clone {reexecute=1 rethrow=0 return_oop=1}
                      ; - (reexecute) java.security.CodeSource::getCertificates@11 (line 200)
                      ; - java.lang.ClassLoader::checkCerts@34 (line 1166)
                      ; - java.lang.ClassLoader::preDefineClass@113 (line 918)
                      ; - java.lang.ClassLoader::defineClass@4 (line 1024)
                      ; - java.security.SecureClassLoader::defineClass@12 (line 150)
  0x000001f7bffb308c: d0ab 98ff 

  0x000001f7bffb3090: ;   {other}
  0x000001f7bffb3090: 0f1f 8400 | 0846 005b | 4c8b 5424 | 204c 8954 | 2428 488b | 5c24 5048 | 8b7c 2458 | 8b4c 2460 
  0x000001f7bffb30b0: 4c8b 5424 | 6848 8bf0 | e9c4 e1ff | ffba 45ff | ffff 488b | 6c24 284c | 8b44 2430 | 4c89 4424 
  0x000001f7bffb30d0: 204c 8b44 | 2438 4c89 | 4424 2844 | 8b4c 2440 | 4489 4c24 | 3044 8b44 | 2444 4489 | 4424 344c 
  0x000001f7bffb30f0: 896c 2438 | 895c 2440 | 4889 7424 | 5048 8974 | 2458 4489 | 5424 4444 | 895c 2468 

  0x000001f7bffb310c: ;   {runtime_call UncommonTrapBlob}
  0x000001f7bffb310c: c5f8 77e8 

  0x000001f7bffb3110: ; ImmutableOopMap {rbp=Oop [32]=Oop [40]=Oop [56]=Oop [64]=NarrowOop [80]=Oop [88]=Oop }
                      ;*if_icmpeq {reexecute=1 rethrow=0 return_oop=0}
                      ; - (reexecute) java.lang.AbstractStringBuilder::inflateIfNeededFor@14 (line 1750)
                      ; - java.lang.AbstractStringBuilder::putStringAt@2 (line 1767)
                      ; - java.lang.AbstractStringBuilder::append@30 (line 591)
                      ; - java.lang.StringBuilder::append@2 (line 179)
                      ; - java.net.URLStreamHandler::toExternalForm@59 (line 483)
                      ; - java.net.URL::toExternalForm@5 (line 1203)
                      ; - java.net.URL::toString@1 (line 1189)
                      ; - java.lang.ClassLoader::defineClassSourceLocation@22 (line 928)
                      ; - java.lang.ClassLoader::defineClass@12 (line 1025)
                      ; - java.security.SecureClassLoader::defineClass@12 (line 150)
  0x000001f7bffb3110: 4c12 8cff 

  0x000001f7bffb3114: ;   {other}
  0x000001f7bffb3114: 0f1f 8400 | 8c46 005c | ba45 ffff | ff48 8b6c | 2428 4c8b | 5424 304c | 8954 2428 | 4c8b 5424 
  0x000001f7bffb3134: 384c 8954 | 2430 448b | 5424 4044 | 8954 2424 | 448b 5c24 | 4444 895c | 2438 4c8b | 5424 484c 
  0x000001f7bffb3154: 8954 2440 | 4889 5c24 | 5044 8b5c | 2474 4489 | 5c24 3c48 | 895c 2458 | 8944 2460 | 4489 4c24 
  0x000001f7bffb3174: 6489 7424 | 7089 4c24 | 7466 6690 

  0x000001f7bffb3180: ;   {runtime_call UncommonTrapBlob}
  0x000001f7bffb3180: c5f8 77e8 

  0x000001f7bffb3184: ; ImmutableOopMap {rbp=Oop [32]=NarrowOop [40]=Oop [48]=Oop [64]=Oop [80]=Oop [88]=Oop [100]=NarrowOop }
                      ;*if_icmpeq {reexecute=1 rethrow=0 return_oop=0}
                      ; - (reexecute) java.lang.AbstractStringBuilder::inflateIfNeededFor@14 (line 1750)
                      ; - java.lang.AbstractStringBuilder::putStringAt@2 (line 1767)
                      ; - java.lang.AbstractStringBuilder::append@30 (line 591)
                      ; - java.lang.StringBuilder::append@2 (line 179)
                      ; - java.net.URLStreamHandler::toExternalForm@77 (line 484)
                      ; - java.net.URL::toExternalForm@5 (line 1203)
                      ; - java.net.URL::toString@1 (line 1189)
                      ; - java.lang.ClassLoader::defineClassSourceLocation@22 (line 928)
                      ; - java.lang.ClassLoader::defineClass@12 (line 1025)
                      ; - java.security.SecureClassLoader::defineClass@12 (line 150)
  0x000001f7bffb3184: d811 8cff 

  0x000001f7bffb3188: ;   {other}
  0x000001f7bffb3188: 0f1f 8400 | 0047 005d | ba45 ffff | ff4c 8b54 | 2428 4c89 | 5424 204c | 8b54 2430 | 4c89 5424 
  0x000001f7bffb31a8: 284c 8b54 | 2438 4c89 | 5424 3044 | 8b5c 2440 | 4489 5c24 | 3844 8b54 | 2444 4489 | 5424 3c4c 
  0x000001f7bffb31c8: 8b54 2448 | 4c89 5424 | 4044 894c | 2448 4889 | 5c24 5090 

  0x000001f7bffb31dc: ;   {runtime_call UncommonTrapBlob}
  0x000001f7bffb31dc: c5f8 77e8 

  0x000001f7bffb31e0: ; ImmutableOopMap {rbp=NarrowOop [32]=Oop [40]=Oop [48]=Oop [64]=Oop [72]=NarrowOop [80]=Oop }
                      ;*ifnull {reexecute=1 rethrow=0 return_oop=0}
                      ; - (reexecute) java.net.URLStreamHandler::toExternalForm@86 (line 485)
                      ; - java.net.URL::toExternalForm@5 (line 1203)
                      ; - java.net.URL::toString@1 (line 1189)
                      ; - java.lang.ClassLoader::defineClassSourceLocation@22 (line 928)
                      ; - java.lang.ClassLoader::defineClass@12 (line 1025)
                      ; - java.security.SecureClassLoader::defineClass@12 (line 150)
  0x000001f7bffb31e0: 7c11 8cff 

  0x000001f7bffb31e4: ;   {other}
  0x000001f7bffb31e4: 0f1f 8400 | 5c47 005e | ba45 ffff | ff48 8b6c | 2428 4c8b | 4424 304c | 8944 2420 | 4c8b 4424 
  0x000001f7bffb3204: 384c 8944 | 2428 448b | 4424 4044 | 8944 2430 | 448b 4424 | 4444 8944 | 2434 4c8b | 4424 484c 
  0x000001f7bffb3224: 8944 2438 | 4489 4c24 | 4048 895c | 2450 4889 | 5c24 5844 | 8954 2444 | 4489 5c24 | 6866 6690 
  0x000001f7bffb3244: ;   {runtime_call UncommonTrapBlob}
  0x000001f7bffb3244: c5f8 77e8 

  0x000001f7bffb3248: ; ImmutableOopMap {rbp=Oop [32]=Oop [40]=Oop [56]=Oop [64]=NarrowOop [80]=Oop [88]=Oop }
                      ;*if_icmpeq {reexecute=1 rethrow=0 return_oop=0}
                      ; - (reexecute) java.lang.AbstractStringBuilder::inflateIfNeededFor@14 (line 1750)
                      ; - java.lang.AbstractStringBuilder::putStringAt@2 (line 1767)
                      ; - java.lang.AbstractStringBuilder::append@30 (line 591)
                      ; - java.lang.StringBuilder::append@2 (line 179)
                      ; - java.net.URLStreamHandler::toExternalForm@113 (line 485)
                      ; - java.net.URL::toExternalForm@5 (line 1203)
                      ; - java.net.URL::toString@1 (line 1189)
                      ; - java.lang.ClassLoader::defineClassSourceLocation@22 (line 928)
                      ; - java.lang.ClassLoader::defineClass@12 (line 1025)
                      ; - java.security.SecureClassLoader::defineClass@12 (line 150)
  0x000001f7bffb3248: 1411 8cff 

  0x000001f7bffb324c: ;   {other}
  0x000001f7bffb324c: 0f1f 8400 | c447 005f | ba45 ffff | ff4c 8b54 | 2428 4c89 | 5424 204c | 8b54 2430 | 4c89 5424 
  0x000001f7bffb326c: 284c 8b54 | 2438 4c89 | 5424 3044 | 8b54 2440 | 4489 5424 | 3844 8b5c | 2444 4489 | 5c24 3c4c 
  0x000001f7bffb328c: 8b54 2448 | 4c89 5424 | 4048 895c | 2448 6690 

  0x000001f7bffb329c: ;   {runtime_call UncommonTrapBlob}
  0x000001f7bffb329c: c5f8 77e8 

  0x000001f7bffb32a0: ; ImmutableOopMap {rbp=NarrowOop [32]=Oop [40]=Oop [48]=Oop [64]=Oop [72]=Oop }
                      ;*ifnull {reexecute=1 rethrow=0 return_oop=0}
                      ; - (reexecute) java.net.URLStreamHandler::toExternalForm@122 (line 486)
                      ; - java.net.URL::toExternalForm@5 (line 1203)
                      ; - java.net.URL::toString@1 (line 1189)
                      ; - java.lang.ClassLoader::defineClassSourceLocation@22 (line 928)
                      ; - java.lang.ClassLoader::defineClass@12 (line 1025)
                      ; - java.security.SecureClassLoader::defineClass@12 (line 150)
  0x000001f7bffb32a0: bc10 8cff 

  0x000001f7bffb32a4: ;   {other}
  0x000001f7bffb32a4: 0f1f 8400 | 1c48 0060 | ba45 ffff | ff4c 8b54 | 2428 4c89 | 5424 204c | 8b54 2430 | 4c89 5424 
  0x000001f7bffb32c4: 284c 8b54 | 2438 4c89 | 5424 3044 | 8b5c 2440 | 4489 5c24 | 3844 8b54 | 2444 4489 | 5424 3c4c 
  0x000001f7bffb32e4: 8b54 2448 | 4c89 5424 | 4048 895c | 2450 4889 | 5c24 5844 | 8944 2460 

  0x000001f7bffb32fc: ;   {runtime_call UncommonTrapBlob}
  0x000001f7bffb32fc: c5f8 77e8 

  0x000001f7bffb3300: ; ImmutableOopMap {[32]=Oop [40]=Oop [48]=Oop [64]=Oop [80]=Oop [88]=Oop }
                      ;*if_icmpeq {reexecute=1 rethrow=0 return_oop=0}
                      ; - (reexecute) java.lang.AbstractStringBuilder::inflateIfNeededFor@14 (line 1750)
                      ; - java.lang.AbstractStringBuilder::putStringAt@2 (line 1767)
                      ; - java.lang.AbstractStringBuilder::append@30 (line 591)
                      ; - java.lang.StringBuilder::append@2 (line 179)
                      ; - java.net.URLStreamHandler::toExternalForm@149 (line 486)
                      ; - java.net.URL::toExternalForm@5 (line 1203)
                      ; - java.net.URL::toString@1 (line 1189)
                      ; - java.lang.ClassLoader::defineClassSourceLocation@22 (line 928)
                      ; - java.lang.ClassLoader::defineClass@12 (line 1025)
                      ; - java.security.SecureClassLoader::defineClass@12 (line 150)
  0x000001f7bffb3300: 5c10 8cff 

  0x000001f7bffb3304: ;   {other}
  0x000001f7bffb3304: 0f1f 8400 | 7c48 0061 | ba45 ffff | ff48 8b6c | 2428 488b | 7c24 3048 | 897c 2420 | 488b 7c24 
  0x000001f7bffb3324: 3848 897c | 2428 8b7c | 2440 897c | 2430 8b44 | 2444 8944 | 2434 4c89 | 6c24 3889 | 5c24 4048 
  0x000001f7bffb3344: 8974 2450 | 4489 5c24 | 4448 8974 | 2458 4489 | 4424 6044 | 894c 2464 | 4489 5424 | 7089 4c24 
  0x000001f7bffb3364: 7466 6690 

  0x000001f7bffb3368: ;   {runtime_call UncommonTrapBlob}
  0x000001f7bffb3368: c5f8 77e8 

  0x000001f7bffb336c: ; ImmutableOopMap {rbp=Oop [32]=Oop [40]=Oop [56]=Oop [64]=NarrowOop [80]=Oop [88]=Oop [100]=NarrowOop }
                      ;*if_icmpeq {reexecute=1 rethrow=0 return_oop=0}
                      ; - (reexecute) java.lang.AbstractStringBuilder::inflateIfNeededFor@14 (line 1750)
                      ; - java.lang.AbstractStringBuilder::putStringAt@2 (line 1767)
                      ; - java.lang.AbstractStringBuilder::append@30 (line 591)
                      ; - java.lang.StringBuilder::append@2 (line 179)
                      ; - java.net.URLStreamHandler::toExternalForm@11 (line 480)
                      ; - java.net.URL::toExternalForm@5 (line 1203)
                      ; - java.net.URL::toString@1 (line 1189)
                      ; - java.lang.ClassLoader::defineClassSourceLocation@22 (line 928)
                      ; - java.lang.ClassLoader::defineClass@12 (line 1025)
                      ; - java.security.SecureClassLoader::defineClass@12 (line 150)
  0x000001f7bffb336c: f00f 8cff 

  0x000001f7bffb3370: ;   {other}
  0x000001f7bffb3370: 0f1f 8400 | e848 0062 | ba3d ffff | ff44 8944 | 2420 4489 | 4424 2448 | 895c 2450 | 4489 6c24 
  0x000001f7bffb3390: 6089 4c24 | 7066 6690 

  0x000001f7bffb3398: ;   {runtime_call UncommonTrapBlob}
  0x000001f7bffb3398: c5f8 77e8 

  0x000001f7bffb339c: ; ImmutableOopMap {[40]=Oop [48]=Oop [56]=Oop [72]=Oop [80]=Oop [96]=NarrowOop }
                      ;*if_icmpgt {reexecute=1 rethrow=0 return_oop=0}
                      ; - (reexecute) jdk.internal.util.Preconditions::checkFromToIndex@6 (line 348)
                      ; - java.lang.String::checkBoundsBeginEnd@6 (line 4963)
                      ; - java.lang.String::substring@8 (line 2925)
                      ; - java.lang.ClassLoader::checkCerts@21 (line 1162)
                      ; - java.lang.ClassLoader::preDefineClass@113 (line 918)
                      ; - java.lang.ClassLoader::defineClass@4 (line 1024)
                      ; - java.security.SecureClassLoader::defineClass@12 (line 150)
  0x000001f7bffb339c: c00f 8cff 

  0x000001f7bffb33a0: ;   {other}
  0x000001f7bffb33a0: 0f1f 8400 | 1849 0063 | ba45 ffff | ff48 8b6c | 2428 4c8b | 5424 384c | 8954 2428 | 448b 5424 
  0x000001f7bffb33c0: 4044 8954 | 2438 448b | 5c24 4444 | 895c 243c | 4c8b 5424 | 484c 8954 | 2440 4489 | 4424 4890 
  0x000001f7bffb33e0: ;   {runtime_call UncommonTrapBlob}
  0x000001f7bffb33e0: c5f8 77e8 

  0x000001f7bffb33e4: ; ImmutableOopMap {rbp=Oop [40]=Oop [48]=Oop [64]=Oop }
                      ;*ifne {reexecute=1 rethrow=0 return_oop=0}
                      ; - (reexecute) java.lang.ClassLoader::compareCerts@7 (line 1184)
                      ; - java.lang.ClassLoader::checkCerts@80 (line 1170)
                      ; - java.lang.ClassLoader::preDefineClass@113 (line 918)
                      ; - java.lang.ClassLoader::defineClass@4 (line 1024)
                      ; - java.security.SecureClassLoader::defineClass@12 (line 150)
  0x000001f7bffb33e4: 780f 8cff 

  0x000001f7bffb33e8: ;   {other}
  0x000001f7bffb33e8: 0f1f 8400 | 6049 0064 | 4c89 5c24 | 5048 8974 | 2420 488b | eb49 8bd7 | c5f8 7749 | bae0 073c 
  0x000001f7bffb3408: a7fd 7f00 | 0041 ffd2 

  0x000001f7bffb3410: ;   {other}
  0x000001f7bffb3410: 0f1f 8400 | 0000 0000 | 488b dd48 | 8b74 2420 | 4c8b 5c24 | 50e9 acc2 | ffff 4983 | c3fe 498b 
  0x000001f7bffb3430: cb49 8bfa | 4833 c048 | 83f9 087f | 1048 ffc9 | 784f 4889 | 04cf 48ff | c97d f7eb | 44c5 fdef 
  0x000001f7bffb3450: c0e9 0d00 | 0000 c5fe | 7f07 c5fe | 7f47 2048 | 83c7 4048 | 83e9 087d | ed48 83c1 | 047c 0cc5 
  0x000001f7bffb3470: fe7f 0748 | 83c7 2048 | 83e9 0448 | 83c1 047e | 1048 ffc9 | c5f9 d607 | 4883 c708 | 48ff c97d 
  0x000001f7bffb3490: f3e9 79cd | ffff bacc | ffff ff44 | 894c 2420 | 4c8b 5c24 | 484c 895c | 2440 4889 | 5c24 6044 
  0x000001f7bffb34b0: 8954 2424 

  0x000001f7bffb34b4: ;   {runtime_call UncommonTrapBlob}
  0x000001f7bffb34b4: c5f8 77e8 

  0x000001f7bffb34b8: ; ImmutableOopMap {[36]=NarrowOop [40]=Oop [48]=Oop [64]=Oop [96]=Oop }
                      ;*newarray {reexecute=1 rethrow=0 return_oop=0}
                      ; - (reexecute) java.util.Arrays::copyOfRange@59 (line 3852)
                      ; - java.lang.StringLatin1::newString@16 (line 856)
                      ; - java.lang.String::substring@41 (line 2930)
                      ; - java.lang.Class::getPackageName@62 (line 1258)
                      ; - java.lang.ClassLoader::postDefineClass@2 (line 935)
                      ; - java.lang.ClassLoader::defineClass@37 (line 1027)
                      ; - java.security.SecureClassLoader::defineClass@12 (line 150)
  0x000001f7bffb34b8: a40e 8cff 

  0x000001f7bffb34bc: ;   {other}
  0x000001f7bffb34bc: 0f1f 8400 | 344a 0065 | ba45 ffff | ff48 8b6c | 2428 4c8b | 5424 304c | 8954 2420 | 4c8b 5424 
  0x000001f7bffb34dc: 384c 8954 | 2428 448b | 4424 4044 | 8944 2430 | 448b 5424 | 4444 8954 | 2434 4c8b | 5424 484c 
  0x000001f7bffb34fc: 8954 2438 | 4c89 6c24 | 4844 895c | 2454 6690 

  0x000001f7bffb350c: ;   {runtime_call UncommonTrapBlob}
  0x000001f7bffb350c: c5f8 77e8 

  0x000001f7bffb3510: ; ImmutableOopMap {rbp=Oop [32]=Oop [40]=Oop [56]=Oop [72]=Oop }
                      ;*ifge {reexecute=1 rethrow=0 return_oop=0}
                      ; - (reexecute) java.util.Arrays::copyOfRange@23 (line 3849)
                      ; - java.lang.String::<init>@32 (line 4889)
                      ; - java.lang.StringBuilder::toString@16 (line 478)
                      ; - java.net.URLStreamHandler::toExternalForm@152 (line 486)
                      ; - java.net.URL::toExternalForm@5 (line 1203)
                      ; - java.net.URL::toString@1 (line 1189)
                      ; - java.lang.ClassLoader::defineClassSourceLocation@22 (line 928)
                      ; - java.lang.ClassLoader::defineClass@12 (line 1025)
                      ; - java.security.SecureClassLoader::defineClass@12 (line 150)
  0x000001f7bffb3510: 4c0e 8cff 

  0x000001f7bffb3514: ;   {other}
  0x000001f7bffb3514: 0f1f 8400 | 8c4a 0066 | baf6 ffff | ff66 6690 

  0x000001f7bffb3524: ;   {runtime_call UncommonTrapBlob}
  0x000001f7bffb3524: c5f8 77e8 

  0x000001f7bffb3528: ; ImmutableOopMap {}
                      ;*invokevirtual isNamed {reexecute=0 rethrow=0 return_oop=0}
                      ; - java.lang.NamedPackage::<init>@12 (line 48)
                      ; - java.lang.ClassLoader::getNamedPackage@22 (line 342)
                      ; - java.lang.ClassLoader::postDefineClass@9 (line 935)
                      ; - java.lang.ClassLoader::defineClass@37 (line 1027)
                      ; - java.security.SecureClassLoader::defineClass@12 (line 150)
  0x000001f7bffb3528: 340e 8cff 

  0x000001f7bffb352c: ;   {other}
  0x000001f7bffb352c: 0f1f 8400 | a44a 0067 | ba45 ffff | ff48 8b6c | 2430 488b | 4c24 4848 | 894c 2430 | 4c89 4c24 
  0x000001f7bffb354c: 3844 8944 | 2448 4c89 | 6c24 5044 | 895c 244c | 4489 5424 | 5866 6690 

  0x000001f7bffb3564: ;   {runtime_call UncommonTrapBlob}
  0x000001f7bffb3564: c5f8 77e8 

  0x000001f7bffb3568: ; ImmutableOopMap {rbp=Oop [48]=Oop [56]=Oop [72]=NarrowOop [76]=NarrowOop [80]=Oop }
                      ;*ifeq {reexecute=1 rethrow=0 return_oop=0}
                      ; - (reexecute) java.util.concurrent.ConcurrentHashMap::get@76 (line 941)
                      ; - java.lang.ClassLoader::getNamedPackage@5 (line 340)
                      ; - java.lang.ClassLoader::postDefineClass@9 (line 935)
                      ; - java.lang.ClassLoader::defineClass@37 (line 1027)
                      ; - java.security.SecureClassLoader::defineClass@12 (line 150)
  0x000001f7bffb3568: f40d 8cff 

  0x000001f7bffb356c: ;   {other}
  0x000001f7bffb356c: 0f1f 8400 | e44a 0068 | 4889 7424 | 4045 8bd8 | 897c 2438 | 4c89 4c24 | 2048 ba00 | 0000 ddf7 
  0x000001f7bffb358c: 0100 0049 | 03d2 458b | c366 6690 

  0x000001f7bffb3598: ;   {runtime_call _new_array_Java}
  0x000001f7bffb3598: c5f8 77e8 

  0x000001f7bffb359c: ; ImmutableOopMap {rbp=Oop [32]=Oop [48]=Oop [56]=NarrowOop }
                      ;*invokevirtual clone {reexecute=1 rethrow=0 return_oop=1}
                      ; - (reexecute) java.security.CodeSource::getCertificates@11 (line 200)
                      ; - java.lang.ClassLoader::postDefineClass@24 (line 938)
                      ; - java.lang.ClassLoader::defineClass@37 (line 1027)
                      ; - java.security.SecureClassLoader::defineClass@12 (line 150)
  0x000001f7bffb359c: c0a6 98ff 

  0x000001f7bffb35a0: ;   {other}
  0x000001f7bffb35a0: 0f1f 8400 | 184b 0069 | 8b7c 2438 | 488b 7424 | 4048 8bd8 | e908 deff | ffba f6ff | ffff 6690 
  0x000001f7bffb35c0: ;   {runtime_call UncommonTrapBlob}
  0x000001f7bffb35c0: c5f8 77e8 

  0x000001f7bffb35c4: ; ImmutableOopMap {[56]=NarrowOop }
                      ;*invokevirtual append {reexecute=0 rethrow=0 return_oop=0}
                      ; - java.lang.NamedPackage::<init>@35 (line 49)
                      ; - java.lang.ClassLoader::getNamedPackage@22 (line 342)
                      ; - java.lang.ClassLoader::postDefineClass@9 (line 935)
                      ; - java.lang.ClassLoader::defineClass@37 (line 1027)
                      ; - java.security.SecureClassLoader::defineClass@12 (line 150)
  0x000001f7bffb35c4: 980d 8cff 

  0x000001f7bffb35c8: ;   {other}
  0x000001f7bffb35c8: 0f1f 8400 | 404b 006a | baf6 ffff | ff66 6690 

  0x000001f7bffb35d8: ;   {runtime_call UncommonTrapBlob}
  0x000001f7bffb35d8: c5f8 77e8 

  0x000001f7bffb35dc: ; ImmutableOopMap {}
                      ;*invokevirtual toString {reexecute=0 rethrow=0 return_oop=0}
                      ; - java.lang.NamedPackage::<init>@38 (line 49)
                      ; - java.lang.ClassLoader::getNamedPackage@22 (line 342)
                      ; - java.lang.ClassLoader::postDefineClass@9 (line 935)
                      ; - java.lang.ClassLoader::defineClass@37 (line 1027)
                      ; - java.security.SecureClassLoader::defineClass@12 (line 150)
  0x000001f7bffb35dc: 800d 8cff 

  0x000001f7bffb35e0: ;   {other}
  0x000001f7bffb35e0: 0f1f 8400 | 584b 006b | 33ed 85c9 | 400f 94c5 | ba45 ffff | ff4c 8b54 | 2430 4c89 | 5424 204c 
  0x000001f7bffb3600: 8b54 2448 | 4c89 5424 | 3848 8944 | 2458 897c | 2460 6690 

  0x000001f7bffb3614: ;   {runtime_call UncommonTrapBlob}
  0x000001f7bffb3614: c5f8 77e8 

  0x000001f7bffb3618: ; ImmutableOopMap {[32]=Oop [40]=Oop [56]=Oop [88]=Oop }
                      ;*ifeq {reexecute=1 rethrow=0 return_oop=0}
                      ; - (reexecute) java.lang.String::lastIndexOf@4 (line 2664)
                      ; - java.lang.String::lastIndexOf@8 (line 2626)
                      ; - java.lang.Class::getPackageName@47 (line 1257)
                      ; - java.lang.ClassLoader::postDefineClass@2 (line 935)
                      ; - java.lang.ClassLoader::defineClass@37 (line 1027)
                      ; - java.security.SecureClassLoader::defineClass@12 (line 150)
  0x000001f7bffb3618: 440d 8cff 

  0x000001f7bffb361c: ;   {other}
  0x000001f7bffb361c: 0f1f 8400 | 944b 006c | 498b d7c5 | f877 49ba | e007 3ca7 | fd7f 0000 

  0x000001f7bffb3634: ;   {other}
  0x000001f7bffb3634: 41ff d20f | 1f84 0000 | 0000 0090 | e946 ccff | ffba 3dff | ffff 4489 | 4c24 2044 | 894c 2424 
  0x000001f7bffb3654: 4c8b 5424 | 484c 8954 | 2440 4889 | 4424 5844 | 8944 2464 

  0x000001f7bffb3668: ;   {runtime_call UncommonTrapBlob}
  0x000001f7bffb3668: c5f8 77e8 

  0x000001f7bffb366c: ; ImmutableOopMap {[40]=Oop [48]=Oop [64]=Oop [88]=Oop }
                      ;*if_icmpgt {reexecute=1 rethrow=0 return_oop=0}
                      ; - (reexecute) jdk.internal.util.Preconditions::checkFromToIndex@6 (line 348)
                      ; - java.lang.String::checkBoundsBeginEnd@6 (line 4963)
                      ; - java.lang.String::substring@8 (line 2925)
                      ; - java.lang.Class::getPackageName@62 (line 1258)
                      ; - java.lang.ClassLoader::postDefineClass@2 (line 935)
                      ; - java.lang.ClassLoader::defineClass@37 (line 1027)
                      ; - java.security.SecureClassLoader::defineClass@12 (line 150)
  0x000001f7bffb366c: f00c 8cff 

  0x000001f7bffb3670: ;   {other}
  0x000001f7bffb3670: 0f1f 8400 | e84b 006d | 498b d7c5 | f877 49ba | e007 3ca7 | fd7f 0000 

  0x000001f7bffb3688: ;   {other}
  0x000001f7bffb3688: 41ff d20f | 1f84 0000 | 0000 00e9 | 82cb ffff | 8b7c 2458 | 458b 54fc | 1445 85d2 | 0f84 85e4 
  0x000001f7bffb36a8: ffff 4d8b | 5f28 498b | ca48 c1e1 | 034d 85db | 0f84 6207 | 0000 4d8b | 5730 4b89 | 4c1a f849 
  0x000001f7bffb36c8: 83c3 f84d | 895f 28e9 | 5be4 ffff | 4d8b 5740 | 4d8b 5f48 | f083 4424 | c000 8039 | 0074 3244 
  0x000001f7bffb36e8: 8821 4d85 | d274 0f4b | 894c 13f8 | 4983 c2f8 | 4d89 5740 | eb1b 498b | d7c5 f877 | 49ba c007 
  0x000001f7bffb3708: 3ca7 fd7f | 0000 41ff 

  0x000001f7bffb3710: ;   {other}
  0x000001f7bffb3710: d20f 1f84 | 0000 0000 | 0045 8b5c | fc14 6690 | 4585 db0f | 846f 0700 | 004d 8bc3 | 49c1 e003 
  0x000001f7bffb3730: e937 e4ff | ffba e4ff | ffff 488b | 6c24 2844 | 8954 2454 

  0x000001f7bffb3744: ;   {runtime_call UncommonTrapBlob}
  0x000001f7bffb3744: c5f8 77e8 

  0x000001f7bffb3748: ; ImmutableOopMap {rbp=Oop [48]=Oop [56]=Oop [72]=Oop [84]=NarrowOop }
                      ;*baload {reexecute=0 rethrow=0 return_oop=0}
                      ; - jdk.internal.util.ArraysSupport::mismatch@82 (line 564)
                      ; - java.lang.String::startsWith@70 (line 2386)
                      ; - java.lang.String::startsWith@3 (line 2416)
                      ; - java.lang.ClassLoader::preDefineClass@43 (line 907)
                      ; - java.lang.ClassLoader::defineClass@4 (line 1024)
                      ; - java.security.SecureClassLoader::defineClass@12 (line 150)
  0x000001f7bffb3748: 140c 8cff 

  0x000001f7bffb374c: ;   {other}
  0x000001f7bffb374c: 0f1f 8400 | c44c 006e | ba45 ffff | ff48 8b5c | 2448 4889 | 5c24 384c | 894c 2440 | 4489 4424 
  0x000001f7bffb376c: 504c 896c | 2458 4489 | 5c24 5444 | 8954 2460 | 894c 2464 

  0x000001f7bffb3780: ;   {runtime_call UncommonTrapBlob}
  0x000001f7bffb3780: c5f8 77e8 

  0x000001f7bffb3784: ; ImmutableOopMap {[48]=Oop [56]=Oop [64]=Oop [80]=NarrowOop [84]=NarrowOop [88]=Oop }
                      ;*if_icmpne {reexecute=1 rethrow=0 return_oop=0}
                      ; - (reexecute) java.lang.String::equals@33 (line 1950)
                      ; - java.util.concurrent.ConcurrentHashMap::get@73 (line 941)
                      ; - java.lang.ClassLoader::getNamedPackage@5 (line 340)
                      ; - java.lang.ClassLoader::postDefineClass@9 (line 935)
                      ; - java.lang.ClassLoader::defineClass@37 (line 1027)
                      ; - java.security.SecureClassLoader::defineClass@12 (line 150)
  0x000001f7bffb3784: d80b 8cff 

  0x000001f7bffb3788: ;   {other}
  0x000001f7bffb3788: 0f1f 8400 | 004d 006f | 8bfd 458b | 5cec 1466 | 0f1f 8400 | 0000 0000 | 4585 db0f | 8484 e6ff 
  0x000001f7bffb37a8: ff4d 8b57 | 2849 8bcb | 48c1 e103 | 4d85 d20f | 84bb 0600 | 004d 8b5f | 304b 894c | 13f8 4983 
  0x000001f7bffb37c8: c2f8 4d89 | 5728 e95a | e6ff ff4d | 8b57 404d | 8b5f 48f0 | 8344 24c0 | 0041 8038 | 0074 3545 
  0x000001f7bffb37e8: 8820 4d85 | d274 0f4f | 8944 13f8 | 4983 c2f8 | 4d89 5740 | eb1e 498b | c849 8bd7 | c5f8 7749 
  0x000001f7bffb3808: bac0 073c | a7fd 7f00 | 0041 ffd2 

  0x000001f7bffb3814: ;   {other}
  0x000001f7bffb3814: 0f1f 8400 | 0000 0000 | 458b 54fc | 1445 85d2 | 0f84 8606 | 0000 49c1 | e203 4c89 | 5424 40e9 
  0x000001f7bffb3834: 37e6 ffff | ba45 ffff | ff48 8b4c | 2448 4889 | 4c24 384c | 894c 2440 | 4489 4424 | 504c 896c 
  0x000001f7bffb3854: 2458 4489 | 5c24 5444 | 8954 2460 

  0x000001f7bffb3860: ;   {runtime_call UncommonTrapBlob}
  0x000001f7bffb3860: c5f8 77e8 

  0x000001f7bffb3864: ; ImmutableOopMap {[48]=Oop [56]=Oop [64]=Oop [80]=NarrowOop [84]=NarrowOop [88]=Oop }
                      ;*ifge {reexecute=1 rethrow=0 return_oop=0}
                      ; - (reexecute) java.util.concurrent.ConcurrentHashMap::get@86 (line 944)
                      ; - java.lang.ClassLoader::getNamedPackage@5 (line 340)
                      ; - java.lang.ClassLoader::postDefineClass@9 (line 935)
                      ; - java.lang.ClassLoader::defineClass@37 (line 1027)
                      ; - java.security.SecureClassLoader::defineClass@12 (line 150)
  0x000001f7bffb3864: f80a 8cff 

  0x000001f7bffb3868: ;   {other}
  0x000001f7bffb3868: 0f1f 8400 | e04d 0070 | baf6 ffff | ff48 897c | 2420 6690 

  0x000001f7bffb387c: ;   {runtime_call UncommonTrapBlob}
  0x000001f7bffb387c: c5f8 77e8 

  0x000001f7bffb3880: ; ImmutableOopMap {[32]=Oop [40]=Oop }
                      ;*invokevirtual putIfAbsent {reexecute=0 rethrow=0 return_oop=0}
                      ; - java.lang.ClassLoader::getNamedPackage@32 (line 344)
                      ; - java.lang.ClassLoader::postDefineClass@9 (line 935)
                      ; - java.lang.ClassLoader::defineClass@37 (line 1027)
                      ; - java.security.SecureClassLoader::defineClass@12 (line 150)
  0x000001f7bffb3880: dc0a 8cff 

  0x000001f7bffb3884: ;   {other}
  0x000001f7bffb3884: 0f1f 8400 | fc4d 0071 | 488b e8ba | 54ff ffff 

  0x000001f7bffb3894: ;   {runtime_call UncommonTrapBlob}
  0x000001f7bffb3894: c5f8 77e8 

  0x000001f7bffb3898: ; ImmutableOopMap {rbp=Oop [32]=Oop [48]=Oop [56]=NarrowOop [64]=Oop [72]=Oop }
                      ;*ifnull {reexecute=1 rethrow=0 return_oop=0}
                      ; - (reexecute) java.lang.ClassLoader::getNamedPackage@42 (line 345)
                      ; - java.lang.ClassLoader::postDefineClass@9 (line 935)
                      ; - java.lang.ClassLoader::defineClass@37 (line 1027)
                      ; - java.security.SecureClassLoader::defineClass@12 (line 150)
  0x000001f7bffb3898: c40a 8cff 

  0x000001f7bffb389c: ;   {other}
  0x000001f7bffb389c: 0f1f 8400 | 144e 0072 | ba76 ffff | ff48 8b6c | 2428 4c8b | 4c24 384c | 894c 2428 | 448b 4c24 
  0x000001f7bffb38bc: 4044 894c | 2438 8b5c | 2444 895c | 243c 4c8b | 4c24 484c | 894c 2440 | 4889 7424 | 5844 895c 
  0x000001f7bffb38dc: 2460 4489 | 5424 6489 | 4c24 6848 | 897c 2470 | 4489 4424 | 7866 6690 

  0x000001f7bffb38f4: ;   {runtime_call UncommonTrapBlob}
  0x000001f7bffb38f4: c5f8 77e8 

  0x000001f7bffb38f8: ; ImmutableOopMap {rbp=Oop [40]=Oop [48]=Oop [64]=Oop [88]=Oop [104]=NarrowOop [112]=Oop }
                      ;*if_icmpge {reexecute=1 rethrow=0 return_oop=0}
                      ; - (reexecute) java.lang.ClassLoader::compareCerts@67 (line 1195)
                      ; - java.lang.ClassLoader::checkCerts@80 (line 1170)
                      ; - java.lang.ClassLoader::preDefineClass@113 (line 918)
                      ; - java.lang.ClassLoader::defineClass@4 (line 1024)
                      ; - java.security.SecureClassLoader::defineClass@12 (line 150)
  0x000001f7bffb38f8: 640a 8cff 

  0x000001f7bffb38fc: ;   {other}
  0x000001f7bffb38fc: 0f1f 8400 | 744e 0073 | ba76 ffff | ff48 8b6c | 2428 4c8b | 4c24 384c | 894c 2428 | 448b 4c24 
  0x000001f7bffb391c: 4044 894c | 2438 8b4c | 2444 894c | 243c 4c8b | 4c24 484c | 894c 2440 | 4c89 5c24 | 5044 8944 
  0x000001f7bffb393c: 245c 4489 | 5424 6044 | 8b94 2490 | 0000 0045 | 8bda 4489 | 5c24 7090 

  0x000001f7bffb3954: ;   {runtime_call UncommonTrapBlob}
  0x000001f7bffb3954: c5f8 77e8 

  0x000001f7bffb3958: ; ImmutableOopMap {rbp=Oop [40]=Oop [48]=Oop [64]=Oop [80]=Oop [96]=NarrowOop [104]=Oop }
                      ;*if_icmpge {reexecute=1 rethrow=0 return_oop=0}
                      ; - (reexecute) java.lang.ClassLoader::compareCerts@152 (line 1207)
                      ; - java.lang.ClassLoader::checkCerts@80 (line 1170)
                      ; - java.lang.ClassLoader::preDefineClass@113 (line 918)
                      ; - java.lang.ClassLoader::defineClass@4 (line 1024)
                      ; - java.security.SecureClassLoader::defineClass@12 (line 150)
  0x000001f7bffb3958: 040a 8cff 

  0x000001f7bffb395c: ;   {other}
  0x000001f7bffb395c: 0f1f 8400 | d44e 0074 | 498b d7c5 | f877 49ba | e007 3ca7 | fd7f 0000 

  0x000001f7bffb3974: ;   {other}
  0x000001f7bffb3974: 41ff d20f | 1f84 0000 | 0000 0090 | e930 d1ff | ff49 8bd7 | c5f8 7749 | bae0 073c | a7fd 7f00 
  0x000001f7bffb3994: 0041 ffd2 

  0x000001f7bffb3998: ;   {other}
  0x000001f7bffb3998: 0f1f 8400 | 0000 0000 | e9c9 d1ff | ff49 8bd7 | c5f8 7749 | bae0 073c | a7fd 7f00 | 0041 ffd2 
  0x000001f7bffb39b8: ;   {other}
  0x000001f7bffb39b8: 0f1f 8400 | 0000 0000 | e94e d2ff | ff49 8bd7 | c5f8 7749 | bae0 073c | a7fd 7f00 | 0041 ffd2 
  0x000001f7bffb39d8: ;   {other}
  0x000001f7bffb39d8: 0f1f 8400 | 0000 0000 | e9d8 d2ff | ff49 8bd7 | c5f8 7749 | bae0 073c | a7fd 7f00 | 0041 ffd2 
  0x000001f7bffb39f8: ;   {other}
  0x000001f7bffb39f8: 0f1f 8400 | 0000 0000 | e954 d3ff | ff49 8bd7 | c5f8 7749 | bae0 073c | a7fd 7f00 | 0041 ffd2 
  0x000001f7bffb3a18: ;   {other}
  0x000001f7bffb3a18: 0f1f 8400 | 0000 0000 | e9fa d3ff | ffba 45ff | ffff 4c8b | 5c24 484c | 895c 2438 | 4c89 4c24 
  0x000001f7bffb3a38: 4044 8944 | 2450 4c89 | 6c24 5848 | 897c 2460 | 4489 5424 | 5466 6690 

  0x000001f7bffb3a50: ;   {runtime_call UncommonTrapBlob}
  0x000001f7bffb3a50: c5f8 77e8 

  0x000001f7bffb3a54: ; ImmutableOopMap {rbp=NarrowOop [48]=Oop [56]=Oop [64]=Oop [80]=NarrowOop [88]=Oop [96]=Oop }
                      ;*ifnull {reexecute=1 rethrow=0 return_oop=0}
                      ; - (reexecute) java.util.concurrent.ConcurrentHashMap::get@143 (line 947)
                      ; - java.lang.ClassLoader::getNamedPackage@5 (line 340)
                      ; - java.lang.ClassLoader::postDefineClass@9 (line 935)
                      ; - java.lang.ClassLoader::defineClass@37 (line 1027)
                      ; - java.security.SecureClassLoader::defineClass@12 (line 150)
  0x000001f7bffb3a54: 0809 8cff 

  0x000001f7bffb3a58: ;   {other}
  0x000001f7bffb3a58: 0f1f 8400 | d04f 0075 | 498b d7c5 | f877 49ba | e007 3ca7 | fd7f 0000 

  0x000001f7bffb3a70: ;   {other}
  0x000001f7bffb3a70: 41ff d20f | 1f84 0000 | 0000 000f | 1f44 0000 | e9b8 d4ff | ff49 8bd7 | c5f8 7749 | bae0 073c 
  0x000001f7bffb3a90: a7fd 7f00 | 0041 ffd2 

  0x000001f7bffb3a98: ;   {other}
  0x000001f7bffb3a98: 0f1f 8400 | 0000 0000 | e94e d4ff | ffba 45ff | ffff 4c8b | 5424 684c | 8954 2460 

  0x000001f7bffb3ab4: ;   {runtime_call UncommonTrapBlob}
  0x000001f7bffb3ab4: c5f8 77e8 

  0x000001f7bffb3ab8: ; ImmutableOopMap {[32]=Oop [40]=Oop [48]=Oop [56]=Oop [72]=Oop [96]=Oop }
                      ;*if_icmpge {reexecute=1 rethrow=0 return_oop=0}
                      ; - (reexecute) java.lang.ClassLoader::compareCerts@67 (line 1195)
                      ; - java.lang.ClassLoader::checkCerts@80 (line 1170)
                      ; - java.lang.ClassLoader::preDefineClass@113 (line 918)
                      ; - java.lang.ClassLoader::defineClass@4 (line 1024)
                      ; - java.security.SecureClassLoader::defineClass@12 (line 150)
  0x000001f7bffb3ab8: a408 8cff 

  0x000001f7bffb3abc: ;   {other}
  0x000001f7bffb3abc: 0f1f 8400 | 3450 0076 | 4889 4c24 | 6844 8944 | 245c 4889 | 7c24 6044 | 896c 2458 | 4889 5c24 
  0x000001f7bffb3adc: 504c 8b54 | 2430 4c89 | 5424 2048 | 8b6c 2428 

  0x000001f7bffb3aec: ;   {metadata('java/util/ArrayList')}
  0x000001f7bffb3aec: 48ba 28a0 | 1edd f701 | 0000 6690 

  0x000001f7bffb3af8: ;   {runtime_call _new_instance_Java}
  0x000001f7bffb3af8: c5f8 77e8 

  0x000001f7bffb3afc: ; ImmutableOopMap {rbp=Oop [32]=Oop [56]=Oop [72]=Oop [80]=Oop [88]=NarrowOop [92]=NarrowOop [96]=Oop [104]=Oop }
                      ;*new {reexecute=0 rethrow=0 return_oop=1}
                      ; - java.security.CodeSource::getCertificates@25 (line 204)
                      ; - java.lang.ClassLoader::checkCerts@34 (line 1166)
                      ; - java.lang.ClassLoader::preDefineClass@113 (line 918)
                      ; - java.lang.ClassLoader::defineClass@4 (line 1024)
                      ; - java.security.SecureClassLoader::defineClass@12 (line 150)
  0x000001f7bffb3afc: e055 98ff 

  0x000001f7bffb3b00: ;   {other}
  0x000001f7bffb3b00: 0f1f 8400 | 7850 0077 | 4889 6c24 | 284c 8b54 | 2420 4c89 | 5424 3048 | 8b5c 2450 | 448b 6c24 
  0x000001f7bffb3b20: 5848 8b7c | 2460 448b | 4424 5c48 | 8b4c 2468 | e9dd ddff | ff4c 898c | 2480 0000 | 0048 894c 
  0x000001f7bffb3b40: 2478 4889 | 7c24 704c | 895c 2468 | 4c89 5424 | 6044 896c | 2458 4889 | 5c24 504c | 8b54 2430 
  0x000001f7bffb3b60: 4c89 5424 | 2048 8b6c 

  0x000001f7bffb3b68: ;   {metadata('java/security/cert/Certificate'[])}
  0x000001f7bffb3b68: 2428 48ba | b838 22dd | f701 0000 | 4533 c090 

  0x000001f7bffb3b78: ;   {runtime_call _new_array_Java}
  0x000001f7bffb3b78: c5f8 77e8 

  0x000001f7bffb3b7c: ; ImmutableOopMap {rbp=Oop [32]=Oop [56]=Oop [72]=Oop [80]=Oop [88]=NarrowOop [96]=Oop [112]=Oop [120]=Oop [128]=Oop }
                      ;*anewarray {reexecute=0 rethrow=0 return_oop=1}
                      ; - java.security.CodeSource::getCertificates@70 (line 210)
                      ; - java.lang.ClassLoader::checkCerts@34 (line 1166)
                      ; - java.lang.ClassLoader::preDefineClass@113 (line 918)
                      ; - java.lang.ClassLoader::defineClass@4 (line 1024)
                      ; - java.security.SecureClassLoader::defineClass@12 (line 150)
  0x000001f7bffb3b7c: e0a0 98ff 

  0x000001f7bffb3b80: ;   {other}
  0x000001f7bffb3b80: 0f1f 8400 | f850 0078 | e95a dfff | ff4c 894c | 2430 4c89 | 4424 2848 | ba00 0000 | ddf7 0100 
  0x000001f7bffb3ba0: 0049 03d2 | 458b c390 

  0x000001f7bffb3ba8: ;   {runtime_call _new_array_Java}
  0x000001f7bffb3ba8: c5f8 77e8 

  0x000001f7bffb3bac: ; ImmutableOopMap {rbp=Oop [32]=Oop [40]=Oop [56]=Oop [72]=Oop [80]=Oop [96]=Oop [112]=Oop }
                      ;*invokevirtual clone {reexecute=1 rethrow=0 return_oop=1}
                      ; - (reexecute) java.security.CodeSource::getCertificates@86 (line 212)
                      ; - java.lang.ClassLoader::checkCerts@34 (line 1166)
                      ; - java.lang.ClassLoader::preDefineClass@113 (line 918)
                      ; - java.lang.ClassLoader::defineClass@4 (line 1024)
                      ; - java.security.SecureClassLoader::defineClass@12 (line 150)
  0x000001f7bffb3bac: b0a0 98ff 

  0x000001f7bffb3bb0: ;   {other}
  0x000001f7bffb3bb0: 0f1f 8400 | 2851 0079 | 4c8b 4424 | 284c 8b4c | 2430 488b | d8e9 17e0 | ffff ba76 | ffff ff48 
  0x000001f7bffb3bd0: 8b6c 2428 | 4c8b 5424 | 384c 8954 | 2428 448b | 4424 4044 | 8944 2438 | 448b 5424 | 4444 8954 
  0x000001f7bffb3bf0: 243c 4c8b | 5424 484c | 8954 2440 | 4889 7c24 | 4848 8974 | 2458 4489 | 5c24 6490 

  0x000001f7bffb3c0c: ;   {runtime_call UncommonTrapBlob}
  0x000001f7bffb3c0c: c5f8 77e8 

  0x000001f7bffb3c10: ; ImmutableOopMap {rbp=Oop [40]=Oop [48]=Oop [64]=Oop [72]=Oop [88]=Oop }
                      ;*if_icmpge {reexecute=1 rethrow=0 return_oop=0}
                      ; - (reexecute) java.lang.ClassLoader::compareCerts@40 (line 1193)
                      ; - java.lang.ClassLoader::checkCerts@80 (line 1170)
                      ; - java.lang.ClassLoader::preDefineClass@113 (line 918)
                      ; - java.lang.ClassLoader::defineClass@4 (line 1024)
                      ; - java.security.SecureClassLoader::defineClass@12 (line 150)
  0x000001f7bffb3c10: 4c07 8cff 

  0x000001f7bffb3c14: ;   {other}
  0x000001f7bffb3c14: 0f1f 8400 | 8c51 007a | babe ffff | ff48 8b6c | 2428 4c8b | 5424 384c | 8954 2428 | 448b 5424 
  0x000001f7bffb3c34: 4044 8954 | 2438 448b | 4424 4444 | 8944 243c | 4c8b 5424 | 484c 8954 | 2440 4889 | 7c24 4848 
  0x000001f7bffb3c54: 8974 2458 | 4489 5c24 | 6466 6690 

  0x000001f7bffb3c60: ;   {runtime_call UncommonTrapBlob}
  0x000001f7bffb3c60: c5f8 77e8 

  0x000001f7bffb3c64: ; ImmutableOopMap {rbp=Oop [40]=Oop [48]=Oop [64]=Oop [72]=Oop [88]=Oop }
                      ;*if_icmpge {reexecute=1 rethrow=0 return_oop=0}
                      ; - (reexecute) java.lang.ClassLoader::compareCerts@40 (line 1193)
                      ; - java.lang.ClassLoader::checkCerts@80 (line 1170)
                      ; - java.lang.ClassLoader::preDefineClass@113 (line 918)
                      ; - java.lang.ClassLoader::defineClass@4 (line 1024)
                      ; - java.security.SecureClassLoader::defineClass@12 (line 150)
  0x000001f7bffb3c64: f806 8cff 

  0x000001f7bffb3c68: ;   {other}
  0x000001f7bffb3c68: 0f1f 8400 | e051 007b | 4889 7c24 | 3844 8944 | 242c 894c | 2428 498b 

  0x000001f7bffb3c80: ;   {metadata('java/util/ArrayList')}
  0x000001f7bffb3c80: e948 ba28 | a01e ddf7 | 0100 0090 

  0x000001f7bffb3c8c: ;   {runtime_call _new_instance_Java}
  0x000001f7bffb3c8c: c5f8 77e8 

  0x000001f7bffb3c90: ; ImmutableOopMap {rbp=Oop [40]=NarrowOop [44]=NarrowOop [48]=Oop [56]=Oop }
                      ;*new {reexecute=0 rethrow=0 return_oop=1}
                      ; - java.security.CodeSource::getCertificates@25 (line 204)
                      ; - java.lang.ClassLoader::postDefineClass@24 (line 938)
                      ; - java.lang.ClassLoader::defineClass@37 (line 1027)
                      ; - java.security.SecureClassLoader::defineClass@12 (line 150)
  0x000001f7bffb3c90: 4c54 98ff 

  0x000001f7bffb3c94: ;   {other}
  0x000001f7bffb3c94: 0f1f 8400 | 0c52 007c | 4c8b cd8b | 4c24 2844 | 8b44 242c | 488b 7c24 | 38e9 0ee0 | ffff 4889 
  0x000001f7bffb3cb4: 5c24 4048 | 897c 2438 | 8be9 4c8b | 5424 304c | 8954 2428 | 4c89 4c24 

  0x000001f7bffb3ccc: ;   {metadata('java/security/cert/Certificate'[])}
  0x000001f7bffb3ccc: 2048 bab8 | 3822 ddf7 | 0100 0045 | 33c0 6690 

  0x000001f7bffb3cdc: ;   {runtime_call _new_array_Java}
  0x000001f7bffb3cdc: c5f8 77e8 

  0x000001f7bffb3ce0: ; ImmutableOopMap {rbp=NarrowOop [32]=Oop [40]=Oop [48]=Oop [56]=Oop [64]=Oop }
                      ;*anewarray {reexecute=0 rethrow=0 return_oop=1}
                      ; - java.security.CodeSource::getCertificates@70 (line 210)
                      ; - java.lang.ClassLoader::postDefineClass@24 (line 938)
                      ; - java.lang.ClassLoader::defineClass@37 (line 1027)
                      ; - java.security.SecureClassLoader::defineClass@12 (line 150)
  0x000001f7bffb3ce0: 7c9f 98ff 

  0x000001f7bffb3ce4: ;   {other}
  0x000001f7bffb3ce4: 0f1f 8400 | 5c52 007d | e9f9 e0ff | ff48 ba00 | 0000 ddf7 | 0100 0049 | 03d3 458b | c266 6690 
  0x000001f7bffb3d04: ;   {runtime_call _new_array_Java}
  0x000001f7bffb3d04: c5f8 77e8 

  0x000001f7bffb3d08: ; ImmutableOopMap {[32]=Oop [40]=Oop [64]=Oop }
                      ;*invokevirtual clone {reexecute=1 rethrow=0 return_oop=1}
                      ; - (reexecute) java.security.CodeSource::getCertificates@86 (line 212)
                      ; - java.lang.ClassLoader::postDefineClass@24 (line 938)
                      ; - java.lang.ClassLoader::defineClass@37 (line 1027)
                      ; - java.security.SecureClassLoader::defineClass@12 (line 150)
  0x000001f7bffb3d08: 549f 98ff 

  0x000001f7bffb3d0c: ;   {other}
  0x000001f7bffb3d0c: 0f1f 8400 | 8452 007e | 488b d8e9 | d1e1 ffff | ba45 ffff | ff48 8b6c | 2428 4c8b | 5424 384c 
  0x000001f7bffb3d2c: 8954 2428 | 448b 5424 | 4044 8954 | 2438 448b | 4c24 4444 | 894c 243c | 4c8b 5424 | 484c 8954 
  0x000001f7bffb3d4c: 2440 4489 | 5c24 4844 | 8944 244c 

  0x000001f7bffb3d58: ;   {runtime_call UncommonTrapBlob}
  0x000001f7bffb3d58: c5f8 77e8 

  0x000001f7bffb3d5c: ; ImmutableOopMap {rbp=Oop [40]=Oop [48]=Oop [64]=Oop }
                      ;*if_icmpeq {reexecute=1 rethrow=0 return_oop=0}
                      ; - (reexecute) java.lang.ClassLoader::compareCerts@20 (line 1187)
                      ; - java.lang.ClassLoader::checkCerts@80 (line 1170)
                      ; - java.lang.ClassLoader::preDefineClass@113 (line 918)
                      ; - java.lang.ClassLoader::defineClass@4 (line 1024)
                      ; - java.security.SecureClassLoader::defineClass@12 (line 150)
  0x000001f7bffb3d5c: 0006 8cff 

  0x000001f7bffb3d60: ;   {other}
  0x000001f7bffb3d60: 0f1f 8400 | d852 007f | bae4 ffff | ff48 8b6c | 2428 4c8b | 5424 384c | 8954 2428 | 448b 5424 
  0x000001f7bffb3d80: 4044 8954 | 2438 8b4c | 2444 894c | 243c 4c8b | 5424 484c | 8954 2440 | 4889 5c24 | 4848 897c 
  0x000001f7bffb3da0: 2450 4489 | 6c24 584c | 894c 2468 | 4489 4424 | 7044 895c | 2474 6690 

  0x000001f7bffb3db8: ;   {runtime_call UncommonTrapBlob}
  0x000001f7bffb3db8: c5f8 77e8 

  0x000001f7bffb3dbc: ; ImmutableOopMap {rbp=Oop [40]=Oop [48]=Oop [64]=Oop [72]=Oop [80]=Oop [88]=NarrowOop [104]=Oop [112]=NarrowOop }
                      ;*aaload {reexecute=0 rethrow=0 return_oop=0}
                      ; - java.security.CodeSource::getCertificates@50 (line 207)
                      ; - java.lang.ClassLoader::checkCerts@34 (line 1166)
                      ; - java.lang.ClassLoader::preDefineClass@113 (line 918)
                      ; - java.lang.ClassLoader::defineClass@4 (line 1024)
                      ; - java.security.SecureClassLoader::defineClass@12 (line 150)
  0x000001f7bffb3dbc: a005 8cff 

  0x000001f7bffb3dc0: ;   {other}
  0x000001f7bffb3dc0: 0f1f 8400 | 3853 0080 | bae4 ffff | ff48 8b6c | 2430 4c89 | 4c24 2089 | 4c24 3048 | 895c 2440 
  0x000001f7bffb3de0: 4489 4424 | 4844 895c | 244c 6690 

  0x000001f7bffb3dec: ;   {runtime_call UncommonTrapBlob}
  0x000001f7bffb3dec: c5f8 77e8 

  0x000001f7bffb3df0: ; ImmutableOopMap {rbp=Oop [32]=Oop [48]=NarrowOop [64]=Oop [72]=NarrowOop }
                      ;*aaload {reexecute=0 rethrow=0 return_oop=0}
                      ; - java.security.CodeSource::getCertificates@50 (line 207)
                      ; - java.lang.ClassLoader::postDefineClass@24 (line 938)
                      ; - java.lang.ClassLoader::defineClass@37 (line 1027)
                      ; - java.security.SecureClassLoader::defineClass@12 (line 150)
  0x000001f7bffb3df0: 6c05 8cff 

  0x000001f7bffb3df4: ;   {other}
  0x000001f7bffb3df4: 0f1f 8400 | 6c53 0081 | ba37 0100 | 0048 8beb | 4c8b 5424 | 384c 8954 | 2428 6690 

  0x000001f7bffb3e10: ;   {runtime_call UncommonTrapBlob}
  0x000001f7bffb3e10: c5f8 77e8 

  0x000001f7bffb3e14: ; ImmutableOopMap {rbp=Oop [40]=Oop [48]=Oop }
                      ;*new {reexecute=0 rethrow=0 return_oop=0}
                      ; - java.lang.ClassLoader::preDefineClass@56 (line 909)
                      ; - java.lang.ClassLoader::defineClass@4 (line 1024)
                      ; - java.security.SecureClassLoader::defineClass@12 (line 150)
  0x000001f7bffb3e14: 4805 8cff 

  0x000001f7bffb3e18: ;   {other}
  0x000001f7bffb3e18: 0f1f 8400 | 9053 0082 | 488b f049 | 8bd7 c5f8 | 7749 bae0 | 073c a7fd | 7f00 0041 

  0x000001f7bffb3e34: ;   {other}
  0x000001f7bffb3e34: ffd2 0f1f | 8400 0000 | 0000 4c8b | c6e9 e9dc | ffff bae4 | ffff ff4c | 8b54 2448 | 4c89 5424 
  0x000001f7bffb3e54: 3844 8944 | 2450 894c | 2454 4c89 | 6c24 584c | 896c 2460 

  0x000001f7bffb3e68: ;   {runtime_call UncommonTrapBlob}
  0x000001f7bffb3e68: c5f8 77e8 

  0x000001f7bffb3e6c: ; ImmutableOopMap {rbp=NarrowOop [40]=Oop [48]=Oop [56]=Oop [80]=NarrowOop [84]=NarrowOop [88]=Oop [96]=Oop }
                      ;*baload {reexecute=0 rethrow=0 return_oop=0}
                      ; - jdk.internal.util.ArraysSupport::hashCodeOfUnsigned@38 (line 275)
                      ; - java.lang.StringLatin1::hashCode@5 (line 306)
                      ; - java.lang.String::hashCode@27 (line 2458)
                      ; - java.util.concurrent.ConcurrentHashMap::get@1 (line 937)
                      ; - java.lang.ClassLoader::getNamedPackage@5 (line 340)
                      ; - java.lang.ClassLoader::postDefineClass@9 (line 935)
                      ; - java.lang.ClassLoader::defineClass@37 (line 1027)
                      ; - java.security.SecureClassLoader::defineClass@12 (line 150)
  0x000001f7bffb3e6c: f004 8cff 

  0x000001f7bffb3e70: ;   {other}
  0x000001f7bffb3e70: 0f1f 8400 | e853 0083 | 498b d7c5 | f877 49ba | e007 3ca7 | fd7f 0000 

  0x000001f7bffb3e88: ;   {other}
  0x000001f7bffb3e88: 41ff d20f | 1f84 0000 | 0000 00e9 | 95df ffff | baf6 ffff | ff66 6690 

  0x000001f7bffb3ea0: ;   {runtime_call UncommonTrapBlob}
  0x000001f7bffb3ea0: c5f8 77e8 

  0x000001f7bffb3ea4: ; ImmutableOopMap {}
                      ;*invokevirtual clone {reexecute=1 rethrow=0 return_oop=0}
                      ; - (reexecute) java.security.CodeSource::getCertificates@86 (line 212)
                      ; - java.lang.ClassLoader::checkCerts@34 (line 1166)
                      ; - java.lang.ClassLoader::preDefineClass@113 (line 918)
                      ; - java.lang.ClassLoader::defineClass@4 (line 1024)
                      ; - java.security.SecureClassLoader::defineClass@12 (line 150)
  0x000001f7bffb3ea4: b804 8cff 

  0x000001f7bffb3ea8: ;   {other}
  0x000001f7bffb3ea8: 0f1f 8400 | 2054 0084 | baf6 ffff | ff66 6690 

  0x000001f7bffb3eb8: ;   {runtime_call UncommonTrapBlob}
  0x000001f7bffb3eb8: c5f8 77e8 

  0x000001f7bffb3ebc: ; ImmutableOopMap {}
                      ;*invokevirtual clone {reexecute=1 rethrow=0 return_oop=0}
                      ; - (reexecute) java.security.CodeSource::getCertificates@86 (line 212)
                      ; - java.lang.ClassLoader::postDefineClass@24 (line 938)
                      ; - java.lang.ClassLoader::defineClass@37 (line 1027)
                      ; - java.security.SecureClassLoader::defineClass@12 (line 150)
  0x000001f7bffb3ebc: a004 8cff 

  0x000001f7bffb3ec0: ;   {other}
  0x000001f7bffb3ec0: 0f1f 8400 | 3854 0085 | bade ffff | ff48 8b6c | 2428 4c8b | 5424 304c | 8954 2420 | 4c8b 5424 
  0x000001f7bffb3ee0: 384c 8954 | 2428 4889 | 4424 3890 

  0x000001f7bffb3eec: ;   {runtime_call UncommonTrapBlob}
  0x000001f7bffb3eec: c5f8 77e8 

  0x000001f7bffb3ef0: ; ImmutableOopMap {rbp=Oop [32]=Oop [40]=Oop [56]=Oop }
                      ;*checkcast {reexecute=0 rethrow=0 return_oop=0}
                      ; - java.security.SecureClassLoader::getProtectionDomain@33 (line 222)
                      ; - java.security.SecureClassLoader::defineClass@9 (line 150)
  0x000001f7bffb3ef0: 6c04 8cff 

  0x000001f7bffb3ef4: ;   {other}
  0x000001f7bffb3ef4: 0f1f 8400 | 6c54 0086 | bade ffff | ff48 8b6c | 2428 4889 | 4424 5890 

  0x000001f7bffb3f0c: ;   {runtime_call UncommonTrapBlob}
  0x000001f7bffb3f0c: c5f8 77e8 

  0x000001f7bffb3f10: ; ImmutableOopMap {rbp=Oop [32]=Oop [48]=Oop [56]=Oop [72]=Oop [88]=Oop [96]=Oop }
                      ;*checkcast {reexecute=0 rethrow=0 return_oop=0}
                      ; - java.lang.ClassLoader::checkCerts@65 (line 1169)
                      ; - java.lang.ClassLoader::preDefineClass@113 (line 918)
                      ; - java.lang.ClassLoader::defineClass@4 (line 1024)
                      ; - java.security.SecureClassLoader::defineClass@12 (line 150)
  0x000001f7bffb3f10: 4c04 8cff 

  0x000001f7bffb3f14: ;   {other}
  0x000001f7bffb3f14: 0f1f 8400 | 8c54 0087 | bade ffff | ff48 8944 | 2440 6690 

  0x000001f7bffb3f28: ;   {runtime_call UncommonTrapBlob}
  0x000001f7bffb3f28: c5f8 77e8 

  0x000001f7bffb3f2c: ; ImmutableOopMap {rbp=NarrowOop [32]=Oop [40]=Oop [64]=Oop }
                      ;*checkcast {reexecute=0 rethrow=0 return_oop=0}
                      ; - java.security.CodeSource::getCertificates@76 (line 210)
                      ; - java.lang.ClassLoader::postDefineClass@24 (line 938)
                      ; - java.lang.ClassLoader::defineClass@37 (line 1027)
                      ; - java.security.SecureClassLoader::defineClass@12 (line 150)
  0x000001f7bffb3f2c: 3004 8cff 

  0x000001f7bffb3f30: ;   {other}
  0x000001f7bffb3f30: 0f1f 8400 | a854 0088 | bade ffff | ff4c 8b54 | 2438 4c89 | 5424 2844 | 8b54 2440 | 4489 5424 
  0x000001f7bffb3f50: 3044 8b5c | 2444 4489 | 5c24 344c | 8b54 2448 | 4c89 5424 | 384c 8b54 | 2450 4c89 | 5424 4048 
  0x000001f7bffb3f70: 8944 2460 

  0x000001f7bffb3f74: ;   {runtime_call UncommonTrapBlob}
  0x000001f7bffb3f74: c5f8 77e8 

  0x000001f7bffb3f78: ; ImmutableOopMap {rbp=Oop [32]=Oop [40]=Oop [56]=Oop [64]=Oop [88]=NarrowOop [96]=Oop [112]=Oop }
                      ;*checkcast {reexecute=0 rethrow=0 return_oop=0}
                      ; - java.security.CodeSource::getCertificates@76 (line 210)
                      ; - java.lang.ClassLoader::checkCerts@34 (line 1166)
                      ; - java.lang.ClassLoader::preDefineClass@113 (line 918)
                      ; - java.lang.ClassLoader::defineClass@4 (line 1024)
                      ; - java.security.SecureClassLoader::defineClass@12 (line 150)
  0x000001f7bffb3f78: e403 8cff 

  0x000001f7bffb3f7c: ;   {other}
  0x000001f7bffb3f7c: 0f1f 8400 | f454 0089 | baf6 ffff | ff49 8be8 | 4c89 4c24 | 2066 6690 

  0x000001f7bffb3f94: ;   {runtime_call UncommonTrapBlob}
  0x000001f7bffb3f94: c5f8 77e8 

  0x000001f7bffb3f98: ; ImmutableOopMap {rbp=Oop [32]=Oop }
                      ;*invokeinterface computeIfAbsent {reexecute=0 rethrow=0 return_oop=0}
                      ; - java.security.SecureClassLoader::getProtectionDomain@28 (line 222)
                      ; - java.security.SecureClassLoader::defineClass@9 (line 150)
  0x000001f7bffb3f98: c403 8cff 

  0x000001f7bffb3f9c: ;   {other}
  0x000001f7bffb3f9c: 0f1f 8400 | 1455 008a | baf4 ffff | ff48 8b6c | 2428 4c8b | 5424 304c | 8954 2420 

  0x000001f7bffb3fb8: ;   {runtime_call UncommonTrapBlob}
  0x000001f7bffb3fb8: c5f8 77e8 

  0x000001f7bffb3fbc: ; ImmutableOopMap {rbp=Oop [32]=Oop [56]=Oop }
                      ;*checkcast {reexecute=0 rethrow=0 return_oop=0}
                      ; - java.security.SecureClassLoader::getProtectionDomain@33 (line 222)
                      ; - java.security.SecureClassLoader::defineClass@9 (line 150)
  0x000001f7bffb3fbc: a003 8cff 

  0x000001f7bffb3fc0: ;   {other}
  0x000001f7bffb3fc0: 0f1f 8400 | 3855 008b | baf6 ffff | ff66 6690 

  0x000001f7bffb3fd0: ;   {runtime_call UncommonTrapBlob}
  0x000001f7bffb3fd0: c5f8 77e8 

  0x000001f7bffb3fd4: ; ImmutableOopMap {}
                      ;*arraylength {reexecute=0 rethrow=0 return_oop=0}
                      ; - java.lang.String::isEmpty@4 (line 1606)
                      ; - java.lang.ClassLoader::checkName@5 (line 1153)
                      ; - java.lang.ClassLoader::preDefineClass@1 (line 901)
                      ; - java.lang.ClassLoader::defineClass@4 (line 1024)
                      ; - java.security.SecureClassLoader::defineClass@12 (line 150)
  0x000001f7bffb3fd4: 8803 8cff 

  0x000001f7bffb3fd8: ;   {other}
  0x000001f7bffb3fd8: 0f1f 8400 | 5055 008c | baf6 ffff | ff66 6690 

  0x000001f7bffb3fe8: ;   {runtime_call UncommonTrapBlob}
  0x000001f7bffb3fe8: c5f8 77e8 

  0x000001f7bffb3fec: ; ImmutableOopMap {}
                      ;*arraylength {reexecute=0 rethrow=0 return_oop=0}
                      ; - java.lang.AbstractStringBuilder::ensureCapacityInternal@4 (line 243)
                      ; - java.lang.AbstractStringBuilder::append@7 (line 813)
                      ; - java.lang.StringBuilder::append@2 (line 246)
                      ; - java.net.URLStreamHandler::toExternalForm@16 (line 480)
                      ; - java.net.URL::toExternalForm@5 (line 1203)
                      ; - java.net.URL::toString@1 (line 1189)
                      ; - java.lang.ClassLoader::defineClassSourceLocation@22 (line 928)
                      ; - java.lang.ClassLoader::defineClass@12 (line 1025)
                      ; - java.security.SecureClassLoader::defineClass@12 (line 150)
  0x000001f7bffb3fec: 7003 8cff 

  0x000001f7bffb3ff0: ;   {other}
  0x000001f7bffb3ff0: 0f1f 8400 | 6855 008d | baf6 ffff | ff66 6690 

  0x000001f7bffb4000: ;   {runtime_call UncommonTrapBlob}
  0x000001f7bffb4000: c5f8 77e8 

  0x000001f7bffb4004: ; ImmutableOopMap {}
                      ;*arraylength {reexecute=0 rethrow=0 return_oop=0}
                      ; - java.lang.AbstractStringBuilder::ensureCapacityInternal@4 (line 243)
                      ; - java.lang.AbstractStringBuilder::append@21 (line 590)
                      ; - java.lang.StringBuilder::append@2 (line 179)
                      ; - java.net.URLStreamHandler::toExternalForm@59 (line 483)
                      ; - java.net.URL::toExternalForm@5 (line 1203)
                      ; - java.net.URL::toString@1 (line 1189)
                      ; - java.lang.ClassLoader::defineClassSourceLocation@22 (line 928)
                      ; - java.lang.ClassLoader::defineClass@12 (line 1025)
                      ; - java.security.SecureClassLoader::defineClass@12 (line 150)
  0x000001f7bffb4004: 5803 8cff 

  0x000001f7bffb4008: ;   {other}
  0x000001f7bffb4008: 0f1f 8400 | 8055 008e | baf6 ffff | ff41 8bea 

  0x000001f7bffb4018: ;   {runtime_call UncommonTrapBlob}
  0x000001f7bffb4018: c5f8 77e8 

  0x000001f7bffb401c: ; ImmutableOopMap {}
                      ;*invokestatic arraycopy {reexecute=0 rethrow=0 return_oop=0}
                      ; - java.lang.String::getBytes@22 (line 4823)
                      ; - java.lang.AbstractStringBuilder::putStringAt@15 (line 1768)
                      ; - java.lang.AbstractStringBuilder::append@30 (line 591)
                      ; - java.lang.StringBuilder::append@2 (line 179)
                      ; - java.net.URLStreamHandler::toExternalForm@59 (line 483)
                      ; - java.net.URL::toExternalForm@5 (line 1203)
                      ; - java.net.URL::toString@1 (line 1189)
                      ; - java.lang.ClassLoader::defineClassSourceLocation@22 (line 928)
                      ; - java.lang.ClassLoader::defineClass@12 (line 1025)
                      ; - java.security.SecureClassLoader::defineClass@12 (line 150)
  0x000001f7bffb401c: 4003 8cff 

  0x000001f7bffb4020: ;   {other}
  0x000001f7bffb4020: 0f1f 8400 | 9855 008f | baf6 ffff | ff66 6690 

  0x000001f7bffb4030: ;   {runtime_call UncommonTrapBlob}
  0x000001f7bffb4030: c5f8 77e8 

  0x000001f7bffb4034: ; ImmutableOopMap {}
                      ;*arraylength {reexecute=0 rethrow=0 return_oop=0}
                      ; - java.lang.String::length@4 (line 1593)
                      ; - java.lang.AbstractStringBuilder::append@10 (line 589)
                      ; - java.lang.StringBuilder::append@2 (line 179)
                      ; - java.net.URLStreamHandler::toExternalForm@77 (line 484)
                      ; - java.net.URL::toExternalForm@5 (line 1203)
                      ; - java.net.URL::toString@1 (line 1189)
                      ; - java.lang.ClassLoader::defineClassSourceLocation@22 (line 928)
                      ; - java.lang.ClassLoader::defineClass@12 (line 1025)
                      ; - java.security.SecureClassLoader::defineClass@12 (line 150)
  0x000001f7bffb4034: 2803 8cff 

  0x000001f7bffb4038: ;   {other}
  0x000001f7bffb4038: 0f1f 8400 | b055 0090 | baf6 ffff | ff66 6690 

  0x000001f7bffb4048: ;   {runtime_call UncommonTrapBlob}
  0x000001f7bffb4048: c5f8 77e8 

  0x000001f7bffb404c: ; ImmutableOopMap {}
                      ;*arraylength {reexecute=0 rethrow=0 return_oop=0}
                      ; - java.lang.AbstractStringBuilder::ensureCapacityInternal@4 (line 243)
                      ; - java.lang.AbstractStringBuilder::append@21 (line 590)
                      ; - java.lang.StringBuilder::append@2 (line 179)
                      ; - java.net.URLStreamHandler::toExternalForm@77 (line 484)
                      ; - java.net.URL::toExternalForm@5 (line 1203)
                      ; - java.net.URL::toString@1 (line 1189)
                      ; - java.lang.ClassLoader::defineClassSourceLocation@22 (line 928)
                      ; - java.lang.ClassLoader::defineClass@12 (line 1025)
                      ; - java.security.SecureClassLoader::defineClass@12 (line 150)
  0x000001f7bffb404c: 1003 8cff 

  0x000001f7bffb4050: ;   {other}
  0x000001f7bffb4050: 0f1f 8400 | c855 0091 | baf6 ffff | ff66 6690 

  0x000001f7bffb4060: ;   {runtime_call UncommonTrapBlob}
  0x000001f7bffb4060: c5f8 77e8 

  0x000001f7bffb4064: ; ImmutableOopMap {}
                      ;*arraylength {reexecute=0 rethrow=0 return_oop=0}
                      ; - java.lang.String::getBytes@21 (line 4823)
                      ; - java.lang.AbstractStringBuilder::putStringAt@15 (line 1768)
                      ; - java.lang.AbstractStringBuilder::append@30 (line 591)
                      ; - java.lang.StringBuilder::append@2 (line 179)
                      ; - java.net.URLStreamHandler::toExternalForm@77 (line 484)
                      ; - java.net.URL::toExternalForm@5 (line 1203)
                      ; - java.net.URL::toString@1 (line 1189)
                      ; - java.lang.ClassLoader::defineClassSourceLocation@22 (line 928)
                      ; - java.lang.ClassLoader::defineClass@12 (line 1025)
                      ; - java.security.SecureClassLoader::defineClass@12 (line 150)
  0x000001f7bffb4064: f802 8cff 

  0x000001f7bffb4068: ;   {other}
  0x000001f7bffb4068: 0f1f 8400 | e055 0092 | baf6 ffff | ff89 4c24 | 2044 8944 | 2424 6690 

  0x000001f7bffb4080: ;   {runtime_call UncommonTrapBlob}
  0x000001f7bffb4080: c5f8 77e8 

  0x000001f7bffb4084: ; ImmutableOopMap {[32]=NarrowOop }
                      ;*invokestatic arraycopy {reexecute=0 rethrow=0 return_oop=0}
                      ; - java.lang.String::getBytes@22 (line 4823)
                      ; - java.lang.AbstractStringBuilder::putStringAt@15 (line 1768)
                      ; - java.lang.AbstractStringBuilder::append@30 (line 591)
                      ; - java.lang.StringBuilder::append@2 (line 179)
                      ; - java.net.URLStreamHandler::toExternalForm@77 (line 484)
                      ; - java.net.URL::toExternalForm@5 (line 1203)
                      ; - java.net.URL::toString@1 (line 1189)
                      ; - java.lang.ClassLoader::defineClassSourceLocation@22 (line 928)
                      ; - java.lang.ClassLoader::defineClass@12 (line 1025)
                      ; - java.security.SecureClassLoader::defineClass@12 (line 150)
  0x000001f7bffb4084: d802 8cff 

  0x000001f7bffb4088: ;   {other}
  0x000001f7bffb4088: 0f1f 8400 | 0056 0093 | baf6 ffff | ff66 6690 

  0x000001f7bffb4098: ;   {runtime_call UncommonTrapBlob}
  0x000001f7bffb4098: c5f8 77e8 

  0x000001f7bffb409c: ; ImmutableOopMap {}
                      ;*arraylength {reexecute=0 rethrow=0 return_oop=0}
                      ; - java.lang.AbstractStringBuilder::ensureCapacityInternal@4 (line 243)
                      ; - java.lang.AbstractStringBuilder::append@21 (line 590)
                      ; - java.lang.StringBuilder::append@2 (line 179)
                      ; - java.net.URLStreamHandler::toExternalForm@113 (line 485)
                      ; - java.net.URL::toExternalForm@5 (line 1203)
                      ; - java.net.URL::toString@1 (line 1189)
                      ; - java.lang.ClassLoader::defineClassSourceLocation@22 (line 928)
                      ; - java.lang.ClassLoader::defineClass@12 (line 1025)
                      ; - java.security.SecureClassLoader::defineClass@12 (line 150)
  0x000001f7bffb409c: c002 8cff 

  0x000001f7bffb40a0: ;   {other}
  0x000001f7bffb40a0: 0f1f 8400 | 1856 0094 | baf6 ffff | ff41 8bea 

  0x000001f7bffb40b0: ;   {runtime_call UncommonTrapBlob}
  0x000001f7bffb40b0: c5f8 77e8 

  0x000001f7bffb40b4: ; ImmutableOopMap {}
                      ;*invokestatic arraycopy {reexecute=0 rethrow=0 return_oop=0}
                      ; - java.lang.String::getBytes@22 (line 4823)
                      ; - java.lang.AbstractStringBuilder::putStringAt@15 (line 1768)
                      ; - java.lang.AbstractStringBuilder::append@30 (line 591)
                      ; - java.lang.StringBuilder::append@2 (line 179)
                      ; - java.net.URLStreamHandler::toExternalForm@113 (line 485)
                      ; - java.net.URL::toExternalForm@5 (line 1203)
                      ; - java.net.URL::toString@1 (line 1189)
                      ; - java.lang.ClassLoader::defineClassSourceLocation@22 (line 928)
                      ; - java.lang.ClassLoader::defineClass@12 (line 1025)
                      ; - java.security.SecureClassLoader::defineClass@12 (line 150)
  0x000001f7bffb40b4: a802 8cff 

  0x000001f7bffb40b8: ;   {other}
  0x000001f7bffb40b8: 0f1f 8400 | 3056 0095 | baf6 ffff | ff66 6690 

  0x000001f7bffb40c8: ;   {runtime_call UncommonTrapBlob}
  0x000001f7bffb40c8: c5f8 77e8 

  0x000001f7bffb40cc: ; ImmutableOopMap {}
                      ;*arraylength {reexecute=0 rethrow=0 return_oop=0}
                      ; - java.lang.AbstractStringBuilder::ensureCapacityInternal@4 (line 243)
                      ; - java.lang.AbstractStringBuilder::append@21 (line 590)
                      ; - java.lang.StringBuilder::append@2 (line 179)
                      ; - java.net.URLStreamHandler::toExternalForm@149 (line 486)
                      ; - java.net.URL::toExternalForm@5 (line 1203)
                      ; - java.net.URL::toString@1 (line 1189)
                      ; - java.lang.ClassLoader::defineClassSourceLocation@22 (line 928)
                      ; - java.lang.ClassLoader::defineClass@12 (line 1025)
                      ; - java.security.SecureClassLoader::defineClass@12 (line 150)
  0x000001f7bffb40cc: 9002 8cff 

  0x000001f7bffb40d0: ;   {other}
  0x000001f7bffb40d0: 0f1f 8400 | 4856 0096 | baf6 ffff | ff41 8be8 

  0x000001f7bffb40e0: ;   {runtime_call UncommonTrapBlob}
  0x000001f7bffb40e0: c5f8 77e8 

  0x000001f7bffb40e4: ; ImmutableOopMap {}
                      ;*invokestatic arraycopy {reexecute=0 rethrow=0 return_oop=0}
                      ; - java.lang.String::getBytes@22 (line 4823)
                      ; - java.lang.AbstractStringBuilder::putStringAt@15 (line 1768)
                      ; - java.lang.AbstractStringBuilder::append@30 (line 591)
                      ; - java.lang.StringBuilder::append@2 (line 179)
                      ; - java.net.URLStreamHandler::toExternalForm@149 (line 486)
                      ; - java.net.URL::toExternalForm@5 (line 1203)
                      ; - java.net.URL::toString@1 (line 1189)
                      ; - java.lang.ClassLoader::defineClassSourceLocation@22 (line 928)
                      ; - java.lang.ClassLoader::defineClass@12 (line 1025)
                      ; - java.security.SecureClassLoader::defineClass@12 (line 150)
  0x000001f7bffb40e4: 7802 8cff 

  0x000001f7bffb40e8: ;   {other}
  0x000001f7bffb40e8: 0f1f 8400 | 6056 0097 | baf6 ffff | ff66 6690 

  0x000001f7bffb40f8: ;   {runtime_call UncommonTrapBlob}
  0x000001f7bffb40f8: c5f8 77e8 

  0x000001f7bffb40fc: ; ImmutableOopMap {}
                      ;*arraylength {reexecute=0 rethrow=0 return_oop=0}
                      ; - java.util.Arrays::copyOfRange@6 (line 3845)
                      ; - java.lang.String::<init>@32 (line 4889)
                      ; - java.lang.StringBuilder::toString@16 (line 478)
                      ; - java.net.URLStreamHandler::toExternalForm@152 (line 486)
                      ; - java.net.URL::toExternalForm@5 (line 1203)
                      ; - java.net.URL::toString@1 (line 1189)
                      ; - java.lang.ClassLoader::defineClassSourceLocation@22 (line 928)
                      ; - java.lang.ClassLoader::defineClass@12 (line 1025)
                      ; - java.security.SecureClassLoader::defineClass@12 (line 150)
  0x000001f7bffb40fc: 6002 8cff 

  0x000001f7bffb4100: ;   {other}
  0x000001f7bffb4100: 0f1f 8400 | 7856 0098 | baf6 ffff | ff66 6690 

  0x000001f7bffb4110: ;   {runtime_call UncommonTrapBlob}
  0x000001f7bffb4110: c5f8 77e8 

  0x000001f7bffb4114: ; ImmutableOopMap {}
                      ;*invokevirtual getPackageName {reexecute=0 rethrow=0 return_oop=0}
                      ; - java.lang.ClassLoader::postDefineClass@2 (line 935)
                      ; - java.lang.ClassLoader::defineClass@37 (line 1027)
                      ; - java.security.SecureClassLoader::defineClass@12 (line 150)
  0x000001f7bffb4114: 4802 8cff 

  0x000001f7bffb4118: ;   {other}
  0x000001f7bffb4118: 0f1f 8400 | 9056 0099 | baf6 ffff | ff66 6690 

  0x000001f7bffb4128: ;   {runtime_call UncommonTrapBlob}
  0x000001f7bffb4128: c5f8 77e8 

  0x000001f7bffb412c: ; ImmutableOopMap {}
                      ;*invokevirtual hashCode {reexecute=0 rethrow=0 return_oop=0}
                      ; - java.util.concurrent.ConcurrentHashMap::get@1 (line 937)
                      ; - java.lang.ClassLoader::getNamedPackage@5 (line 340)
                      ; - java.lang.ClassLoader::postDefineClass@9 (line 935)
                      ; - java.lang.ClassLoader::defineClass@37 (line 1027)
                      ; - java.security.SecureClassLoader::defineClass@12 (line 150)
  0x000001f7bffb412c: 3002 8cff 

  0x000001f7bffb4130: ;   {other}
  0x000001f7bffb4130: 0f1f 8400 | a856 009a | baf6 ffff | ff66 6690 

  0x000001f7bffb4140: ;   {runtime_call UncommonTrapBlob}
  0x000001f7bffb4140: c5f8 77e8 

  0x000001f7bffb4144: ; ImmutableOopMap {}
                      ;*arraylength {reexecute=0 rethrow=0 return_oop=0}
                      ; - java.lang.String::length@4 (line 1593)
                      ; - java.lang.AbstractStringBuilder::append@10 (line 589)
                      ; - java.lang.StringBuilder::append@2 (line 179)
                      ; - java.net.URLStreamHandler::toExternalForm@11 (line 480)
                      ; - java.net.URL::toExternalForm@5 (line 1203)
                      ; - java.net.URL::toString@1 (line 1189)
                      ; - java.lang.ClassLoader::defineClassSourceLocation@22 (line 928)
                      ; - java.lang.ClassLoader::defineClass@12 (line 1025)
                      ; - java.security.SecureClassLoader::defineClass@12 (line 150)
  0x000001f7bffb4144: 1802 8cff 

  0x000001f7bffb4148: ;   {other}
  0x000001f7bffb4148: 0f1f 8400 | c056 009b | baf6 ffff | ff66 6690 

  0x000001f7bffb4158: ;   {runtime_call UncommonTrapBlob}
  0x000001f7bffb4158: c5f8 77e8 

  0x000001f7bffb415c: ; ImmutableOopMap {}
                      ;*arraylength {reexecute=0 rethrow=0 return_oop=0}
                      ; - java.lang.AbstractStringBuilder::ensureCapacityInternal@4 (line 243)
                      ; - java.lang.AbstractStringBuilder::append@21 (line 590)
                      ; - java.lang.StringBuilder::append@2 (line 179)
                      ; - java.net.URLStreamHandler::toExternalForm@11 (line 480)
                      ; - java.net.URL::toExternalForm@5 (line 1203)
                      ; - java.net.URL::toString@1 (line 1189)
                      ; - java.lang.ClassLoader::defineClassSourceLocation@22 (line 928)
                      ; - java.lang.ClassLoader::defineClass@12 (line 1025)
                      ; - java.security.SecureClassLoader::defineClass@12 (line 150)
  0x000001f7bffb415c: 0002 8cff 

  0x000001f7bffb4160: ;   {other}
  0x000001f7bffb4160: 0f1f 8400 | d856 009c | baf6 ffff | ff66 6690 

  0x000001f7bffb4170: ;   {runtime_call UncommonTrapBlob}
  0x000001f7bffb4170: c5f8 77e8 

  0x000001f7bffb4174: ; ImmutableOopMap {}
                      ;*arraylength {reexecute=0 rethrow=0 return_oop=0}
                      ; - java.lang.String::getBytes@21 (line 4823)
                      ; - java.lang.AbstractStringBuilder::putStringAt@15 (line 1768)
                      ; - java.lang.AbstractStringBuilder::append@30 (line 591)
                      ; - java.lang.StringBuilder::append@2 (line 179)
                      ; - java.net.URLStreamHandler::toExternalForm@11 (line 480)
                      ; - java.net.URL::toExternalForm@5 (line 1203)
                      ; - java.net.URL::toString@1 (line 1189)
                      ; - java.lang.ClassLoader::defineClassSourceLocation@22 (line 928)
                      ; - java.lang.ClassLoader::defineClass@12 (line 1025)
                      ; - java.security.SecureClassLoader::defineClass@12 (line 150)
  0x000001f7bffb4174: e801 8cff 

  0x000001f7bffb4178: ;   {other}
  0x000001f7bffb4178: 0f1f 8400 | f056 009d | baf6 ffff | ff44 894c | 2420 894c | 2424 6690 

  0x000001f7bffb4190: ;   {runtime_call UncommonTrapBlob}
  0x000001f7bffb4190: c5f8 77e8 

  0x000001f7bffb4194: ; ImmutableOopMap {[32]=NarrowOop }
                      ;*invokestatic arraycopy {reexecute=0 rethrow=0 return_oop=0}
                      ; - java.lang.String::getBytes@22 (line 4823)
                      ; - java.lang.AbstractStringBuilder::putStringAt@15 (line 1768)
                      ; - java.lang.AbstractStringBuilder::append@30 (line 591)
                      ; - java.lang.StringBuilder::append@2 (line 179)
                      ; - java.net.URLStreamHandler::toExternalForm@11 (line 480)
                      ; - java.net.URL::toExternalForm@5 (line 1203)
                      ; - java.net.URL::toString@1 (line 1189)
                      ; - java.lang.ClassLoader::defineClassSourceLocation@22 (line 928)
                      ; - java.lang.ClassLoader::defineClass@12 (line 1025)
                      ; - java.security.SecureClassLoader::defineClass@12 (line 150)
  0x000001f7bffb4194: c801 8cff 

  0x000001f7bffb4198: ;   {other}
  0x000001f7bffb4198: 0f1f 8400 | 1057 009e | baf6 ffff | ff66 6690 

  0x000001f7bffb41a8: ;   {runtime_call UncommonTrapBlob}
  0x000001f7bffb41a8: c5f8 77e8 

  0x000001f7bffb41ac: ; ImmutableOopMap {}
                      ;*bastore {reexecute=0 rethrow=0 return_oop=0}
                      ; - java.lang.AbstractStringBuilder::append@41 (line 815)
                      ; - java.lang.StringBuilder::append@2 (line 246)
                      ; - java.net.URLStreamHandler::toExternalForm@16 (line 480)
                      ; - java.net.URL::toExternalForm@5 (line 1203)
                      ; - java.net.URL::toString@1 (line 1189)
                      ; - java.lang.ClassLoader::defineClassSourceLocation@22 (line 928)
                      ; - java.lang.ClassLoader::defineClass@12 (line 1025)
                      ; - java.security.SecureClassLoader::defineClass@12 (line 150)
  0x000001f7bffb41ac: b001 8cff 

  0x000001f7bffb41b0: ;   {other}
  0x000001f7bffb41b0: 0f1f 8400 | 2857 009f | 33ed 4d85 | d240 0f94 | c5ba 45ff | ffff 4c8b | 5424 484c | 8954 2438 
  0x000001f7bffb41d0: ;   {runtime_call UncommonTrapBlob}
  0x000001f7bffb41d0: c5f8 77e8 

  0x000001f7bffb41d4: ; ImmutableOopMap {[40]=Oop [48]=Oop [56]=Oop }
                      ;*ifeq {reexecute=1 rethrow=0 return_oop=0}
                      ; - (reexecute) java.lang.Class::getPackageName@29 (line 1253)
                      ; - java.lang.ClassLoader::postDefineClass@2 (line 935)
                      ; - java.lang.ClassLoader::defineClass@37 (line 1027)
                      ; - java.security.SecureClassLoader::defineClass@12 (line 150)
  0x000001f7bffb41d4: 8801 8cff 

  0x000001f7bffb41d8: ;   {other}
  0x000001f7bffb41d8: 0f1f 8400 | 5057 00a0 | baf6 ffff | ff66 6690 

  0x000001f7bffb41e8: ;   {runtime_call UncommonTrapBlob}
  0x000001f7bffb41e8: c5f8 77e8 

  0x000001f7bffb41ec: ; ImmutableOopMap {}
                      ;*arraylength {reexecute=0 rethrow=0 return_oop=0}
                      ; - java.lang.String::length@4 (line 1593)
                      ; - java.lang.String::lastIndexOf@3 (line 2626)
                      ; - java.lang.Class::getPackageName@47 (line 1257)
                      ; - java.lang.ClassLoader::postDefineClass@2 (line 935)
                      ; - java.lang.ClassLoader::defineClass@37 (line 1027)
                      ; - java.security.SecureClassLoader::defineClass@12 (line 150)
  0x000001f7bffb41ec: 7001 8cff 

  0x000001f7bffb41f0: ;   {other}
  0x000001f7bffb41f0: 0f1f 8400 | 6857 00a1 | ba45 ffff | ff48 8b6c | 2428 4c8b | 5424 304c | 8954 2420 

  0x000001f7bffb420c: ;   {runtime_call UncommonTrapBlob}
  0x000001f7bffb420c: c5f8 77e8 

  0x000001f7bffb4210: ; ImmutableOopMap {rbp=Oop [32]=Oop [56]=Oop [72]=Oop }
                      ;*ifnull {reexecute=1 rethrow=0 return_oop=0}
                      ; - (reexecute) java.lang.ClassLoader::checkName@1 (line 1153)
                      ; - java.lang.ClassLoader::preDefineClass@1 (line 901)
                      ; - java.lang.ClassLoader::defineClass@4 (line 1024)
                      ; - java.security.SecureClassLoader::defineClass@12 (line 150)
  0x000001f7bffb4210: 4c01 8cff 

  0x000001f7bffb4214: ;   {other}
  0x000001f7bffb4214: 0f1f 8400 | 8c57 00a2 | ba45 ffff | ff48 8b6c | 2428 4c8b | 5424 384c | 8954 2428 | 448b 5424 
  0x000001f7bffb4234: 4044 8954 | 2438 448b | 5424 4444 | 8954 243c | 4c8b 5424 | 484c 8954 | 2440 4889 | 5c24 4848 
  0x000001f7bffb4254: 897c 2458 | 4489 6c24 | 5466 6690 

  0x000001f7bffb4260: ;   {runtime_call UncommonTrapBlob}
  0x000001f7bffb4260: c5f8 77e8 

  0x000001f7bffb4264: ; ImmutableOopMap {rbp=Oop [40]=Oop [48]=Oop [64]=Oop [72]=Oop [84]=NarrowOop [88]=Oop }
                      ;*ifnull {reexecute=1 rethrow=0 return_oop=0}
                      ; - (reexecute) java.lang.ClassLoader::checkCerts@30 (line 1165)
                      ; - java.lang.ClassLoader::preDefineClass@113 (line 918)
                      ; - java.lang.ClassLoader::defineClass@4 (line 1024)
                      ; - java.security.SecureClassLoader::defineClass@12 (line 150)
  0x000001f7bffb4264: f800 8cff 

  0x000001f7bffb4268: ;   {other}
  0x000001f7bffb4268: 0f1f 8400 | e057 00a3 | ba45 ffff | ff48 8b6c | 2428 4c8b | 5424 304c | 8954 2420 | 4c8b 5424 
  0x000001f7bffb4288: 384c 8954 | 2428 448b | 5424 4044 | 8954 2430 | 448b 4424 | 4444 8944 | 2434 4489 | 5c24 4490 
  0x000001f7bffb42a8: ;   {runtime_call UncommonTrapBlob}
  0x000001f7bffb42a8: c5f8 77e8 

  0x000001f7bffb42ac: ; ImmutableOopMap {rbp=Oop [32]=Oop [40]=Oop [68]=NarrowOop [72]=Oop }
                      ;*ifnull {reexecute=1 rethrow=0 return_oop=0}
                      ; - (reexecute) java.lang.ClassLoader::defineClassSourceLocation@8 (line 927)
                      ; - java.lang.ClassLoader::defineClass@12 (line 1025)
                      ; - java.security.SecureClassLoader::defineClass@12 (line 150)
  0x000001f7bffb42ac: b000 8cff 

  0x000001f7bffb42b0: ;   {other}
  0x000001f7bffb42b0: 0f1f 8400 | 2858 00a4 | ba45 ffff | ff48 8b6c | 2428 4c8b | 5424 304c | 8954 2420 | 4c8b 5424 
  0x000001f7bffb42d0: 384c 8954 | 2428 448b | 5c24 4044 | 895c 2430 | 448b 5424 | 4444 8954 | 2434 4c89 | 6c24 3889 
  0x000001f7bffb42f0: 5c24 4048 | 8974 2448 | 4489 4c24 | 5066 6690 

  0x000001f7bffb4300: ;   {runtime_call UncommonTrapBlob}
  0x000001f7bffb4300: c5f8 77e8 

  0x000001f7bffb4304: ; ImmutableOopMap {rbp=Oop [32]=Oop [40]=Oop [56]=Oop [64]=NarrowOop [72]=Oop [80]=NarrowOop }
                      ;*ifnull {reexecute=1 rethrow=0 return_oop=0}
                      ; - (reexecute) java.net.URLStreamHandler::toExternalForm@68 (line 484)
                      ; - java.net.URL::toExternalForm@5 (line 1203)
                      ; - java.net.URL::toString@1 (line 1189)
                      ; - java.lang.ClassLoader::defineClassSourceLocation@22 (line 928)
                      ; - java.lang.ClassLoader::defineClass@12 (line 1025)
                      ; - java.security.SecureClassLoader::defineClass@12 (line 150)
  0x000001f7bffb4304: 5800 8cff 

  0x000001f7bffb4308: ;   {other}
  0x000001f7bffb4308: 0f1f 8400 | 8058 00a5 | ba45 ffff | ff89 4c24 | 2066 6690 

  0x000001f7bffb431c: ;   {runtime_call UncommonTrapBlob}
  0x000001f7bffb431c: c5f8 77e8 

  0x000001f7bffb4320: ; ImmutableOopMap {[32]=NarrowOop [48]=Oop }
                      ;*ifnull {reexecute=1 rethrow=0 return_oop=0}
                      ; - (reexecute) java.lang.ClassLoader::postDefineClass@17 (line 937)
                      ; - java.lang.ClassLoader::defineClass@37 (line 1027)
                      ; - java.security.SecureClassLoader::defineClass@12 (line 150)
  0x000001f7bffb4320: 3c00 8cff 

  0x000001f7bffb4324: ;   {other}
  0x000001f7bffb4324: 0f1f 8400 | 9c58 00a6 | ba45 ffff | ff48 8b4c | 2448 4889 | 4c24 384c | 894c 2440 | 4489 4424 
  0x000001f7bffb4344: 504c 896c | 2458 4489 | 5c24 5444 | 8954 2460 

  0x000001f7bffb4354: ;   {runtime_call UncommonTrapBlob}
  0x000001f7bffb4354: c5f8 77e8 

  0x000001f7bffb4358: ; ImmutableOopMap {rbp=NarrowOop [48]=Oop [56]=Oop [64]=Oop [80]=NarrowOop [84]=NarrowOop [88]=Oop }
                      ;*ifnull {reexecute=1 rethrow=0 return_oop=0}
                      ; - (reexecute) java.util.concurrent.ConcurrentHashMap::get@67 (line 941)
                      ; - java.lang.ClassLoader::getNamedPackage@5 (line 340)
                      ; - java.lang.ClassLoader::postDefineClass@9 (line 935)
                      ; - java.lang.ClassLoader::defineClass@37 (line 1027)
                      ; - java.security.SecureClassLoader::defineClass@12 (line 150)
  0x000001f7bffb4358: 0400 8cff 

  0x000001f7bffb435c: ;   {other}
  0x000001f7bffb435c: 0f1f 8400 | d458 00a7 | baf6 ffff | ff66 6690 

  0x000001f7bffb436c: ;   {runtime_call UncommonTrapBlob}
  0x000001f7bffb436c: c5f8 77e8 

  0x000001f7bffb4370: ; ImmutableOopMap {}
                      ;*arraylength {reexecute=0 rethrow=0 return_oop=0}
                      ; - java.lang.StringLatin1::hashCode@3 (line 306)
                      ; - java.lang.String::hashCode@27 (line 2458)
                      ; - java.util.concurrent.ConcurrentHashMap::get@1 (line 937)
                      ; - java.lang.ClassLoader::getNamedPackage@5 (line 340)
                      ; - java.lang.ClassLoader::postDefineClass@9 (line 935)
                      ; - java.lang.ClassLoader::defineClass@37 (line 1027)
                      ; - java.security.SecureClassLoader::defineClass@12 (line 150)
  0x000001f7bffb4370: ecff 8bff 

  0x000001f7bffb4374: ;   {other}
  0x000001f7bffb4374: 0f1f 8400 | ec58 00a8 | baf6 ffff | ff66 6690 

  0x000001f7bffb4384: ;   {runtime_call UncommonTrapBlob}
  0x000001f7bffb4384: c5f8 77e8 

  0x000001f7bffb4388: ; ImmutableOopMap {}
                      ;*arraylength {reexecute=0 rethrow=0 return_oop=0}
                      ; - java.lang.String::isEmpty@4 (line 1606)
                      ; - java.net.URLStreamHandler::toExternalForm@29 (line 482)
                      ; - java.net.URL::toExternalForm@5 (line 1203)
                      ; - java.net.URL::toString@1 (line 1189)
                      ; - java.lang.ClassLoader::defineClassSourceLocation@22 (line 928)
                      ; - java.lang.ClassLoader::defineClass@12 (line 1025)
                      ; - java.security.SecureClassLoader::defineClass@12 (line 150)
  0x000001f7bffb4388: d4ff 8bff 

  0x000001f7bffb438c: ;   {other}
  0x000001f7bffb438c: 0f1f 8400 | 0459 00a9 | baf6 ffff | ff41 8beb 

  0x000001f7bffb439c: ;   {runtime_call UncommonTrapBlob}
  0x000001f7bffb439c: c5f8 77e8 

  0x000001f7bffb43a0: ; ImmutableOopMap {}
                      ;*aaload {reexecute=0 rethrow=0 return_oop=0}
                      ; - java.security.CodeSource::getCertificates@50 (line 207)
                      ; - java.lang.ClassLoader::checkCerts@34 (line 1166)
                      ; - java.lang.ClassLoader::preDefineClass@113 (line 918)
                      ; - java.lang.ClassLoader::defineClass@4 (line 1024)
                      ; - java.security.SecureClassLoader::defineClass@12 (line 150)
  0x000001f7bffb43a0: bcff 8bff 

  0x000001f7bffb43a4: ;   {other}
  0x000001f7bffb43a4: 0f1f 8400 | 1c59 00aa | baf6 ffff | ff66 6690 

  0x000001f7bffb43b4: ;   {runtime_call UncommonTrapBlob}
  0x000001f7bffb43b4: c5f8 77e8 

  0x000001f7bffb43b8: ; ImmutableOopMap {}
                      ;*invokevirtual getSignerCertPath {reexecute=0 rethrow=0 return_oop=0}
                      ; - java.security.CodeSource::getCertificates@51 (line 208)
                      ; - java.lang.ClassLoader::checkCerts@34 (line 1166)
                      ; - java.lang.ClassLoader::preDefineClass@113 (line 918)
                      ; - java.lang.ClassLoader::defineClass@4 (line 1024)
                      ; - java.security.SecureClassLoader::defineClass@12 (line 150)
  0x000001f7bffb43b8: a4ff 8bff 

  0x000001f7bffb43bc: ;   {other}
  0x000001f7bffb43bc: 0f1f 8400 | 3459 00ab | baf6 ffff | ff66 6690 

  0x000001f7bffb43cc: ;   {runtime_call UncommonTrapBlob}
  0x000001f7bffb43cc: c5f8 77e8 

  0x000001f7bffb43d0: ; ImmutableOopMap {}
                      ;*invokevirtual getCertificates {reexecute=0 rethrow=0 return_oop=0}
                      ; - java.security.CodeSource::getCertificates@54 (line 208)
                      ; - java.lang.ClassLoader::checkCerts@34 (line 1166)
                      ; - java.lang.ClassLoader::preDefineClass@113 (line 918)
                      ; - java.lang.ClassLoader::defineClass@4 (line 1024)
                      ; - java.security.SecureClassLoader::defineClass@12 (line 150)
  0x000001f7bffb43d0: 8cff 8bff 

  0x000001f7bffb43d4: ;   {other}
  0x000001f7bffb43d4: 0f1f 8400 | 4c59 00ac | baf6 ffff | ff66 6690 

  0x000001f7bffb43e4: ;   {runtime_call UncommonTrapBlob}
  0x000001f7bffb43e4: c5f8 77e8 

  0x000001f7bffb43e8: ; ImmutableOopMap {}
                      ;*arraylength {reexecute=0 rethrow=0 return_oop=0}
                      ; - java.security.CodeSource::getCertificates@40 (line 206)
                      ; - java.lang.ClassLoader::checkCerts@34 (line 1166)
                      ; - java.lang.ClassLoader::preDefineClass@113 (line 918)
                      ; - java.lang.ClassLoader::defineClass@4 (line 1024)
                      ; - java.security.SecureClassLoader::defineClass@12 (line 150)
  0x000001f7bffb43e8: 74ff 8bff 

  0x000001f7bffb43ec: ;   {other}
  0x000001f7bffb43ec: 0f1f 8400 | 6459 00ad | baf6 ffff | ff41 8beb 

  0x000001f7bffb43fc: ;   {runtime_call UncommonTrapBlob}
  0x000001f7bffb43fc: c5f8 77e8 

  0x000001f7bffb4400: ; ImmutableOopMap {}
                      ;*aaload {reexecute=0 rethrow=0 return_oop=0}
                      ; - java.security.CodeSource::getCertificates@50 (line 207)
                      ; - java.lang.ClassLoader::postDefineClass@24 (line 938)
                      ; - java.lang.ClassLoader::defineClass@37 (line 1027)
                      ; - java.security.SecureClassLoader::defineClass@12 (line 150)
  0x000001f7bffb4400: 5cff 8bff 

  0x000001f7bffb4404: ;   {other}
  0x000001f7bffb4404: 0f1f 8400 | 7c59 00ae | baf6 ffff | ff66 6690 

  0x000001f7bffb4414: ;   {runtime_call UncommonTrapBlob}
  0x000001f7bffb4414: c5f8 77e8 

  0x000001f7bffb4418: ; ImmutableOopMap {}
                      ;*invokevirtual getSignerCertPath {reexecute=0 rethrow=0 return_oop=0}
                      ; - java.security.CodeSource::getCertificates@51 (line 208)
                      ; - java.lang.ClassLoader::postDefineClass@24 (line 938)
                      ; - java.lang.ClassLoader::defineClass@37 (line 1027)
                      ; - java.security.SecureClassLoader::defineClass@12 (line 150)
  0x000001f7bffb4418: 44ff 8bff 

  0x000001f7bffb441c: ;   {other}
  0x000001f7bffb441c: 0f1f 8400 | 9459 00af | baf6 ffff | ff66 6690 

  0x000001f7bffb442c: ;   {runtime_call UncommonTrapBlob}
  0x000001f7bffb442c: c5f8 77e8 

  0x000001f7bffb4430: ; ImmutableOopMap {}
                      ;*invokevirtual getCertificates {reexecute=0 rethrow=0 return_oop=0}
                      ; - java.security.CodeSource::getCertificates@54 (line 208)
                      ; - java.lang.ClassLoader::postDefineClass@24 (line 938)
                      ; - java.lang.ClassLoader::defineClass@37 (line 1027)
                      ; - java.security.SecureClassLoader::defineClass@12 (line 150)
  0x000001f7bffb4430: 2cff 8bff 

  0x000001f7bffb4434: ;   {other}
  0x000001f7bffb4434: 0f1f 8400 | ac59 00b0 | baf6 ffff | ff66 6690 

  0x000001f7bffb4444: ;   {runtime_call UncommonTrapBlob}
  0x000001f7bffb4444: c5f8 77e8 

  0x000001f7bffb4448: ; ImmutableOopMap {}
                      ;*arraylength {reexecute=0 rethrow=0 return_oop=0}
                      ; - java.security.CodeSource::getCertificates@40 (line 206)
                      ; - java.lang.ClassLoader::postDefineClass@24 (line 938)
                      ; - java.lang.ClassLoader::defineClass@37 (line 1027)
                      ; - java.security.SecureClassLoader::defineClass@12 (line 150)
  0x000001f7bffb4448: 14ff 8bff 

  0x000001f7bffb444c: ;   {other}
  0x000001f7bffb444c: 0f1f 8400 | c459 00b1 | baf4 ffff | ff4c 8b54 | 2438 4c89 | 5424 2844 | 8b54 2440 | 4489 5424 
  0x000001f7bffb446c: 3044 8b5c | 2444 4489 | 5c24 344c | 8b54 2448 | 4c89 5424 | 384c 8b54 | 2450 4c89 | 5424 4090 
  0x000001f7bffb448c: ;   {runtime_call UncommonTrapBlob}
  0x000001f7bffb448c: c5f8 77e8 

  0x000001f7bffb4490: ; ImmutableOopMap {rbp=Oop [32]=Oop [40]=Oop [56]=Oop [64]=Oop [88]=NarrowOop [112]=Oop }
                      ;*checkcast {reexecute=0 rethrow=0 return_oop=0}
                      ; - java.security.CodeSource::getCertificates@76 (line 210)
                      ; - java.lang.ClassLoader::checkCerts@34 (line 1166)
                      ; - java.lang.ClassLoader::preDefineClass@113 (line 918)
                      ; - java.lang.ClassLoader::defineClass@4 (line 1024)
                      ; - java.security.SecureClassLoader::defineClass@12 (line 150)
  0x000001f7bffb4490: ccfe 8bff 

  0x000001f7bffb4494: ;   {other}
  0x000001f7bffb4494: 0f1f 8400 | 0c5a 00b2 | ba97 ffff | ff44 8b54 | 2440 4489 | 5424 2490 

  0x000001f7bffb44ac: ;   {runtime_call UncommonTrapBlob}
  0x000001f7bffb44ac: c5f8 77e8 

  0x000001f7bffb44b0: ; ImmutableOopMap {rbp=Oop [32]=NarrowOop [40]=Oop [48]=Oop [56]=Oop [72]=Oop }
                      ;*invokevirtual clone {reexecute=1 rethrow=0 return_oop=0}
                      ; - (reexecute) java.util.Arrays::copyOfRange@11 (line 3846)
                      ; - java.lang.String::<init>@32 (line 4889)
                      ; - java.lang.StringBuilder::toString@16 (line 478)
                      ; - java.net.URLStreamHandler::toExternalForm@152 (line 486)
                      ; - java.net.URL::toExternalForm@5 (line 1203)
                      ; - java.net.URL::toString@1 (line 1189)
                      ; - java.lang.ClassLoader::defineClassSourceLocation@22 (line 928)
                      ; - java.lang.ClassLoader::defineClass@12 (line 1025)
                      ; - java.security.SecureClassLoader::defineClass@12 (line 150)
  0x000001f7bffb44b0: acfe 8bff 

  0x000001f7bffb44b4: ;   {other}
  0x000001f7bffb44b4: 0f1f 8400 | 2c5a 00b3 | ba97 ffff | ff48 8b6c | 2428 4c8b | 5424 604c | 8954 2450 | 4c8b 5424 
  0x000001f7bffb44d4: 684c 8954 | 2460 6690 

  0x000001f7bffb44dc: ;   {runtime_call UncommonTrapBlob}
  0x000001f7bffb44dc: c5f8 77e8 

  0x000001f7bffb44e0: ; ImmutableOopMap {rbp=Oop [32]=NarrowOop [36]=NarrowOop [48]=Oop [56]=Oop [72]=Oop [80]=Oop [96]=Oop [104]=Oop }
                      ;*invokevirtual clone {reexecute=1 rethrow=0 return_oop=0}
                      ; - (reexecute) java.util.Arrays::copyOfRange@11 (line 3846)
                      ; - java.lang.StringLatin1::newString@16 (line 856)
                      ; - java.lang.String::substring@41 (line 2930)
                      ; - java.lang.ClassLoader::checkCerts@21 (line 1162)
                      ; - java.lang.ClassLoader::preDefineClass@113 (line 918)
                      ; - java.lang.ClassLoader::defineClass@4 (line 1024)
                      ; - java.security.SecureClassLoader::defineClass@12 (line 150)
  0x000001f7bffb44e0: 7cfe 8bff 

  0x000001f7bffb44e4: ;   {other}
  0x000001f7bffb44e4: 0f1f 8400 | 5c5a 00b4 | baf4 ffff | ff66 6690 

  0x000001f7bffb44f4: ;   {runtime_call UncommonTrapBlob}
  0x000001f7bffb44f4: c5f8 77e8 

  0x000001f7bffb44f8: ; ImmutableOopMap {rbp=NarrowOop [32]=Oop [40]=Oop }
                      ;*checkcast {reexecute=0 rethrow=0 return_oop=0}
                      ; - java.security.CodeSource::getCertificates@76 (line 210)
                      ; - java.lang.ClassLoader::postDefineClass@24 (line 938)
                      ; - java.lang.ClassLoader::defineClass@37 (line 1027)
                      ; - java.security.SecureClassLoader::defineClass@12 (line 150)
  0x000001f7bffb44f8: 64fe 8bff 

  0x000001f7bffb44fc: ;   {other}
  0x000001f7bffb44fc: 0f1f 8400 | 745a 00b5 | ba97 ffff | ff48 8b6c | 2420 4c8b | 5424 484c | 8954 2430 

  0x000001f7bffb4518: ;   {runtime_call UncommonTrapBlob}
  0x000001f7bffb4518: c5f8 77e8 

  0x000001f7bffb451c: ; ImmutableOopMap {rbp=Oop [40]=Oop [48]=Oop [56]=NarrowOop [64]=Oop }
                      ;*invokevirtual clone {reexecute=1 rethrow=0 return_oop=0}
                      ; - (reexecute) java.util.Arrays::copyOfRange@11 (line 3846)
                      ; - java.lang.StringLatin1::newString@16 (line 856)
                      ; - java.lang.String::substring@41 (line 2930)
                      ; - java.lang.Class::getPackageName@62 (line 1258)
                      ; - java.lang.ClassLoader::postDefineClass@2 (line 935)
                      ; - java.lang.ClassLoader::defineClass@37 (line 1027)
                      ; - java.security.SecureClassLoader::defineClass@12 (line 150)
  0x000001f7bffb451c: 40fe 8bff 

  0x000001f7bffb4520: ;   {other}
  0x000001f7bffb4520: 0f1f 8400 | 985a 00b6 | ba97 ffff | ff48 8b6c | 2420 4c8b | 5424 384c | 8954 2428 | 448b 5424 
  0x000001f7bffb4540: 4044 8954 | 2438 448b | 5c24 4444 | 895c 243c | 4c8b 5424 | 484c 8954 | 2440 4c8b | 5424 504c 
  0x000001f7bffb4560: 8954 2448 | 4c8b 5424 | 584c 8954 | 2450 6690 

  0x000001f7bffb4570: ;   {runtime_call UncommonTrapBlob}
  0x000001f7bffb4570: c5f8 77e8 

  0x000001f7bffb4574: ; ImmutableOopMap {rbp=Oop [40]=Oop [48]=Oop [64]=Oop [72]=Oop [80]=Oop [96]=NarrowOop }
                      ;*invokevirtual clone {reexecute=1 rethrow=0 return_oop=0}
                      ; - (reexecute) java.security.CodeSource::getCertificates@11 (line 200)
                      ; - java.lang.ClassLoader::checkCerts@34 (line 1166)
                      ; - java.lang.ClassLoader::preDefineClass@113 (line 918)
                      ; - java.lang.ClassLoader::defineClass@4 (line 1024)
                      ; - java.security.SecureClassLoader::defineClass@12 (line 150)
  0x000001f7bffb4574: e8fd 8bff 

  0x000001f7bffb4578: ;   {other}
  0x000001f7bffb4578: 0f1f 8400 | f05a 00b7 | ba97 ffff | ff48 ff74 | 2430 488f | 4424 2890 

  0x000001f7bffb4590: ;   {runtime_call UncommonTrapBlob}
  0x000001f7bffb4590: c5f8 77e8 

  0x000001f7bffb4594: ; ImmutableOopMap {[32]=Oop [40]=Oop [56]=NarrowOop }
                      ;*invokevirtual clone {reexecute=1 rethrow=0 return_oop=0}
                      ; - (reexecute) java.security.CodeSource::getCertificates@11 (line 200)
                      ; - java.lang.ClassLoader::postDefineClass@24 (line 938)
                      ; - java.lang.ClassLoader::defineClass@37 (line 1027)
                      ; - java.security.SecureClassLoader::defineClass@12 (line 150)
  0x000001f7bffb4594: c8fd 8bff 

  0x000001f7bffb4598: ;   {other}
  0x000001f7bffb4598: 0f1f 8400 | 105b 00b8 | ba97 ffff | ff4c 8b54 | 2438 4c89 | 5424 3044 | 8b54 2440 | 4489 5424 
  0x000001f7bffb45b8: 3844 8b5c | 2444 4489 | 5c24 3c4c | 8b54 2448 | 4c89 5424 | 404c 8b54 | 2450 4c89 | 5424 4890 
  0x000001f7bffb45d8: ;   {runtime_call UncommonTrapBlob}
  0x000001f7bffb45d8: c5f8 77e8 

  0x000001f7bffb45dc: ; ImmutableOopMap {rbp=Oop [32]=Oop [40]=Oop [48]=Oop [64]=Oop [72]=Oop [112]=Oop }
                      ;*invokevirtual clone {reexecute=1 rethrow=0 return_oop=0}
                      ; - (reexecute) java.security.CodeSource::getCertificates@86 (line 212)
                      ; - java.lang.ClassLoader::checkCerts@34 (line 1166)
                      ; - java.lang.ClassLoader::preDefineClass@113 (line 918)
                      ; - java.lang.ClassLoader::defineClass@4 (line 1024)
                      ; - java.security.SecureClassLoader::defineClass@12 (line 150)
  0x000001f7bffb45dc: 80fd 8bff 

  0x000001f7bffb45e0: ;   {other}
  0x000001f7bffb45e0: 0f1f 8400 | 585b 00b9 | ba97 ffff | ff66 6690 

  0x000001f7bffb45f0: ;   {runtime_call UncommonTrapBlob}
  0x000001f7bffb45f0: c5f8 77e8 

  0x000001f7bffb45f4: ; ImmutableOopMap {[32]=Oop [40]=Oop [64]=Oop }
                      ;*invokevirtual clone {reexecute=1 rethrow=0 return_oop=0}
                      ; - (reexecute) java.security.CodeSource::getCertificates@86 (line 212)
                      ; - java.lang.ClassLoader::postDefineClass@24 (line 938)
                      ; - java.lang.ClassLoader::defineClass@37 (line 1027)
                      ; - java.security.SecureClassLoader::defineClass@12 (line 150)
  0x000001f7bffb45f4: 68fd 8bff 

  0x000001f7bffb45f8: ;   {other}
  0x000001f7bffb45f8: 0f1f 8400 | 705b 00ba | e90c 0100 | 00e9 0701 | 0000 e902 | 0100 00e9 | fd00 0000 | e9f8 0000 
  0x000001f7bffb4618: 00e9 f300 | 0000 6690 | e9ec 0000 | 00e9 e700 | 0000 e9e2 | 0000 00e9 | dd00 0000 | e9d8 0000 
  0x000001f7bffb4638: 00e9 d300 | 0000 6690 | e9cc 0000 | 00e9 c700 | 0000 e9c2 | 0000 00e9 | bd00 0000 | e9b8 0000 
  0x000001f7bffb4658: 00e9 b300 | 0000 6690 | e9ac 0000 | 00e9 a700 | 0000 e9a2 | 0000 00e9 | 9d00 0000 | e998 0000 
  0x000001f7bffb4678: 00e9 9300 | 0000 6690 | e98c 0000 | 00e9 8700 | 0000 e982 | 0000 00e9 | 7d00 0000 | e978 0000 
  0x000001f7bffb4698: 00e9 7300 | 0000 6690 | e96c 0000 | 00e9 6700 | 0000 e962 | 0000 00e9 | 5d00 0000 | e958 0000 
  0x000001f7bffb46b8: 00e9 5300 | 0000 6690 | e94c 0000 | 00e9 4700 | 0000 e942 | 0000 00e9 | 3d00 0000 | e938 0000 
  0x000001f7bffb46d8: 00e9 3300 | 0000 6690 | e92c 0000 | 00e9 2700 | 0000 e922 | 0000 00e9 | 1d00 0000 

  0x000001f7bffb46f4: ;   {no_reloc}
  0x000001f7bffb46f4: e918 0000 | 00e9 1300 | 0000 6690 | e90c 0000 | 00eb 0aeb | 08eb 06eb | 04eb 02eb | 0048 8bd0 
  0x000001f7bffb4714: e9ec beff 

  0x000001f7bffb4718: ;   {internal_word}
  0x000001f7bffb4718: ff49 bab9 | 07fb bff7 | 0100 004d | 8997 6004 

  0x000001f7bffb4728: ;   {runtime_call SafepointBlob}
  0x000001f7bffb4728: 0000 e9b1 

  0x000001f7bffb472c: ;   {runtime_call StubRoutines (final stubs)}
  0x000001f7bffb472c: 0c8c ffe8 | 0c30 8aff | e915 aaff | fff4 f4f4 | f4f4 f4f4 
[Stub Code]
  0x000001f7bffb4740: ;   {no_reloc}
  0x000001f7bffb4740: 48bb 0000 | 0000 0000 

  0x000001f7bffb4748: ;   {runtime_call nmethod}
  0x000001f7bffb4748: 0000 e9fb 

  0x000001f7bffb474c: ;   {static_stub}
  0x000001f7bffb474c: ffff ff48 | bb00 0000 | 0000 0000 

  0x000001f7bffb4758: ;   {runtime_call nmethod}
  0x000001f7bffb4758: 00e9 fbff 

  0x000001f7bffb475c: ;   {static_stub}
  0x000001f7bffb475c: ffff 48bb | 0000 0000 | 0000 0000 

  0x000001f7bffb4768: ;   {runtime_call nmethod}
  0x000001f7bffb4768: e9fb ffff 

  0x000001f7bffb476c: ;   {static_stub}
  0x000001f7bffb476c: ff48 bb00 | 0000 0000 

  0x000001f7bffb4774: ;   {runtime_call nmethod}
  0x000001f7bffb4774: 0000 00e9 | fbff ffff 

  0x000001f7bffb477c: ;   {static_stub}
  0x000001f7bffb477c: 48bb 0000 | 0000 0000 

  0x000001f7bffb4784: ;   {runtime_call nmethod}
  0x000001f7bffb4784: 0000 e9fb 

  0x000001f7bffb4788: ;   {static_stub}
  0x000001f7bffb4788: ffff ff48 | bb00 0000 | 0000 0000 

  0x000001f7bffb4794: ;   {runtime_call nmethod}
  0x000001f7bffb4794: 00e9 fbff 

  0x000001f7bffb4798: ;   {static_stub}
  0x000001f7bffb4798: ffff 48bb | 0000 0000 | 0000 0000 

  0x000001f7bffb47a4: ;   {runtime_call nmethod}
  0x000001f7bffb47a4: e9fb ffff 

  0x000001f7bffb47a8: ;   {static_stub}
  0x000001f7bffb47a8: ff48 bb00 | 0000 0000 

  0x000001f7bffb47b0: ;   {runtime_call nmethod}
  0x000001f7bffb47b0: 0000 00e9 | fbff ffff 

  0x000001f7bffb47b8: ;   {static_stub}
  0x000001f7bffb47b8: 48bb 0000 | 0000 0000 

  0x000001f7bffb47c0: ;   {runtime_call nmethod}
  0x000001f7bffb47c0: 0000 e9fb 

  0x000001f7bffb47c4: ;   {static_stub}
  0x000001f7bffb47c4: ffff ff48 | bb00 0000 | 0000 0000 

  0x000001f7bffb47d0: ;   {runtime_call nmethod}
  0x000001f7bffb47d0: 00e9 fbff 

  0x000001f7bffb47d4: ;   {static_stub}
  0x000001f7bffb47d4: ffff 48bb | 0000 0000 | 0000 0000 

  0x000001f7bffb47e0: ;   {runtime_call nmethod}
  0x000001f7bffb47e0: e9fb ffff 

  0x000001f7bffb47e4: ;   {static_stub}
  0x000001f7bffb47e4: ff48 bb00 | 0000 0000 

  0x000001f7bffb47ec: ;   {runtime_call nmethod}
  0x000001f7bffb47ec: 0000 00e9 | fbff ffff 

  0x000001f7bffb47f4: ;   {static_stub}
  0x000001f7bffb47f4: 48bb 0000 | 0000 0000 

  0x000001f7bffb47fc: ;   {runtime_call nmethod}
  0x000001f7bffb47fc: 0000 e9fb 

  0x000001f7bffb4800: ;   {static_stub}
  0x000001f7bffb4800: ffff ff48 | bb00 0000 | 0000 0000 

  0x000001f7bffb480c: ;   {runtime_call nmethod}
  0x000001f7bffb480c: 00e9 fbff 

  0x000001f7bffb4810: ;   {static_stub}
  0x000001f7bffb4810: ffff 48bb | 0000 0000 | 0000 0000 

  0x000001f7bffb481c: ;   {runtime_call nmethod}
  0x000001f7bffb481c: e9fb ffff 

  0x000001f7bffb4820: ;   {static_stub}
  0x000001f7bffb4820: ff48 bb00 | 0000 0000 

  0x000001f7bffb4828: ;   {runtime_call nmethod}
  0x000001f7bffb4828: 0000 00e9 | fbff ffff 

  0x000001f7bffb4830: ;   {static_stub}
  0x000001f7bffb4830: 48bb 0000 | 0000 0000 

  0x000001f7bffb4838: ;   {runtime_call nmethod}
  0x000001f7bffb4838: 0000 e9fb 

  0x000001f7bffb483c: ;   {static_stub}
  0x000001f7bffb483c: ffff ff48 | bb00 0000 | 0000 0000 

  0x000001f7bffb4848: ;   {runtime_call nmethod}
  0x000001f7bffb4848: 00e9 fbff 

  0x000001f7bffb484c: ;   {static_stub}
  0x000001f7bffb484c: ffff 48bb | 0000 0000 | 0000 0000 

  0x000001f7bffb4858: ;   {runtime_call nmethod}
  0x000001f7bffb4858: e9fb ffff 

  0x000001f7bffb485c: ;   {static_stub}
  0x000001f7bffb485c: ff48 bb00 | 0000 0000 

  0x000001f7bffb4864: ;   {runtime_call nmethod}
  0x000001f7bffb4864: 0000 00e9 | fbff ffff 

  0x000001f7bffb486c: ;   {static_stub}
  0x000001f7bffb486c: 48bb 0000 | 0000 0000 

  0x000001f7bffb4874: ;   {runtime_call nmethod}
  0x000001f7bffb4874: 0000 e9fb 

  0x000001f7bffb4878: ;   {static_stub}
  0x000001f7bffb4878: ffff ff48 | bb00 0000 | 0000 0000 

  0x000001f7bffb4884: ;   {runtime_call nmethod}
  0x000001f7bffb4884: 00e9 fbff 

  0x000001f7bffb4888: ;   {static_stub}
  0x000001f7bffb4888: ffff 48bb | 20dc 45dd | f701 0000 

  0x000001f7bffb4894: ;   {runtime_call I2C/C2I adapters}
  0x000001f7bffb4894: e924 0889 

  0x000001f7bffb4898: ;   {static_stub}
  0x000001f7bffb4898: ff48 bb00 | 0000 0000 

  0x000001f7bffb48a0: ;   {runtime_call nmethod}
  0x000001f7bffb48a0: 0000 00e9 | fbff ffff 

  0x000001f7bffb48a8: ;   {static_stub}
  0x000001f7bffb48a8: 48bb 0000 | 0000 0000 

  0x000001f7bffb48b0: ;   {runtime_call nmethod}
  0x000001f7bffb48b0: 0000 e9fb 

  0x000001f7bffb48b4: ;   {static_stub}
  0x000001f7bffb48b4: ffff ff48 | bb00 0000 | 0000 0000 

  0x000001f7bffb48c0: ;   {runtime_call nmethod}
  0x000001f7bffb48c0: 00e9 fbff 

  0x000001f7bffb48c4: ;   {static_stub}
  0x000001f7bffb48c4: ffff 48bb | 0000 0000 | 0000 0000 

  0x000001f7bffb48d0: ;   {runtime_call nmethod}
  0x000001f7bffb48d0: e9fb ffff 

  0x000001f7bffb48d4: ;   {static_stub}
  0x000001f7bffb48d4: ff48 bb00 | 0000 0000 

  0x000001f7bffb48dc: ;   {runtime_call nmethod}
  0x000001f7bffb48dc: 0000 00e9 | fbff ffff 
[Exception Handler]
  0x000001f7bffb48e4: ;   {runtime_call ExceptionBlob}
  0x000001f7bffb48e4: e9f7 5098 | ffe8 0000 | 0000 4883 

  0x000001f7bffb48f0: ;   {runtime_call DeoptimizationBlob}
  0x000001f7bffb48f0: 2c24 05e9 | 88fd 8bff 
[/MachCode]


Compiled method (c2) 34652 8015       4       java.net.URLClassLoader$1::run (5 bytes)
 total in heap  [0x000001f7bff63c08,0x000001f7bff69090] = 21640
 relocation     [0x000001f7bff63ce0,0x000001f7bff64100] = 1056
 main code      [0x000001f7bff64100,0x000001f7bff68b60] = 19040
 stub code      [0x000001f7bff68b60,0x000001f7bff68c88] = 296
 oops           [0x000001f7bff68c88,0x000001f7bff68cc8] = 64
 metadata       [0x000001f7bff68cc8,0x000001f7bff69090] = 968
 immutable data [0x000001f826dd7b30,0x000001f826dda058] = 9512
 dependencies   [0x000001f826dd7b30,0x000001f826dd7c48] = 280
 nul chk table  [0x000001f826dd7c48,0x000001f826dd7cf0] = 168
 handler table  [0x000001f826dd7cf0,0x000001f826dd8128] = 1080
 scopes pcs     [0x000001f826dd8128,0x000001f826dd89a8] = 2176
 scopes data    [0x000001f826dd89a8,0x000001f826dda058] = 5808

[Constant Pool (empty)]

[MachCode]
[Instructions begin]
  0x000001f7bff64100: 6690 448b | 5208 443b 

  0x000001f7bff64108: ;   {runtime_call ic_miss_stub}
  0x000001f7bff64108: 5008 0f85 | d0a3 90ff 
[Verified Entry Point]
  0x000001f7bff64110: 8984 2400 | 80ff ff55 | 4881 ecd0 | 0000 0090 | 4181 7f20 | 0900 0000 | 0f85 214a | 0000 4c8b 
  0x000001f7bff64130: f28b 5a0c 

  0x000001f7bff64134: ; implicit exception: dispatches to 0x000001f7bff67f85
  0x000001f7bff64134: 450f be5c | dc10 660f | 1f44 0000 | 4585 db0f | 854f 2e00 | 0041 8b4c | dc14 418b | 7ccc 0c4d 
  0x000001f7bff64154: 8d2c dc4d | 8b97 8803 | 0000 4d8b | 124c 8954 | 2458 85ff | 0f86 2404 | 0000 448b | c741 ffc8 
  0x000001f7bff64174: 443b c70f | 83df 2c00 | 008d 57fd | 498d 34cc | 4180 7ccc | 102e 0f84 | 3514 0000 | 83fa 010f 
  0x000001f7bff64194: 8ecf 0300 | 00bd 0100 | 0000 448b | d744 2bd5 | 4183 c2fd | 4533 c93b | d545 0f4c | d141 81fa 
  0x000001f7bff641b4: a00f 0000 | 41bb a00f | 0000 450f | 47d3 4403 | d5eb 0c66 | 0f1f 8400 | 0000 0000 | 418b e94c 
  0x000001f7bff641d4: 63cd 460f | be5c 0e10 | 0f1f 4000 | 4183 fb2e | 0f84 6500 | 0000 460f | be5c 0e11 | 4183 fb2e 
  0x000001f7bff641f4: 0f84 4e00 | 0000 460f | be5c 0e12 | 4183 fb2e | 0f84 4200 

  0x000001f7bff64208: ;   {no_reloc}
  0x000001f7bff64208: 0000 460f | be5c 0e13 | 4183 fb2e | 742f 448d | 4d04 660f | 1f44 0000 | 453b ca7c | ab4d 8b97 
  0x000001f7bff64228: 5004 0000 

  0x000001f7bff6422c: ; ImmutableOopMap {rcx=NarrowOop rbx=NarrowOop rsi=Oop r13=Oop r14=Oop [88]=Oop }
                      ;*if_icmpne {reexecute=1 rethrow=0 return_oop=0}
                      ; - (reexecute) java.lang.StringLatin1::replace@28 (line 408)
                      ; - java.lang.String::replace@18 (line 3024)
                      ; - java.net.URLClassLoader$1::run@8 (line 423)
                      ; - java.net.URLClassLoader$1::run@1 (line 421)
                      ;   {poll}
  0x000001f7bff6422c: 83c5 0341 | 8502 443b | ca0f 8d33 | 0300 0041 | 8be9 6690 | e959 ffff | ff83 c502 | ffc5 eb03 
  0x000001f7bff6424c: 83c5 023b | ef0f 8d3b | 0300 0066 | 0f1f 8400 | 0000 0000 | 81ff 0000 | 1000 0f87 | 9d21 0000 
  0x000001f7bff6426c: 4d8b 9fb8 | 0100 004c | 63d7 4983 | c217 4983 | e2f8 4d8b | cb4d 03ca | 4d3b 8fc8 | 0100 000f 
  0x000001f7bff6428c: 8378 2100 | 004d 898f | b801 0000 | 410f 0d89 | c000 0000 | 49c7 0301 | 0000 0041 | 0f0d 8900 
  0x000001f7bff642ac: ;   {metadata({type array byte})}
  0x000001f7bff642ac: 0100 0041 | c743 0818 | 5d16 0041 | 897b 0c41 | 0f0d 8940 | 0100 0041 | 0f0d 8980 | 0100 0085 
  0x000001f7bff642cc: ed0f 8ef1 | 0000 0044 | 8bcd 41ff | c90f 1f80 | 0000 0000 | 443b cf0f | 8345 2e00 | 0085 ff0f 
  0x000001f7bff642ec: 863d 2e00 | 0045 0fbe | 54cc 1045 | 8853 100f | 1f44 0000 | 4183 f901 | 0f8e 522e | 0000 41ba 
  0x000001f7bff6430c: d007 0000 | b801 0000 | 00c4 c179 | 6ec8 c5f9 | 6ec2 c4e1 | f96e d6c4 | c1f9 6edb | 448b dd44 
  0x000001f7bff6432c: 2bd8 41ff | cb45 33c0 | 443b c845 | 0f4c d841 | 81fb d007 | 0000 450f | 47da 4403 | d80f 1f80 
  0x000001f7bff6434c: 0000 0000 | 4863 f0c4 | c1f9 7ed0 | 450f be44 | 3010 c4e1 | f97e da44 | 8844 3210 | c4c1 f97e 
  0x000001f7bff6436c: d041 0fbe | 5430 11c4 | c1f9 7ed8 | 4188 5430 | 1183 c002 | 413b c37c | cb4d 8b9f 

  0x000001f7bff64388: ; ImmutableOopMap {r8=Oop rcx=NarrowOop rbx=NarrowOop r13=Oop r14=Oop xmm2=Oop xmm3=Oop [88]=Oop }
                      ;*goto {reexecute=1 rethrow=0 return_oop=0}
                      ; - (reexecute) java.lang.StringLatin1::replace@76 (line 415)
                      ; - java.lang.String::replace@18 (line 3024)
                      ; - java.net.URLClassLoader$1::run@8 (line 423)
                      ; - java.net.URLClassLoader$1::run@1 (line 421)
  0x000001f7bff64388: 5004 0000 

  0x000001f7bff6438c: ;   {poll}
  0x000001f7bff6438c: 4185 0341 | 3bc1 7c94 | c4c1 797e | c8c5 f97e | c2c4 e1f9 | 7ed6 c4c1 | f97e db3b | c57d 1990 
  0x000001f7bff643ac: 4c63 c846 | 0fbe 540e | 1047 8854 | 0b10 ffc0 | 0f1f 4000 | 3bc5 7ce8 | 3bef 0f8d | 4e01 0000 
  0x000001f7bff643cc: 3bef 0f83 | 962b 0000 | 443b c70f | 838d 2b00 | 0044 8bd5 | 41ff c24c | 63cd 460f | be44 0e10 
  0x000001f7bff643ec: 4183 f82e | 0f84 eb10 | 0000 4788 | 440b 1044 | 8bcd 41ff | c145 3bca | 7d05 418b | e9eb d844 
  0x000001f7bff6440c: 3bca 0f8d | e100 0000 | ffc5 e995 | 0000 0041 | b82f 0000 | 0045 8844 | 0b12 440f | be4c 0e13 
  0x000001f7bff6442c: 4183 f92e | 0f84 5200 | 0000 4588 | 4c0b 1383 | c504 6690 | 413b ea0f | 8d59 0000 | 0048 63cd 
  0x000001f7bff6444c: 440f be44 | 0e10 4183 | f82e 0f84 | 3400 0000 | 4588 440b | 1044 0fbe | 4c0e 1141 | 83f9 2e0f 
  0x000001f7bff6446c: 8427 0000 | 0045 884c | 0b11 440f | be44 0e12 | 0f1f 4000 | 4183 f82e | 759b eb93 

  0x000001f7bff64488: ;   {no_reloc}
  0x000001f7bff64488: 41b9 2f00 | 0000 eba6 | 41b8 2f00 | 0000 ebc4 | 41b9 2f00 | 0000 6690 | ebcf 4d8b | 9750 0400 
  0x000001f7bff644a8: ; ImmutableOopMap {r11=Oop rsi=Oop r13=Oop r14=Oop [88]=Oop }
                      ;*goto {reexecute=1 rethrow=0 return_oop=0}
                      ; - (reexecute) java.lang.StringLatin1::replace@113 (line 422)
                      ; - java.lang.String::replace@18 (line 3024)
                      ; - java.net.URLClassLoader$1::run@8 (line 423)
                      ; - java.net.URLClassLoader$1::run@1 (line 421)
                      ;   {poll}
  0x000001f7bff644a8: 0041 8502 | 3bea 7d48 | 448b d744 | 2bd5 4183 | c2fd 4533 | c03b d545 | 0f4c d041 | 81fa a00f 
  0x000001f7bff644c8: 0000 41b9 | a00f 0000 | 450f 47d1 | 4403 d5e9 | 6dff ffff | bd2e 6300 | 0066 4189 | 6c35 1041 
  0x000001f7bff644e8: c744 3512 | 6c61 7373 | e987 0100 | 0041 8be9 | 3bef 7d1e | 4c63 d546 | 0fbe 4c16 | 1041 83f9 
  0x000001f7bff64508: 2e0f 84a8 | 1000 0047 | 884c 1310 | ffc5 3bef | 7ce2 4d8b | 8fb8 0100 | 004d 8bd1 | 4983 c218 
  0x000001f7bff64528: 4d3b 97c8 | 0100 000f | 8343 1f00 | 004d 8997 | b801 0000 | 410f 0d8a | c000 0000 | 49c7 0101 
  0x000001f7bff64548: ;   {metadata('java/lang/String')}
  0x000001f7bff64548: 0000 0041 | c741 08d8 | 0d17 0045 | 8961 0c4d | 8961 104d | 8bc3 49c1 | e803 4589 | 4114 eb34 
  0x000001f7bff64568: 41b9 0100 | 0000 443b | cf7d 1f90 | 460f be54 | 0e10 660f | 1f44 0000 | 4183 fa2e | 0f84 1524 
  0x000001f7bff64588: 0000 41ff | c144 3bcf | 7ce2 4c8b | d949 c1e3 | 034d 8bcd | 418b 5b0c | 85db 0f86 | 440f 0000 
  0x000001f7bff645a8: 410f be41 | 10c4 e27a | f7cb 4863 | f183 f801 | 0f84 da2e | 0000 488d | 6e06 448b | c545 85c0 
  0x000001f7bff645c8: 0f8c 7e2e | 0000 4181 | f800 0010 | 000f 874a | 1d00 004d | 8baf b801 | 0000 458b | d04d 63d2 
  0x000001f7bff645e8: 4983 c217 | 4983 e2f8 | 498b fd49 | 03fa 6666 | 0f1f 8400 | 0000 0000 | 493b bfc8 | 0100 000f 
  0x000001f7bff64608: 8318 1d00 | 0049 89bf | b801 0000 | 0f0d 8fc0 | 0000 0049 | c745 0001 | 0000 000f | 0d8f 0001 
  0x000001f7bff64628: ;   {metadata({type array byte})}
  0x000001f7bff64628: 0000 41c7 | 4508 185d | 1600 4589 | 450c 0f0d | 8f40 0100 | 000f 0d8f | 8001 0000 | 8d69 0644 
  0x000001f7bff64648: 3bc5 0f82 | 8c28 0000 | 85c9 0f8e | 84fe ffff | 41c6 4435 | 1573 41c6 | 4435 1473 | 41c6 4435 
  0x000001f7bff64668: 1361 41c6 | 4435 126c | 41c6 4435 | 1163 41c6 | 4435 102e | 0f1f 4000 | 85c0 0f85 | e82d 0000 
  0x000001f7bff64688: 443b c30f | 8277 2800 | 0085 db76 | 2949 83c3 | 1049 8bd5 | 4883 c210 | 4c63 c349 | 8bcb c5f8 
  0x000001f7bff646a8: 7749 ba80 | 5585 bff7 | 0100 0041 

  0x000001f7bff646b4: ;   {other}
  0x000001f7bff646b4: ffd2 0f1f | 8400 0000 | 0000 498b | 87b8 0100 | 004c 8bd0 | 4983 c218 | 4d3b 97c8 | 0100 000f 
  0x000001f7bff646d4: 83bb 1c00 | 004d 8997 | b801 0000 | 410f 0d8a | c000 0000 | 48c7 0001 

  0x000001f7bff646ec: ;   {metadata('java/lang/String')}
  0x000001f7bff646ec: 0000 00c7 | 4008 d80d | 1700 4489 | 600c 4489 | 6010 4d8b | dd49 c1eb | 0344 8958 | 1445 8b56 
  0x000001f7bff6470c: 1047 8b5c | d454 4585 | db0f 8421 | 2700 004c | 8974 2430 | 4b8d 14dc | 4c8b c045 | 33c9 6690 
  0x000001f7bff6472c: ;   {optimized virtual_call}
  0x000001f7bff6472c: c5f8 77e8 

  0x000001f7bff64730: ; ImmutableOopMap {[48]=Oop [88]=Oop }
                      ;*invokevirtual getResource {reexecute=0 rethrow=0 return_oop=1}
                      ; - java.net.URLClassLoader$1::run@26 (line 424)
                      ; - java.net.URLClassLoader$1::run@1 (line 421)
  0x000001f7bff64730: 7cbc 0000 

  0x000001f7bff64734: ;   {other}
  0x000001f7bff64734: 0f1f 8400 | 2c0b 0003 | 4c8b e890 | 4885 c00f | 84c2 0100 | 004c 8b54 | 2430 458b | 5210 4489 
  0x000001f7bff64754: 9424 9000 | 0000 4c8b | 5424 3045 | 8b5a 0c44 | 899c 2494 | 0000 0044 | 8b9c 2490 | 0000 0045 
  0x000001f7bff64774: 85db 0f84 | 4428 0000 | c5f8 7749 | ba70 b677 | a7fd 7f00 | 0041 ffd2 

  0x000001f7bff6478c: ;   {other}
  0x000001f7bff6478c: 0f1f 8400 | 0000 0000 | 4889 4424 | 3844 8b94 | 2494 0000 | 0047 8b4c | d414 438b | 4ccc 0c45 
  0x000001f7bff647ac: 8bda 470f | be54 dc10 | c4e2 2af7 | d944 8bc3 | 41ff c890 | 4585 d20f | 85a7 2d00 | 0044 8bd9 
  0x000001f7bff647cc: 41ff cb45 | 3bd8 450f | 4fd8 448b | 9424 9400 | 0000 4f8d | 34d4 4b8d | 3ccc 4585 | db0f 8c3e 
  0x000001f7bff647ec: 1700 0085 | c90f 862d | 2800 0066 | 0f1f 8400 | 0000 0000 | 443b d90f | 831b 2800 | 0045 8bd3 
  0x000001f7bff6480c: 41ff ca45 | 33c0 4c89 | 4424 6846 | 0fbe 441f | 1066 6690 | 4183 f82e | 0f84 1601 | 0000 458b 
  0x000001f7bff6482c: c341 ffc8 | 453b c27e | 0545 8bd8 | ebdd 660f | 1f44 0000 | 4183 f802 | 0f8e 5a2b | 0000 41ff 
  0x000001f7bff6484c: cb45 8d43 | fe33 d241 | 83fb 0244 | 0f4c c241 | 81f8 a00f | 0000 baa0 | 0f00 0044 | 0f47 c245 
  0x000001f7bff6486c: 8bd3 452b | d049 63f3 | 440f be44 | 3710 660f | 1f44 0000 | 4183 f82e | 0f84 b600 

  0x000001f7bff64888: ;   {no_reloc}
  0x000001f7bff64888: 0000 440f | be44 370f | 4183 f82e | 0f84 9700 | 0000 0fbe | 5437 0e90 | 83fa 2e0f | 848d 0000 
  0x000001f7bff648a8: 0044 0fbe | 4437 0d41 | 83f8 2e0f | 8483 0000 | 0041 83c3 | fc66 6690 | 453b da7f | ac49 8b87 
  0x000001f7bff648c8: 5004 0000 

  0x000001f7bff648cc: ; ImmutableOopMap {r8=Oop r9=NarrowOop rdi=Oop r13=Oop r14=Oop [48]=Oop [88]=Oop [144]=NarrowOop [148]=NarrowOop }
                      ;*goto {reexecute=1 rethrow=0 return_oop=0}
                      ; - (reexecute) java.lang.StringLatin1::lastIndexOf@35 (line 395)
                      ; - java.lang.String::lastIndexOf@13 (line 2664)
                      ; - java.lang.String::lastIndexOf@8 (line 2626)
                      ; - java.net.URLClassLoader::defineClass@7 (line 486)
                      ; - java.net.URLClassLoader$1::run@43 (line 427)
                      ; - java.net.URLClassLoader$1::run@1 (line 421)
                      ;   {poll}
  0x000001f7bff648cc: 4d8b c585 | 0041 83fb | 020f 8f72 | ffff ff0f | 1f44 0000 | 4183 fbff | 0f8e 4b16 | 0000 6690 
  0x000001f7bff648ec: 460f be54 | 1f10 4183 | fa2e 0f84 | 4400 0000 | 41ff cb90 | 4183 fbff | 7fe6 e92a | 1600 0033 
  0x000001f7bff6490c: c0e9 b60b | 0000 4c8b | ac24 8000 | 0000 4c8b | 4424 6844 | 8b54 244c | 488b 5c24 | 2041 8bd3 
  0x000001f7bff6492c: e999 0600 | 0041 ffcb | eb0a 4183 | c3fe eb04 | 4183 c3fd | 458b 5508 

  0x000001f7bff64944: ;   {metadata('jdk/internal/loader/URLClassPath$JarLoader$2')}
  0x000001f7bff64944: 4181 fa88 | 022f 000f | 85ac 1100 | 004d 8bc5 | 458b 5020 

  0x000001f7bff64958: ; implicit exception: dispatches to 0x000001f7bff6805c
  0x000001f7bff64958: 438b 74d4 | 1c66 6690 | 4183 fbff | 0f84 3105 | 0000 448b | c341 ffc0 | 453b d80f | 83cb 2c00 
  0x000001f7bff64978: 000f 1f80 | 0000 0000 | 443b db0f | 84d0 0b00 | 0045 85db | 0f84 281c | 0000 498b | 9fb8 0100 
  0x000001f7bff64998: 004c 8bd3 | 4983 c218 | 4d3b 97c8 | 0100 000f | 839e 1b00 | 004d 8997 | b801 0000 | 410f 0d8a 
  0x000001f7bff649b8: c000 0000 | 48c7 0301 

  0x000001f7bff649c0: ;   {metadata('java/lang/String')}
  0x000001f7bff649c0: 0000 00c7 | 4308 d80d | 1700 4489 | 630c 4c89 | 6310 4b8d | 54cc 1066 | 0f1f 8400 | 0000 0000 
  0x000001f7bff649e0: 443b d90f | 856e 0100 | 004c 63d1 | 81f9 0000 | 1000 0f87 | c020 0000 | 4889 5424 | 7848 895c 
  0x000001f7bff64a00: 2470 8974 | 2454 488b | ef4c 8974 | 2460 448b | c144 894c | 2450 4889 | 4424 f88b | 8424 9400 
  0x000001f7bff64a20: 0000 8944 | 244c 488b | 4424 f848 | 8944 24f8 | 8b84 2490 | 0000 0089 | 4424 4848 | 8b44 24f8 
  0x000001f7bff64a40: 48ff 7424 | 6848 8f44 | 2440 4c89 | 6c24 2848 | ff74 2430 | 488f 4424 | 204d 8b9f | b801 0000 
  0x000001f7bff64a60: 4d8b cb4c | 8954 2430 | 4983 c217 | 4983 e2f8 | 4d03 da66 | 0f1f 8400 | 0000 0000 | 6666 6690 
  0x000001f7bff64a80: 4d3b 9fc8 | 0100 000f | 8391 2000 | 004d 899f | b801 0000 | 410f 0d8b | c000 0000 | 49c7 0101 
  0x000001f7bff64aa0: 0000 0041 | 0f0d 8b00 

  0x000001f7bff64aa8: ;   {metadata({type array byte})}
  0x000001f7bff64aa8: 0100 0041 | c741 0818 | 5d16 0041 | 8949 0c41 | 0f0d 8b40 | 0100 0041 | 0f0d 8b80 | 0100 0049 
  0x000001f7bff64ac8: 8bd1 4883 | c210 498b | d94c 8b54 | 2430 4983 | c207 49c1 | ea03 488b | 4c24 784d | 8bc2 c5f8 
  0x000001f7bff64ae8: 7749 ba20 | 5c85 bff7 | 0100 0041 

  0x000001f7bff64af4: ;   {other}
  0x000001f7bff64af4: ffd2 0f1f | 8400 0000 | 0000 4c8b | d348 ff74 | 2420 488f | 4424 304c | 8b6c 2428 | 48ff 7424 
  0x000001f7bff64b14: 4048 8f44 | 2468 4889 | 4424 f88b | 4424 4889 | 8424 9000 | 0000 488b | 4424 f848 | 8944 24f8 
  0x000001f7bff64b34: 8b44 244c | 8984 2494 | 0000 0048 | 8b44 24f8 | 4c8b 7424 | 608b 7424 | 5448 8b5c | 2470 e9d4 
  0x000001f7bff64b54: 0000 0041 | 3bcb 8be9 | 410f 4feb | 3bcd 0f82 | c129 0000 | 443b dd0f | 82b8 2900 | 0045 8bd3 
  0x000001f7bff64b74: 4d63 ca49 | 83c1 174d | 8bc1 4983 | e0f8 4181 | fb00 0010 | 000f 873a | 1a00 004d | 8b97 b801 
  0x000001f7bff64b94: 0000 498b | ca49 03c8 | 0f1f 4000 | 493b 8fc8 | 0100 000f | 831c 1a00 | 0049 898f | b801 0000 
  0x000001f7bff64bb4: 0f0d 89c0 | 0000 0049 | c702 0100 | 0000 0f0d | 8900 0100 

  0x000001f7bff64bc8: ;   {metadata({type array byte})}
  0x000001f7bff64bc8: 0041 c742 | 0818 5d16 | 0045 895a | 0c0f 0d89 | 4001 0000 | 0f0d 8980 | 0100 0049 | 8bfa 4883 
  0x000001f7bff64be8: c710 49c1 | e903 85ed | 0f84 ca28 | 0000 413b | eb0f 8c78 | 1500 0049 | 8bea 4983 | c0f0 49c1 
  0x000001f7bff64c08: e803 488b | ca48 8bd7 | c5f8 7749 | ba20 5c85 | bff7 0100 | 0041 ffd2 

  0x000001f7bff64c20: ;   {other}
  0x000001f7bff64c20: 0f1f 8400 | 0000 0000 | 4c8b d541 | 807f 3800 | 0f85 9a14 | 0000 4c8b | c34d 8bda | 49c1 eb03 
  0x000001f7bff64c40: 4489 5b14 | 4d33 d049 | c1ea 164d | 85d2 741a | 49c1 e809 | 48b9 0000 | d1cd f701 | 0000 4903 
  0x000001f7bff64c60: c880 3902 | 0f85 9d14 | 0000 4488 | 6310 4889 | 9c24 9800 | 0000 458b | 5d08 660f | 1f44 0000 
  0x000001f7bff64c80: ;   {metadata('jdk/internal/loader/URLClassPath$JarLoader$2')}
  0x000001f7bff64c80: 4181 fb88 | 022f 000f | 85d9 2400 | 004d 8bd5 

  0x000001f7bff64c90: ;   {oop(a 'java/lang/Class'{0x00000006006964c0} = 'jdk/internal/access/SharedSecrets')}
  0x000001f7bff64c90: 49bb c064 | 6900 0600 | 0000 458b | 8bd4 0000 | 0043 8b4c | cc08 418b | 5220 458b 

  0x000001f7bff64cac: ;   {metadata('java/util/jar/JavaUtilJarAccessImpl')}
  0x000001f7bff64cac: 5cd4 1881 | f990 383c | 000f 85d5 | 2400 000f | 1f44 0000 

  0x000001f7bff64cc0: ; implicit exception: dispatches to 0x000001f7bff680b0
  0x000001f7bff64cc0: 438b 6cdc | 084f 8d0c | dc48 8d9c | 24b0 0000 | 004d 8b01 | 418b 9f18 | 0600 0041 | f6c0 020f 
  0x000001f7bff64ce0: 8537 0000 | 0081 fb67 | 0600 000f | 8f4b 0000 | 004d 3b4c | 1ff8 7416 | 498b c048 | 83c8 0149 
  0x000001f7bff64d00: 83e0 fef0 | 4d0f b101 | 0f85 2e00 | 0000 4d89 | 0c1f 4183 | 8718 0600 | 0008 eb17 | 4833 c0f0 
  0x000001f7bff64d20: 4d0f b178 | 3e74 0c4c | 3bf8 7510 | 49ff 8086 | 0000 0049 | ff87 5005 | 0000 33c0 | 0f1f 4000 
  0x000001f7bff64d40: 0f85 7e24 | 0000 473b | 64dc 3475 | 0f47 0fb6 | 44dc 1245 | 85c0 0f85 | 9908 0000 | 0f1f 4000 
  0x000001f7bff64d60: 473b 64dc | 340f 85fc | 0a00 0048 | 8d84 24b0 | 0000 0049 | ff8f 5005 | 0000 418b | 8718 0600 
  0x000001f7bff64d80: 004d 8b19 | 4d3b 4c07 | f80f 852e | 0000 0041 | 83af 1806 | 0000 084d | 3b4c 07f0 | 0f84 4d00 
  0x000001f7bff64da0: 0000 498b | c348 83e0 | fc49 83cb 

  0x000001f7bff64dac: ;   {no_reloc}
  0x000001f7bff64dac: 01f0 4d0f | b119 0f85 | 503d 0000 | e932 0000 | 0049 83bb | 8600 0000 | 0075 1e49 | 8b83 9600 
  0x000001f7bff64dcc: 0000 490b | 838e 0000 | 000f 8541 | 3d00 0049 | c743 3e00 | 0000 00eb | 0a49 ff8b | 8600 0000 
  0x000001f7bff64dec: 4533 db0f | 85b0 2400 | 0045 8b42 | 2043 8b6c | c418 6690 

  0x000001f7bff64e00: ; implicit exception: dispatches to 0x000001f7bff68100
  0x000001f7bff64e00: 458b 5cec 

  0x000001f7bff64e04: ;   {metadata('java/util/jar/JarFile')}
  0x000001f7bff64e04: 0841 81fb | 2859 2700 | 0f85 da24 | 0000 4c89 | 5424 4889 | 7424 284c | 8974 2420 | 4c89 6c24 
  0x000001f7bff64e24: 4049 8d14 | ec66 6690 

  0x000001f7bff64e2c: ;   {optimized virtual_call}
  0x000001f7bff64e2c: c5f8 77e8 

  0x000001f7bff64e30: ; ImmutableOopMap {[32]=Oop [40]=NarrowOop [48]=Oop [64]=Oop [72]=Oop [88]=Oop [144]=NarrowOop [148]=NarrowOop [152]=Oop }
                      ;*invokevirtual getManifestFromReference {reexecute=0 rethrow=0 return_oop=1}
                      ; - java.util.jar.JarFile::getManifest@1 (line 405)
                      ; - jdk.internal.loader.URLClassPath$JarLoader$2::getManifest@22 (line 842)
                      ; - java.net.URLClassLoader::defineClass@34 (line 491)
                      ; - java.net.URLClassLoader$1::run@43 (line 427)
                      ; - java.net.URLClassLoader$1::run@1 (line 421)
  0x000001f7bff64e30: 3cb2 0b00 

  0x000001f7bff64e34: ;   {other}
  0x000001f7bff64e34: 0f1f 8400 | 2c12 0005 | 4889 4424 | 5044 8b54 | 2428 49c1 | e203 4c89 | 5424 6044 | 8b9c 2490 
  0x000001f7bff64e54: 0000 004f | 8d14 dc4c | 8954 2470 | 498b d24c | 8b84 2498 | 0000 004c | 8bc8 488b | 7c24 6090 
  0x000001f7bff64e74: ;   {optimized virtual_call}
  0x000001f7bff64e74: c5f8 77e8 

  0x000001f7bff64e78: ; ImmutableOopMap {[32]=Oop [40]=NarrowOop [48]=Oop [64]=Oop [72]=Oop [80]=Oop [88]=Oop [96]=Oop [112]=Oop [144]=NarrowOop [148]=NarrowOop [152]=Oop }
                      ;*invokevirtual getAndVerifyPackage {reexecute=0 rethrow=0 return_oop=1}
                      ; - java.net.URLClassLoader::defineClass@46 (line 492)
                      ; - java.net.URLClassLoader$1::run@43 (line 427)
                      ; - java.net.URLClassLoader$1::run@1 (line 421)
  0x000001f7bff64e78: 5497 0800 

  0x000001f7bff64e7c: ;   {other}
  0x000001f7bff64e7c: 0f1f 8400 | 7412 0006 | 4885 c00f | 84d9 0600 | 004c 8b6c | 2440 4c8b | 7424 208b | 7424 2889 
  0x000001f7bff64e9c: 7424 484c | 8974 2428 | 4c89 6c24 | 4049 8bd5 

  0x000001f7bff64eac: ;   {optimized virtual_call}
  0x000001f7bff64eac: c5f8 77e8 

  0x000001f7bff64eb0: ; ImmutableOopMap {[40]=Oop [48]=Oop [64]=Oop [72]=NarrowOop [88]=Oop [144]=NarrowOop [148]=NarrowOop }
                      ;*invokevirtual cachedInputStream {reexecute=0 rethrow=0 return_oop=1}
                      ; - jdk.internal.loader.Resource::getByteBuffer@1 (line 163)
                      ; - java.net.URLClassLoader::defineClass@132 (line 511)
                      ; - java.net.URLClassLoader$1::run@43 (line 427)
                      ; - java.net.URLClassLoader$1::run@1 (line 421)
  0x000001f7bff64eb0: 3ce7 0000 

  0x000001f7bff64eb4: ;   {other}
  0x000001f7bff64eb4: 0f1f 8400 | ac12 0007 | 4c8b d090 

  0x000001f7bff64ec0: ; implicit exception: dispatches to 0x000001f7bff68018
  0x000001f7bff64ec0: 448b 5808 

  0x000001f7bff64ec4: ;   {metadata('java/util/zip/ZipFile$ZipFileInflaterInputStream')}
  0x000001f7bff64ec4: 4181 fb80 | 5d3c 000f | 85a9 0700 | 004c 8b44 | 2440 458b | 5808 660f | 1f44 0000 

  0x000001f7bff64ee0: ;   {metadata('jdk/internal/loader/URLClassPath$JarLoader$2')}
  0x000001f7bff64ee0: 4181 fb88 | 022f 000f | 8558 0c00 | 004c 8944 | 2450 498b | d049 8be8 

  0x000001f7bff64ef8: ;   {optimized virtual_call}
  0x000001f7bff64ef8: c5f8 77e8 

  0x000001f7bff64efc: ; ImmutableOopMap {rbp=Oop [40]=Oop [48]=Oop [64]=Oop [72]=NarrowOop [80]=Oop [88]=Oop [144]=NarrowOop [148]=NarrowOop }
                      ;*invokevirtual cachedInputStream {reexecute=0 rethrow=0 return_oop=1}
                      ; - jdk.internal.loader.Resource::getBytes@1 (line 89)
                      ; - jdk.internal.loader.URLClassPath$JarLoader$2::getBytes@1 (line 851)
                      ; - java.net.URLClassLoader::defineClass@179 (line 519)
                      ; - java.net.URLClassLoader$1::run@43 (line 427)
                      ; - java.net.URLClassLoader$1::run@1 (line 421)
  0x000001f7bff64efc: f0e6 0000 

  0x000001f7bff64f00: ;   {other}
  0x000001f7bff64f00: 0f1f 8400 | f812 0008 | 4889 4424 | 604c 8b54 | 2458 410f | b66a 3a85 | ed0f 8559 | 2700 004c 
  0x000001f7bff64f20: 8b54 2450 | 458b 521c 

  0x000001f7bff64f28: ; implicit exception: dispatches to 0x000001f7bff68128
  0x000001f7bff64f28: 4f8b 54d4 | 204d 8b87 | b801 0000 | 4d8b d849 | 83c3 1045 | 8bd2 6690 | 4d3b 9fc8 | 0100 000f 
  0x000001f7bff64f48: 83d1 1500 | 004d 899f | b801 0000 | 410f 0d8b | c000 0000 | 49c7 0001 | 0000 0041 | 0f0d 8b00 
  0x000001f7bff64f68: ;   {metadata({type array byte})}
  0x000001f7bff64f68: 0100 0041 | c740 0818 | 5d16 0041 | 0f0d 8b40 | 0100 0045 | 8960 0c41 | 0f0d 8b80 | 0100 0041 
  0x000001f7bff64f88: 83fa ff0f | 841f 2700 | 0045 85d2 | 7f0f 49b9 | 0000 d1cd | f701 0000 | e9d9 0100 | 004c 8b5c 
  0x000001f7bff64fa8: 2460 458b 

  0x000001f7bff64fac: ;   {metadata('java/util/zip/ZipFile$ZipFileInflaterInputStream')}
  0x000001f7bff64fac: 4b08 4181 | f980 5d3c | 000f 8569 | 0900 0049 | 8bdb 49bd | 0000 d1cd | f701 0000 | 33d2 458b 
  0x000001f7bff64fcc: 580c 413b | d30f 8c0e | 0b00 0045 | 8bca 442b | ca41 8dbb | 0004 0000 | 443b cf44 | 0f4f cf45 
  0x000001f7bff64fec: 85c9 0f8c | 6c23 0000 | 498b c048 | 83c0 1041 | 8d0c 1190 | 413b cb0f | 843c 0f00 | 0044 3bd9 
  0x000001f7bff6500c: 418b eb0f | 4fe9 443b | dd0f 8265 | 1e00 000f | 1f44 0000 | 3bcd 0f82 | 611e 0000 | 8bf9 4c63 
  0x000001f7bff6502c: df49 83c3 | 1749 8bfb | 4883 e7f8 | 0f1f 8400 | 0000 0000 | 81f9 0000 | 1000 0f87 | f211 0000 
  0x000001f7bff6504c: 498b b7b8 | 0100 004c | 8bf6 4c03 | f70f 1f80 | 0000 0000 | 4d3b b7c8 | 0100 000f | 83d1 1100 
  0x000001f7bff6506c: 004d 89b7 | b801 0000 | 410f 0d8e | c000 0000 | 48c7 0601 | 0000 0041 | 0f0d 8e00 

  0x000001f7bff65088: ;   {metadata({type array byte})}
  0x000001f7bff65088: 0100 00c7 | 4608 185d | 1600 894e | 0c41 0f0d | 8e40 0100 | 0041 0f0d | 8e80 0100 | 004c 8bf6 
  0x000001f7bff650a8: 4983 c610 | 49c1 eb03 | 85ed 0f84 | 181d 0000 | 0f1f 8400 | 0000 0000 | 3be9 0f8c | 930d 0000 
  0x000001f7bff650c8: 4d8b de48 | 8974 2420 | 458b f18b | ea41 8bf2 | 4883 c7f0 | 48c1 ef03 | 4c8b c748 | 8bc8 498b 
  0x000001f7bff650e8: d3c5 f877 | 49ba 205c | 85bf f701 | 0000 41ff 

  0x000001f7bff650f8: ;   {other}
  0x000001f7bff650f8: d20f 1f84 | 0000 0000 | 0044 8bd6 | 8bd5 458b | ce48 8b74 | 2420 4889 | 7424 684c | 89ac 2480 
  0x000001f7bff65118: 0000 0041 | 8bf9 8954 | 2458 4889 | 5c24 2044 | 8954 244c | 488b d34c | 8b44 2468 | 448b 4c24 
  0x000001f7bff65138: 5866 6690 

  0x000001f7bff6513c: ;   {optimized virtual_call}
  0x000001f7bff6513c: c5f8 77e8 

  0x000001f7bff65140: ; ImmutableOopMap {[32]=Oop [40]=Oop [48]=Oop [64]=Oop [72]=NarrowOop [80]=Oop [96]=Oop [104]=Oop [144]=NarrowOop [148]=NarrowOop }
                      ;*invokevirtual read {reexecute=0 rethrow=0 return_oop=0}
                      ; - jdk.internal.loader.Resource::getBytes@117 (line 126)
                      ; - jdk.internal.loader.URLClassPath$JarLoader$2::getBytes@1 (line 851)
                      ; - java.net.URLClassLoader::defineClass@179 (line 519)
                      ; - java.net.URLClassLoader$1::run@43 (line 427)
                      ; - java.net.URLClassLoader$1::run@1 (line 421)
  0x000001f7bff65140: cc13 f5ff 

  0x000001f7bff65144: ;   {other}
  0x000001f7bff65144: 0f1f 8400 | 3c15 0009 | 85c0 0f8c | c821 0000 | 4d8b 9750 | 0400 0044 | 8b5c 2458 

  0x000001f7bff65160: ; ImmutableOopMap {[32]=Oop [40]=Oop [48]=Oop [64]=Oop [72]=NarrowOop [80]=Oop [96]=Oop [104]=Oop [144]=NarrowOop [148]=NarrowOop }
                      ;*goto {reexecute=1 rethrow=0 return_oop=0}
                      ; - (reexecute) jdk.internal.loader.Resource::getBytes@179 (line 142)
                      ; - jdk.internal.loader.URLClassPath$JarLoader$2::getBytes@1 (line 851)
                      ; - java.net.URLClassLoader::defineClass@179 (line 519)
                      ; - java.net.URLClassLoader$1::run@43 (line 427)
                      ; - java.net.URLClassLoader$1::run@1 (line 421)
                      ;   {poll}
  0x000001f7bff65160: 4403 d841 | 8502 443b | 5c24 4c0f | 8ca1 f7ff | ff4c 8b8c | 2480 0000 | 004c 8b44 | 2468 488b 
  0x000001f7bff65180: 5424 6044 

  0x000001f7bff65184: ;   {metadata('java/util/zip/ZipFile$ZipFileInflaterInputStream')}
  0x000001f7bff65184: 8b5a 0841 | 81fb 805d | 3c00 0f85 | 3804 0000 | 4c89 4424 | 604c 894c | 2458 6690 

  0x000001f7bff651a0: ;   {optimized virtual_call}
  0x000001f7bff651a0: c5f8 77e8 

  0x000001f7bff651a4: ; ImmutableOopMap {[40]=Oop [48]=Oop [64]=Oop [72]=NarrowOop [80]=Oop [96]=Oop [144]=NarrowOop [148]=NarrowOop }
                      ;*invokevirtual close {reexecute=0 rethrow=0 return_oop=0}
                      ; - jdk.internal.loader.Resource::getBytes@183 (line 145)
                      ; - jdk.internal.loader.URLClassPath$JarLoader$2::getBytes@1 (line 851)
                      ; - java.net.URLClassLoader::defineClass@179 (line 519)
                      ; - java.net.URLClassLoader$1::run@43 (line 427)
                      ; - java.net.URLClassLoader$1::run@1 (line 421)
  0x000001f7bff651a4: 483c 0100 

  0x000001f7bff651a8: ;   {other}
  0x000001f7bff651a8: 0f1f 8400 | a015 000b | 488b 5c24 | 6044 8b43 | 0c0f 1f80 | 0000 0000 | 4585 c00f | 862b 2500 
  0x000001f7bff651c8: 0041 8be8 | ffcd 413b | e80f 8379 | 1e00 0048 | 8b54 2460 | 4883 c210 | 33c9 c5f8 | 7749 baa0 
  0x000001f7bff651e8: 1282 bff7 | 0100 0041 

  0x000001f7bff651f0: ;   {other}
  0x000001f7bff651f0: ffd2 0f1f | 8400 0000 | 0000 4c8b | 5c24 5045 | 8b43 1c4f | 8b54 c418 | 448b c04d | 3bc2 0f85 
  0x000001f7bff65210: 2825 0000 | 48ff 7424 | 6048 8f44 | 2450 4c8b | 5424 4045 

  0x000001f7bff65224: ;   {metadata('jdk/internal/loader/URLClassPath$JarLoader$2')}
  0x000001f7bff65224: 8b42 0841 | 81f8 8802 | 2f00 0f85 | 130c 0000 | 498b d290 

  0x000001f7bff65238: ;   {optimized virtual_call}
  0x000001f7bff65238: c5f8 77e8 

  0x000001f7bff6523c: ; ImmutableOopMap {[40]=Oop [48]=Oop [64]=Oop [72]=NarrowOop [80]=Oop [144]=NarrowOop [148]=NarrowOop }
                      ;*invokevirtual getCodeSigners {reexecute=0 rethrow=0 return_oop=1}
                      ; - java.net.URLClassLoader::defineClass@185 (line 521)
                      ; - java.net.URLClassLoader$1::run@43 (line 427)
                      ; - java.net.URLClassLoader$1::run@1 (line 421)
  0x000001f7bff6523c: 7069 0400 

  0x000001f7bff65240: ;   {other}
  0x000001f7bff65240: 0f1f 8400 | 3816 000c | 488b e84c | 8b54 2440 | 498b 87b8 | 0100 004c | 8bd8 4983 | c328 6690 
  0x000001f7bff65260: 4d3b 9fc8 | 0100 000f | 8388 1200 | 004d 899f | b801 0000 | 410f 0d8b | c000 0000 | 48c7 0001 
  0x000001f7bff65280: ;   {metadata('java/security/CodeSource')}
  0x000001f7bff65280: 0000 00c7 | 4008 3082 | 1600 4489 | 600c 4c89 | 6010 4c89 | 6018 4c89 | 6020 448b | 5c24 4844 
  0x000001f7bff652a0: 8958 0c45 | 85db 0f84 | 1c23 0000 | 4889 4424 | 204c 8954 | 2440 4b8d | 14dc 6690 

  0x000001f7bff652bc: ;   {static_call}
  0x000001f7bff652bc: c5f8 77e8 

  0x000001f7bff652c0: ; ImmutableOopMap {rbp=Oop [32]=Oop [40]=Oop [48]=Oop [64]=Oop [80]=Oop [144]=NarrowOop [148]=NarrowOop }
                      ;*invokestatic urlNoFragString {reexecute=0 rethrow=0 return_oop=1}
                      ; - java.security.CodeSource::<init>@30 (line 123)
                      ; - java.net.URLClassLoader::defineClass@198 (line 522)
                      ; - java.net.URLClassLoader$1::run@43 (line 427)
                      ; - java.net.URLClassLoader$1::run@1 (line 421)
  0x000001f7bff652c0: 7c54 0000 

  0x000001f7bff652c4: ;   {other}
  0x000001f7bff652c4: 0f1f 8400 | bc16 000d | 488b d841 | 807f 3800 | 0f85 640d | 0000 4c8b | 6c24 204c | 8bd3 49c1 
  0x000001f7bff652e4: ea03 4589 | 5520 4c8b | d34d 8bdd | 4d33 d349 | c1ea 164d | 85d2 7423 | 0f1f 4000 | 4885 db74 
  0x000001f7bff65304: 1a49 c1eb | 0948 b900 | 00d1 cdf7 | 0100 0049 | 03cb 8039 | 020f 8560 | 0d00 0090 | 4885 ed0f 
  0x000001f7bff65324: 85fb 0300 | 00c5 f877 | 49ba 70b6 | 77a7 fd7f | 0000 41ff 

  0x000001f7bff65338: ;   {other}
  0x000001f7bff65338: d20f 1f84 | 0000 0000 | 004c 8bc0 | 4c2b 4424 

  0x000001f7bff65348: ;   {oop(a 'jdk/internal/perf/PerfCounter'{0x00000006006966a0})}
  0x000001f7bff65348: 3849 bba0 | 6669 0006 | 0000 0048 | 8d9c 24b0 | 0000 004d | 8b13 418b | 9f18 0600 | 0041 f6c2 
  0x000001f7bff65368: 020f 8537 | 0000 0081 | fb67 0600 | 000f 8f4b | 0000 004d | 3b5c 1ff8 | 7416 498b | c248 83c8 
  0x000001f7bff65388: 0149 83e2 | fef0 4d0f | b113 0f85 | 2e00 0000 | 4d89 1c1f | 4183 8718 | 0600 0008 | eb17 4833 
  0x000001f7bff653a8: c0f0 4d0f | b17a 3e74 | 0c4c 3bf8 | 7510 49ff | 8286 0000 | 0049 ff87 | 5005 0000 | 33c0 0f85 
  0x000001f7bff653c8: b41c 0000 

  0x000001f7bff653cc: ;   {oop(a 'jdk/internal/perf/PerfCounter'{0x00000006006966a0})}
  0x000001f7bff653cc: 49ba a066 | 6900 0600 | 0000 458b | 5a10 438b | 6cdc 2490 | 85ed 0f85 | 1822 0000 | 438b 6cdc 
  0x000001f7bff653ec: 1c85 ed0f | 8cc4 1c00 | 0085 ed0f | 84e3 1b00 | 004f 8b54 | dc10 4d01 

  0x000001f7bff65404: ;   {oop(a 'jdk/internal/perf/PerfCounter'{0x00000006006966a0})}
  0x000001f7bff65404: 0249 bba0 | 6669 0006 | 0000 0048 | 8d84 24b0 | 0000 0049 | ff8f 5005 | 0000 418b | 8718 0600 
  0x000001f7bff65424: 004d 8b13 | 4d3b 5c07 | f80f 852e | 0000 0041 | 83af 1806 | 0000 084d | 3b5c 07f0 | 0f84 4d00 
  0x000001f7bff65444: 0000 498b | c248 83e0 | fc49 83ca | 01f0 4d0f | b113 0f85 | 6536 0000 | e932 0000 | 0049 83ba 
  0x000001f7bff65464: 8600 0000 | 0075 1e49 | 8b82 9600 | 0000 490b | 828e 0000 | 000f 8556 | 3600 0049 | c742 3e00 
  0x000001f7bff65484: 0000 00eb | 0a49 ff8a | 8600 0000 | 4533 d20f | 8563 1c00 | 004c 8b4c | 2450 418b | 710c 448b 
  0x000001f7bff654a4: 9c24 9000 | 0000 4b8d | 14dc 4c8b | 4424 2833 | ff49 8bcd 

  0x000001f7bff654b8: ;   {optimized virtual_call}
  0x000001f7bff654b8: c5f8 77e8 

  0x000001f7bff654bc: ; ImmutableOopMap {[48]=Oop [64]=Oop }
                      ;*invokevirtual defineClass {reexecute=0 rethrow=0 return_oop=1}
                      ; - java.net.URLClassLoader::defineClass@220 (line 524)
                      ; - java.net.URLClassLoader$1::run@43 (line 427)
                      ; - java.net.URLClassLoader$1::run@1 (line 421)
  0x000001f7bff654bc: 709c 0400 

  0x000001f7bff654c0: ;   {other}
  0x000001f7bff654c0: 0f1f 8400 | b818 000e | c5f8 7748 | 81c4 d000 

  0x000001f7bff654d0: ;   {poll_return}
  0x000001f7bff654d0: 0000 5d49 | 3ba7 4804 | 0000 0f87 | cb35 0000 | c341 b82f | 0000 00e9 | 0aef ffff | 498b 87b8 
  0x000001f7bff654f0: 0100 004c | 8bd0 4983 | c218 660f | 1f44 0000 | 4d3b 97c8 | 0100 000f | 8383 1500 | 004d 8997 
  0x000001f7bff65510: b801 0000 | 410f 0d8a | c000 0000 | 48c7 0001 

  0x000001f7bff65520: ;   {metadata('java/lang/String')}
  0x000001f7bff65520: 0000 00c7 | 4008 d80d | 1700 4489 | 600c 4489 

  0x000001f7bff65530: ;   {oop([B{0x00000006007d4f30})}
  0x000001f7bff65530: 6010 c740 | 14e6 a90f 

  0x000001f7bff65538: ;   {oop(".class"{0x00000006007d4f18})}
  0x000001f7bff65538: c049 ba18 | 4f7d 0006 | 0000 0045 | 8b5a 0c44 | 8958 0c45 | 0fb6 5a11 | 4488 5811 | e9b0 f1ff 
  0x000001f7bff65558: ff4c 89b4 | 2498 0000 | 00e9 10f7 

  0x000001f7bff65564: ;   {metadata('java/lang/IllegalArgumentException')}
  0x000001f7bff65564: ffff 48bd | d817 1bdd | f701 0000 | 4c8b 5424 | 504d 85d2 | 0f84 470e | 0000 488b | 5424 704c 
  0x000001f7bff65584: 8b84 2498 | 0000 004d | 8bca 488b | 7c24 6090 

  0x000001f7bff65594: ;   {optimized virtual_call}
  0x000001f7bff65594: c5f8 77e8 

  0x000001f7bff65598: ; ImmutableOopMap {[32]=Oop [40]=NarrowOop [48]=Oop [64]=Oop [72]=Oop [80]=Oop [88]=Oop [144]=NarrowOop [148]=NarrowOop [152]=Oop }
                      ;*invokevirtual definePackage {reexecute=0 rethrow=0 return_oop=1}
                      ; - java.net.URLClassLoader::defineClass@64 (line 495)
                      ; - java.net.URLClassLoader$1::run@43 (line 427)
                      ; - java.net.URLClassLoader$1::run@1 (line 421)
  0x000001f7bff65598: a49f dfef 

  0x000001f7bff6559c: ;   {other}
  0x000001f7bff6559c: 0f1f 8400 | 9419 000f | 4c8b 6c24 | 404c 8b74 | 2420 8b74 | 2428 e9e4 | f8ff ff41 | b92f 0000 
  0x000001f7bff655bc: 0066 6690 | e94a efff | ff33 ede9 | 83ec ffff | 4c89 4424 | 604c 894c | 2458 c5f8 | 7748 b8d0 
  0x000001f7bff655dc: 3cc8 26f8 

  0x000001f7bff655e0: ;   {virtual_call}
  0x000001f7bff655e0: 0100 00e8 

  0x000001f7bff655e4: ; ImmutableOopMap {[40]=Oop [48]=Oop [64]=Oop [72]=NarrowOop [80]=Oop [96]=Oop [144]=NarrowOop [148]=NarrowOop }
                      ;*invokevirtual close {reexecute=0 rethrow=0 return_oop=0}
                      ; - jdk.internal.loader.Resource::getBytes@183 (line 145)
                      ; - jdk.internal.loader.URLClassPath$JarLoader$2::getBytes@1 (line 851)
                      ; - java.net.URLClassLoader::defineClass@179 (line 519)
                      ; - java.net.URLClassLoader$1::run@43 (line 427)
                      ; - java.net.URLClassLoader$1::run@1 (line 421)
  0x000001f7bff655e4: f894 90ff 

  0x000001f7bff655e8: ;   {other}
  0x000001f7bff655e8: 0f1f 8400 | e019 0010 | e9bb fbff | ff4c 894c | 2470 4489 | 5c24 544c | 8954 2460 | 8974 2450 
  0x000001f7bff65608: 4c89 7424 | 4848 ff74 | 2468 488f | 4424 204c | 896c 2440 | 498b d141 | b801 0000 | 0066 6690 
  0x000001f7bff65628: ;   {optimized virtual_call}
  0x000001f7bff65628: c5f8 77e8 

  0x000001f7bff6562c: ; ImmutableOopMap {[48]=Oop [64]=Oop [72]=Oop [80]=NarrowOop [84]=NarrowOop [88]=Oop [96]=Oop [112]=Oop [144]=NarrowOop [148]=NarrowOop [152]=Oop }
                      ;*invokevirtual getManifestName {reexecute=0 rethrow=0 return_oop=1}
                      ; - java.util.zip.ZipFile$1::getManifestName@2 (line 1149)
                      ; - java.util.jar.JarFile::maybeInstantiateVerifier@20 (line 721)
                      ; - java.util.jar.JarFile::ensureInitialization@1 (line 1063)
                      ; - java.util.jar.JavaUtilJarAccessImpl::ensureInitialization@1 (line 42)
                      ; - jdk.internal.loader.URLClassPath$JarLoader$2::getManifest@10 (line 841)
                      ; - java.net.URLClassLoader::defineClass@34 (line 491)
                      ; - java.net.URLClassLoader$1::run@43 (line 427)
                      ; - java.net.URLClassLoader$1::run@1 (line 421)
  0x000001f7bff6562c: d017 d4ef 

  0x000001f7bff65630: ;   {other}
  0x000001f7bff65630: 0f1f 8400 | 281a 0011 | 0f1f 8400 | 0000 0000 | 4885 c00f | 858a 0c00 | 0044 8b5c | 2454 4788 
  0x000001f7bff65650: 64dc 124c | 8b6c 2440 | 48ff 7424 | 2048 8f44 | 2468 4c8b | 7424 488b | 7424 504c | 8b54 2460 
  0x000001f7bff65670: 4c8b 4c24 | 70e9 e2f6 | ffff 660f | 1f44 0000 

  0x000001f7bff65680: ;   {metadata('java/util/jar/JarVerifier$VerifierStream')}
  0x000001f7bff65680: 4181 fb38 | e31e 010f | 8444 f8ff 

  0x000001f7bff6568c: ;   {metadata('sun/nio/ByteBuffered')}
  0x000001f7bff6568c: ff48 b838 | 3a40 ddf7 | 0100 0048 | be00 0000 | ddf7 0100 | 0049 03f3 | 4c8b 5e20 | 4c3b d874 
  0x000001f7bff656ac: 4448 33ff | 4c8b 9ea0 | 0000 0049 | 8bd3 48c1 | e230 0f89 | 2100 0000 | f348 0fb8 | d248 8b5e 
  0x000001f7bff656cc: 2848 3b04 | d374 1549 | 0fba e310 | 730b 49c1 

  0x000001f7bff656dc: ;   {runtime_call StubRoutines (compiler stubs)}
  0x000001f7bff656dc: cb0f e834 | b993 ffeb | 0348 ffc7 | 4885 ff0f | 85e0 f7ff | ffba 45ff | ffff 488b | 6c24 304c 
  0x000001f7bff656fc: 8b5c 2440 | 4c89 5c24 | 2044 8b5c | 2448 4489 | 5c24 404c | 8954 2448 

  0x000001f7bff65714: ;   {runtime_call UncommonTrapBlob}
  0x000001f7bff65714: c5f8 77e8 

  0x000001f7bff65718: ; ImmutableOopMap {rbp=Oop [32]=Oop [64]=NarrowOop [72]=Oop [144]=NarrowOop [148]=NarrowOop }
                      ;*ifeq {reexecute=1 rethrow=0 return_oop=0}
                      ; - (reexecute) jdk.internal.loader.Resource::getByteBuffer@9 (line 164)
                      ; - java.net.URLClassLoader::defineClass@132 (line 511)
                      ; - java.net.URLClassLoader$1::run@43 (line 427)
                      ; - java.net.URLClassLoader$1::run@1 (line 421)
  0x000001f7bff65718: 44ec 90ff 

  0x000001f7bff6571c: ;   {other}
  0x000001f7bff6571c: 0f1f 8400 | 141b 0012 | 448b 4d0c | 4d63 c149 | c1e0 0241 | 81f9 0000 | 0400 0f87 | f417 0000 
  0x000001f7bff6573c: 498b 9fb8 | 0100 004d | 8d50 1749 | 83e2 f84c | 8bdb 4d03 | da4d 3b9f | c801 0000 | 0f83 d217 
  0x000001f7bff6575c: 0000 4d89 | 9fb8 0100 | 0041 0f0d | 8bc0 0000 | 0048 c703 | 0100 0000 | 410f 0d8b | 0001 0000 
  0x000001f7bff6577c: ;   {metadata('java/security/CodeSigner'[])}
  0x000001f7bff6577c: c743 0848 | cc1e 0144 | 894b 0c41 | 0f0d 8b40 | 0100 0041 | 0f0d 8b80 | 0100 0048 | 8bcd 4883 
  0x000001f7bff6579c: c110 488b | d348 83c2 | 1049 83c0 | 0749 c1e8 | 03c5 f877 | 49ba 205c | 85bf f701 | 0000 41ff 
  0x000001f7bff657bc: ;   {other}
  0x000001f7bff657bc: d20f 1f84 | 0000 0000 | 0041 807f | 3800 0f85 | 7513 0000 | 4c8b d349 | c1ea 0345 | 8955 104d 
  0x000001f7bff657dc: 8bd5 4c8b | db4d 33da | 49c1 eb16 | 4d85 db0f | 8438 fbff | ff49 c1ea | 094c 8b44 | 2458 4d03 
  0x000001f7bff657fc: c266 6690 | 4180 3802 | 0f84 1ffb | ffff 4d8b | 5748 4d8b | 5f40 f083 | 4424 c000 | 0f1f 8400 
  0x000001f7bff6581c: 0000 0000 | 4180 3800 | 0f84 fffa | ffff 4588 | 204d 85db | 7523 498b | c849 8bd7 | c5f8 7749 
  0x000001f7bff6583c: bac0 073c | a7fd 7f00 | 0041 ffd2 

  0x000001f7bff65848: ;   {other}
  0x000001f7bff65848: 0f1f 8400 | 0000 0000 | e9d4 faff | ff4f 8944 | 1af8 4983 | c3f8 4d89 | 5f40 e9c2 | faff ff47 
  0x000001f7bff65868: 0fb6 44dc | 1145 85c0 | 0f85 f5f4 | ffff 4c89 | 4c24 7044 | 895c 244c | 4c89 5424 | 5089 7424 
  0x000001f7bff65888: 484c 8974 | 2428 488b | 6c24 684c | 896c 2440 

  0x000001f7bff65898: ;   {static_call}
  0x000001f7bff65898: c5f8 77e8 

  0x000001f7bff6589c: ; ImmutableOopMap {[40]=Oop [48]=Oop [64]=Oop [72]=NarrowOop [76]=NarrowOop [80]=Oop [88]=Oop [112]=Oop [144]=NarrowOop [148]=NarrowOop [152]=Oop }
                      ;*invokestatic beginInit {reexecute=0 rethrow=0 return_oop=1}
                      ; - java.util.jar.JarFile::ensureInitialization@31 (line 1068)
                      ; - java.util.jar.JavaUtilJarAccessImpl::ensureInitialization@1 (line 42)
                      ; - jdk.internal.loader.URLClassPath$JarLoader$2::getManifest@10 (line 841)
                      ; - java.net.URLClassLoader::defineClass@34 (line 491)
                      ; - java.net.URLClassLoader$1::run@43 (line 427)
                      ; - java.net.URLClassLoader$1::run@1 (line 421)
  0x000001f7bff6589c: 4095 90ff 

  0x000001f7bff658a0: ;   {other}
  0x000001f7bff658a0: 0f1f 8400 | 981c 0013 | 4889 4424 | 6048 8b54 | 2470 6690 

  0x000001f7bff658b4: ;   {optimized virtual_call}
  0x000001f7bff658b4: c5f8 77e8 

  0x000001f7bff658b8: ; ImmutableOopMap {[40]=Oop [48]=Oop [64]=Oop [72]=NarrowOop [76]=NarrowOop [80]=Oop [88]=Oop [96]=Oop [112]=Oop [144]=NarrowOop [148]=NarrowOop [152]=Oop }
                      ;*invokevirtual initializeVerifier {reexecute=0 rethrow=0 return_oop=0}
                      ; - java.util.jar.JarFile::ensureInitialization@36 (line 1070)
                      ; - java.util.jar.JavaUtilJarAccessImpl::ensureInitialization@1 (line 42)
                      ; - jdk.internal.loader.URLClassPath$JarLoader$2::getManifest@10 (line 841)
                      ; - java.net.URLClassLoader::defineClass@34 (line 491)
                      ; - java.net.URLClassLoader$1::run@43 (line 427)
                      ; - java.net.URLClassLoader$1::run@1 (line 421)
  0x000001f7bff658b8: 248f 90ff 

  0x000001f7bff658bc: ;   {other}
  0x000001f7bff658bc: 0f1f 8400 | b41c 0014 | 448b 5c24 | 4c43 c644 | dc11 0148 | 8b54 2460 

  0x000001f7bff658d4: ;   {static_call}
  0x000001f7bff658d4: c5f8 77e8 

  0x000001f7bff658d8: ; ImmutableOopMap {[40]=Oop [48]=Oop [64]=Oop [72]=NarrowOop [80]=Oop [88]=Oop [112]=Oop [144]=NarrowOop [148]=NarrowOop [152]=Oop }
                      ;*invokestatic endInit {reexecute=0 rethrow=0 return_oop=0}
                      ; - java.util.jar.JarFile::ensureInitialization@45 (line 1073)
                      ; - java.util.jar.JavaUtilJarAccessImpl::ensureInitialization@1 (line 42)
                      ; - jdk.internal.loader.URLClassPath$JarLoader$2::getManifest@10 (line 841)
                      ; - java.net.URLClassLoader::defineClass@34 (line 491)
                      ; - java.net.URLClassLoader$1::run@43 (line 427)
                      ; - java.net.URLClassLoader$1::run@1 (line 421)
  0x000001f7bff658d8: 0495 90ff 

  0x000001f7bff658dc: ;   {other}
  0x000001f7bff658dc: 0f1f 8400 | d41c 0015 | 4c8b 6c24 | 4048 896c | 2468 4c8b | 7424 288b | 7424 484c | 8b54 2450 
  0x000001f7bff658fc: 4c8b 4c24 | 70e9 65f4 | ffff 6666 | 0f1f 8400 | 0000 0000 | 488b 9c24 | 8000 0000 | 4c8b 4424 
  0x000001f7bff6591c: 7844 8b54 | 244c eb0d | 48bb 0000 | d1cd f701 | 0000 4533 | db41 8b50 | 0c44 3bda | 0f8c 740b 
  0x000001f7bff6593c: 0000 458b | ca45 2bcb | 8dba 0004 | 0000 443b | cf44 0f4f | cf45 85c9 | 0f8c 3121 | 0000 498b 
  0x000001f7bff6595c: f848 83c7 | 1043 8d0c | 0b3b ca0f | 843a 1000 | 003b d18b | ea0f 4fe9 | 3bd5 0f82 | ed20 0000 
  0x000001f7bff6597c: 0f1f 4000 | 3bcd 0f82 | e920 0000 | 8bf1 4863 | d648 83c2 | 1748 8bc2 | 4883 e0f8 | 0f1f 8400 
  0x000001f7bff6599c: 0000 0000 | 81f9 0000 | 1000 0f87 | 9a13 0000 | 498b b7b8 | 0100 004c | 8bee 4c03 | e80f 1f80 
  0x000001f7bff659bc: 0000 0000 | 4d3b afc8 | 0100 000f | 8379 1300 | 004d 89af | b801 0000 | 410f 0d8d 

  0x000001f7bff659d8: ;   {no_reloc}
  0x000001f7bff659d8: c000 0000 | 48c7 0601 | 0000 0041 | 0f0d 8d00 

  0x000001f7bff659e8: ;   {metadata({type array byte})}
  0x000001f7bff659e8: 0100 00c7 | 4608 185d | 1600 894e | 0c41 0f0d | 8d40 0100 | 0041 0f0d | 8d80 0100 | 004c 8bc6 
  0x000001f7bff65a08: 4983 c010 | 48c1 ea03 | 85ed 0f84 | e51f 0000 | 0f1f 8400 | 0000 0000 | 3be9 0f8c | 920e 0000 
  0x000001f7bff65a28: 498b d048 | 8974 2420 | 4c8b c745 | 8beb 458b | f141 8bea | 4883 c0f0 | 48c1 e803 | 498b c84c 
  0x000001f7bff65a48: 8bc0 c5f8 | 7749 ba20 | 5c85 bff7 | 0100 0041 

  0x000001f7bff65a58: ;   {other}
  0x000001f7bff65a58: ffd2 0f1f | 8400 0000 | 0000 448b | d545 8bce | 458b dd48 | 8b74 2420 | 4889 7424 | 7848 899c 
  0x000001f7bff65a78: 2480 0000 | 0041 8beb | 458b d944 | 8954 244c | 488b 5424 | 604c 8b44 | 2478 448b | cd41 8bfb 
  0x000001f7bff65a98: 6690 c5f8 | 7748 b8f8 | 3cc8 26f8 

  0x000001f7bff65aa4: ;   {virtual_call}
  0x000001f7bff65aa4: 0100 00e8 

  0x000001f7bff65aa8: ; ImmutableOopMap {[40]=Oop [48]=Oop [64]=Oop [72]=NarrowOop [80]=Oop [96]=Oop [120]=Oop [144]=NarrowOop [148]=NarrowOop }
                      ;*invokevirtual read {reexecute=0 rethrow=0 return_oop=0}
                      ; - jdk.internal.loader.Resource::getBytes@117 (line 126)
                      ; - jdk.internal.loader.URLClassPath$JarLoader$2::getBytes@1 (line 851)
                      ; - java.net.URLClassLoader::defineClass@179 (line 519)
                      ; - java.net.URLClassLoader$1::run@43 (line 427)
                      ; - java.net.URLClassLoader$1::run@1 (line 421)
  0x000001f7bff65aa8: 3490 90ff 

  0x000001f7bff65aac: ;   {other}
  0x000001f7bff65aac: 0f1f 8400 | a41e 0016 | 85c0 0f8c | bd1f 0000 | 4d8b 9750 | 0400 0044 

  0x000001f7bff65ac4: ; ImmutableOopMap {[40]=Oop [48]=Oop [64]=Oop [72]=NarrowOop [80]=Oop [96]=Oop [120]=Oop [144]=NarrowOop [148]=NarrowOop }
                      ;*goto {reexecute=1 rethrow=0 return_oop=0}
                      ; - (reexecute) jdk.internal.loader.Resource::getBytes@179 (line 142)
                      ; - jdk.internal.loader.URLClassPath$JarLoader$2::getBytes@1 (line 851)
                      ; - java.net.URLClassLoader::defineClass@179 (line 519)
                      ; - java.net.URLClassLoader$1::run@43 (line 427)
                      ; - java.net.URLClassLoader$1::run@1 (line 421)
                      ;   {poll}
  0x000001f7bff65ac4: 8d1c 2841 | 8502 443b | 5c24 4c0f | 8c3b feff | ff4c 8b54 | 2478 4c89 | 5424 6890 | e98c f6ff 
  0x000001f7bff65ae4: ff45 8bcb | 442b ca4c | 8944 2468 | 4c89 ac24 | 8000 0000 | e91e f6ff | ff66 6690 

  0x000001f7bff65b00: ;   {metadata('jdk/internal/loader/URLClassPath$FileLoader$1')}
  0x000001f7bff65b00: 4181 fa98 | 2a1f 010f | 851b 2100 | 004d 8bc5 | 458b 501c 

  0x000001f7bff65b14: ; implicit exception: dispatches to 0x000001f7bff68240
  0x000001f7bff65b14: 438b 74d4 | 0ce9 3fee | ffff 6690 | 458b cb4c | 8b6c 2478 | c5fb 1054 | 2460 4c8b | 4424 6844 
  0x000001f7bff65b34: 8b54 244c | 4c8b dd41 | 8bf1 6690 | e914 0100 

  0x000001f7bff65b44: ;   {metadata('jdk/internal/loader/URLClassPath$FileLoader$1')}
  0x000001f7bff65b44: 0041 81fb | 982a 1f01 | 0f85 0221 | 0000 4d8b | d04c 8954 | 2450 498b | d266 6690 

  0x000001f7bff65b60: ;   {optimized virtual_call}
  0x000001f7bff65b60: c5f8 77e8 

  0x000001f7bff65b64: ; ImmutableOopMap {[40]=Oop [48]=Oop [64]=Oop [72]=NarrowOop [80]=Oop [88]=Oop [144]=NarrowOop [148]=NarrowOop }
                      ;*invokevirtual cachedInputStream {reexecute=0 rethrow=0 return_oop=1}
                      ; - jdk.internal.loader.Resource::getBytes@1 (line 89)
                      ; - java.net.URLClassLoader::defineClass@179 (line 519)
                      ; - java.net.URLClassLoader$1::run@43 (line 427)
                      ; - java.net.URLClassLoader$1::run@1 (line 421)
  0x000001f7bff65b64: 788c 90ff 

  0x000001f7bff65b68: ;   {other}
  0x000001f7bff65b68: 0f1f 8400 | 601f 0018 | 4889 4424 | 604c 8b5c | 2458 410f | b66b 3a90 | 85ed 0f85 | fd21 0000 
  0x000001f7bff65b88: 4c8b 5c24 | 5045 8b53 | 1845 85d2 | 0f84 5a20 | 0000 4b8d | 14d4 6690 

  0x000001f7bff65ba0: ;   {optimized virtual_call}
  0x000001f7bff65ba0: c5f8 77e8 

  0x000001f7bff65ba4: ; ImmutableOopMap {[40]=Oop [48]=Oop [64]=Oop [72]=NarrowOop [80]=Oop [96]=Oop [144]=NarrowOop [148]=NarrowOop }
                      ;*invokevirtual length {reexecute=0 rethrow=0 return_oop=0}
                      ; - jdk.internal.loader.URLClassPath$FileLoader$1::getContentLength@4 (line 1083)
                      ; - jdk.internal.loader.Resource::getBytes@10 (line 100)
                      ; - java.net.URLClassLoader::defineClass@179 (line 519)
                      ; - java.net.URLClassLoader$1::run@43 (line 427)
                      ; - java.net.URLClassLoader$1::run@1 (line 421)
  0x000001f7bff65ba4: 388c 90ff 

  0x000001f7bff65ba8: ;   {other}
  0x000001f7bff65ba8: 0f1f 8400 | a01f 0019 | 4d8b 87b8 | 0100 004d | 8bd8 4983 | c310 448b | d04d 3b9f | c801 0000 
  0x000001f7bff65bc8: 0f83 aa1b | 0000 4d89 | 9fb8 0100 | 0041 0f0d | 8bc0 0000 | 0049 c700 | 0100 0000 | 410f 0d8b 
  0x000001f7bff65be8: 0001 0000 

  0x000001f7bff65bec: ;   {metadata({type array byte})}
  0x000001f7bff65bec: 41c7 4008 | 185d 1600 | 410f 0d8b | 4001 0000 | 4589 600c | 410f 0d8b | 8001 0000 | 4183 faff 
  0x000001f7bff65c0c: 0f84 a621 | 0000 4585 | d27f 144c | 8944 2420 | 49b8 0000 | d1cd f701 | 0000 e9dd | 0100 00c5 
  0x000001f7bff65c2c: fb10 5424 | 60c4 c1f9 | 7ed3 458b | 4b08 660f | 1f44 0000 

  0x000001f7bff65c40: ;   {metadata('java/util/zip/ZipFile$ZipFileInflaterInputStream')}
  0x000001f7bff65c40: 4181 f980 | 5d3c 000f | 858d 0a00 | 0049 bd00 | 00d1 cdf7 | 0100 0033 | f645 8b48 | 0c66 6690 
  0x000001f7bff65c60: 413b f10f | 8c1c 0d00 | 0041 8bda | 2bde 418d | b900 0400 | 003b df0f | 4fdf 660f | 1f44 0000 
  0x000001f7bff65c80: 85db 0f8c | 6420 0000 | 8d0c 3349 | 8bc0 4883 | c010 413b | c90f 84c0 | 0f00 0044 | 3bc9 418b 
  0x000001f7bff65ca0: e90f 4fe9 | 443b cd0f | 82e7 1e00 | 003b cd0f | 82ed 1e00 | 008b f94c | 63cf 4983 | c117 4d8b 
  0x000001f7bff65cc0: f149 83e6 | f881 f900 | 0010 000f | 87db 1600 | 0049 8b97 | b801 0000 | 488b fa49 | 03fe 6690 
  0x000001f7bff65ce0: 493b bfc8 | 0100 000f | 83bf 1600 | 0049 89bf | b801 0000 | 0f0d 8fc0 | 0000 0048 | c702 0100 
  0x000001f7bff65d00: 0000 0f0d | 8f00 0100 

  0x000001f7bff65d08: ;   {metadata({type array byte})}
  0x000001f7bff65d08: 00c7 4208 | 185d 1600 | 894a 0c0f | 0d8f 4001 | 0000 0f0d | 8f80 0100 | 004c 8bc2 | 4983 c010 
  0x000001f7bff65d28: 49c1 e903 | 85ed 0f84 | f41d 0000 | 3be9 0f8c | 430e 0000 | 4d8b c848 | 8954 2458 | 895c 2424 
  0x000001f7bff65d48: 8974 2420 | 498b eb41 | 8bf2 c4e1 | f97e d749 | 83c6 f049 | c1ee 0348 | 8bc8 498b | d14d 8bc6 
  0x000001f7bff65d68: c5f8 7749 | ba20 5c85 | bff7 0100 | 0041 ffd2 

  0x000001f7bff65d78: ;   {other}
  0x000001f7bff65d78: 0f1f 8400 | 0000 0000 | c4e1 f96e | d744 8bd6 | 4c8b dd8b | 7424 208b | 5c24 2448 | 8b54 2458 
  0x000001f7bff65d98: 4889 5424 | 684c 896c | 2478 c5fb | 1154 2460 | 8974 2420 | 498b eb44 | 8954 244c | 498b d34c 
  0x000001f7bff65db8: 8b44 2468 | 448b ce8b | fb66 6690 

  0x000001f7bff65dc4: ;   {optimized virtual_call}
  0x000001f7bff65dc4: c5f8 77e8 

  0x000001f7bff65dc8: ; ImmutableOopMap {rbp=Oop [40]=Oop [48]=Oop [64]=Oop [72]=NarrowOop [80]=Oop [96]=Oop [104]=Oop [144]=NarrowOop [148]=NarrowOop }
                      ;*invokevirtual read {reexecute=0 rethrow=0 return_oop=0}
                      ; - jdk.internal.loader.Resource::getBytes@117 (line 126)
                      ; - java.net.URLClassLoader::defineClass@179 (line 519)
                      ; - java.net.URLClassLoader$1::run@43 (line 427)
                      ; - java.net.URLClassLoader$1::run@1 (line 421)
  0x000001f7bff65dc8: 148a 90ff 

  0x000001f7bff65dcc: ;   {other}
  0x000001f7bff65dcc: 0f1f 8400 | c421 001a | 85c0 0f8c | dc1e 0000 | 4d8b 9750 | 0400 0044 | 8b5c 2420 

  0x000001f7bff65de8: ; ImmutableOopMap {rbp=Oop [40]=Oop [48]=Oop [64]=Oop [72]=NarrowOop [80]=Oop [96]=Oop [104]=Oop [144]=NarrowOop [148]=NarrowOop }
                      ;*goto {reexecute=1 rethrow=0 return_oop=0}
                      ; - (reexecute) jdk.internal.loader.Resource::getBytes@179 (line 142)
                      ; - java.net.URLClassLoader::defineClass@179 (line 519)
                      ; - java.net.URLClassLoader$1::run@43 (line 427)
                      ; - java.net.URLClassLoader$1::run@1 (line 421)
                      ;   {poll}
  0x000001f7bff65de8: 4403 d841 | 8502 443b | 5c24 4c0f | 8c27 fdff | ff4c 8b54 | 2468 4c89 | 5424 204c | 8b44 2478 
  0x000001f7bff65e08: 4c8b 5424 | 6045 8b5a 

  0x000001f7bff65e10: ;   {metadata('java/util/zip/ZipFile$ZipFileInflaterInputStream')}
  0x000001f7bff65e10: 0841 81fb | 805d 3c00 | 0f85 ac06 | 0000 4c89 | 4424 5848 | 8b54 2460 

  0x000001f7bff65e28: ;   {optimized virtual_call}
  0x000001f7bff65e28: c5f8 77e8 

  0x000001f7bff65e2c: ; ImmutableOopMap {[32]=Oop [40]=Oop [48]=Oop [64]=Oop [72]=NarrowOop [80]=Oop [144]=NarrowOop [148]=NarrowOop }
                      ;*invokevirtual close {reexecute=0 rethrow=0 return_oop=0}
                      ; - jdk.internal.loader.Resource::getBytes@183 (line 145)
                      ; - java.net.URLClassLoader::defineClass@179 (line 519)
                      ; - java.net.URLClassLoader$1::run@43 (line 427)
                      ; - java.net.URLClassLoader$1::run@1 (line 421)
  0x000001f7bff65e2c: b089 90ff 

  0x000001f7bff65e30: ;   {other}
  0x000001f7bff65e30: 0f1f 8400 | 2822 001c | 4c8b 5424 | 204c 8954 | 2450 e9d7 

  0x000001f7bff65e44: ;   {metadata('jdk/internal/loader/URLClassPath$FileLoader$1')}
  0x000001f7bff65e44: f3ff ff41 | 81f8 982a | 1f01 0f85 | 301e 0000 | 33ed e9f5 | f3ff ffc4 | c1f9 6ece | c4e1 f96e 
  0x000001f7bff65e64: c044 894c | 246c 8954 | 2468 4889 | 5c24 5844 | 8954 244c | 4c63 c54d | 8d50 104d | 8bca 4983 
  0x000001f7bff65e84: e1f8 488b | fe49 03f9 | 49c1 ea03 | 4d2b da49 | 8bcb 4833 | c048 83f9 | 087f 1048 | ffc9 784f 
  0x000001f7bff65ea4: 4889 04cf | 48ff c97d | f7eb 44c5 | edef d2e9 | 0d00 0000 | c5fe 7f17 | c5fe 7f57 | 2048 83c7 
  0x000001f7bff65ec4: 4048 83e9 | 087d ed48 | 83c1 047c | 0cc5 fe7f | 1748 83c7 | 2048 83e9 | 0448 83c1 | 047e 1048 
  0x000001f7bff65ee4: ffc9 c5f9 | d617 4883 | c708 48ff | c97d f3c4 | e1f9 7ec1 | c4e1 f97e | cac5 f877 | 49ba 8055 
  0x000001f7bff65f04: 85bf f701 | 0000 41ff 

  0x000001f7bff65f0c: ;   {other}
  0x000001f7bff65f0c: d20f 1f84 | 0000 0000 | 0044 8b54 | 244c 488b | 5c24 588b | 5424 6844 | 8b4c 246c | e9e1 f1ff 
  0x000001f7bff65f2c: ff45 33d2 | 4c89 5424 | 6841 bbff | ffff ff0f | 1f44 0000 | e9fb e9ff | ff49 63fb | 4181 fb00 
  0x000001f7bff65f4c: 0010 000f | 8770 1900 | 0049 8b8f | b801 0000 | 488d 7717 | 4883 e6f8 | 488b e948 | 03ee 493b 
  0x000001f7bff65f6c: afc8 0100 | 000f 834e | 1900 0049 | 89af b801 | 0000 0f0d | 8dc0 0000 | 0048 c701 | 0100 0000 
  0x000001f7bff65f8c: 0f0d 8d00 

  0x000001f7bff65f90: ;   {metadata({type array byte})}
  0x000001f7bff65f90: 0100 00c7 | 4108 185d | 1600 4489 | 590c 0f0d | 8d40 0100 | 000f 0d8d | 8001 0000 | 498b ed48 
  0x000001f7bff65fb0: ff74 2460 | 488f 4424 | 5844 8954 | 2424 4889 | 5c24 7089 | 5424 4c44 | 894c 2420 | 4889 4424 
  0x000001f7bff65fd0: 7848 89bc | 2480 0000 | 0048 8bd1 | 4883 c210 | 488b d94c | 8b94 2480 | 0000 0049 | 83c2 0749 
  0x000001f7bff65ff0: c1ea 0348 | 8b4c 2478 | 4d8b c2c5 | f877 49ba | 205c 85bf | f701 0000 

  0x000001f7bff66008: ;   {other}
  0x000001f7bff66008: 41ff d20f | 1f84 0000 | 0000 004c | 8bdb 4c8b | ed48 ff74 | 2458 488f | 4424 6044 | 8b54 2424 
  0x000001f7bff66028: 488b 5c24 | 708b 5424 | 4c44 8b4c | 2420 498b | f3e9 d0f0 | ffff 4c8b | 6c24 2045 | 8b5d 2045 
  0x000001f7bff66048: 85db 0f84 | 8ff2 ffff | 4d8b 5728 | 498b cb48 | c1e1 030f | 1f44 0000 | 4d85 d20f | 843f 1500 
  0x000001f7bff66068: 004d 8b5f | 304b 894c | 13f8 4983 | c2f8 4d89 | 5728 e960 | f2ff ff4d | 8b57 484d | 8b5f 40f0 
  0x000001f7bff66088: 8344 24c0 | 0080 3900 | 0f84 89f2 | ffff 4488 | 214d 85db | 7520 498b | d7c5 f877 | 49ba c007 
  0x000001f7bff660a8: 3ca7 fd7f | 0000 41ff 

  0x000001f7bff660b0: ;   {other}
  0x000001f7bff660b0: d20f 1f84 | 0000 0000 | 00e9 61f2 | ffff 4b89 | 4c1a f849 | 83c3 f84d | 895f 40e9 | 4ff2 ffff 
  0x000001f7bff660d0: 448b 5b14 | 4585 db0f | 8459 ebff | ff4d 8b47 | 2849 8bcb | 48c1 e103 | 4d85 c00f | 84b4 1600 
  0x000001f7bff660f0: 004d 8b5f | 304b 894c | 03f8 4983 | c0f8 4d89 | 4728 e92f | ebff ff4d | 8b57 404d | 8b5f 48f0 
  0x000001f7bff66110: 8344 24c0 | 0080 3900 | 0f84 4ceb | ffff 4488 | 214d 85d2 | 753f 4889 | 5c24 4089 | 7424 284c 
  0x000001f7bff66130: 8974 2420 | 498b d7c5 | f877 49ba | c007 3ca7 | fd7f 0000 

  0x000001f7bff66144: ;   {other}
  0x000001f7bff66144: 41ff d20f | 1f84 0000 | 0000 004c | 8b74 2420 | 8b74 2428 | 488b 5c24 | 4066 6690 | e905 ebff 
  0x000001f7bff66164: ff4b 894c | 13f8 4983 | c2f8 4d89 | 5740 e9f3 | eaff ffc4 | e1f9 6ec7 | 4889 5c24 | 4889 7424 
  0x000001f7bff66184: 404c 8974 | 2428 4c63 | c54d 8d58 | 1049 8bcb | 4883 e1f8 | 498b fa48 | 03f9 498b | ea49 c1eb 
  0x000001f7bff661a4: 034d 2bcb | 498b c948 | 33c0 4883 | f908 7f10 | 48ff c978 | 4f48 8904 | cf48 ffc9 | 7df7 eb44 
  0x000001f7bff661c4: c5f5 efc9 | e90d 0000 | 00c5 fe7f | 0fc5 fe7f | 4f20 4883 | c740 4883 | e908 7ded | 4883 c104 
  0x000001f7bff661e4: 7c0c c5fe | 7f0f 4883 | c720 4883 | e904 4883 | c104 7e10 | 48ff c9c5 | f9d6 0f48 | 83c7 0848 
  0x000001f7bff66204: ffc9 7df3 | 488b cac4 | e1f9 7ec2 | c5f8 7749 | ba80 5585 | bff7 0100 | 0041 ffd2 

  0x000001f7bff66220: ;   {other}
  0x000001f7bff66220: 0f1f 8400 | 0000 0000 | 4c8b 7424 | 288b 7424 | 4048 8b5c | 2448 4c8b | d5e9 ede9 | ffff 4889 
  0x000001f7bff66240: bc24 9800 | 0000 4c89 | 9c24 8800 | 0000 898c | 2480 0000 | 0048 8944 | 2478 4489 | 4c24 7489 
  0x000001f7bff66260: 5424 7048 | 895c 2468 | 4489 5424 | 4c4c 8944 | 2458 4c89 

  0x000001f7bff66274: ;   {metadata({type array byte})}
  0x000001f7bff66274: 6c24 2048 | ba18 5d16 | ddf7 0100 | 0044 8bc1 

  0x000001f7bff66284: ;   {runtime_call _new_array_nozero_Java}
  0x000001f7bff66284: c5f8 77e8 

  0x000001f7bff66288: ; ImmutableOopMap {[40]=Oop [48]=Oop [64]=Oop [72]=NarrowOop [80]=Oop [88]=Oop [120]=Derived_oop_[88] [96]=Oop [104]=Oop [144]=NarrowOop [148]=NarrowOop }
                      ;*newarray {reexecute=0 rethrow=0 return_oop=1}
                      ; - java.util.Arrays::copyOf@15 (line 3540)
                      ; - jdk.internal.loader.Resource::getBytes@94 (line 120)
                      ; - jdk.internal.loader.URLClassPath$JarLoader$2::getBytes@1 (line 851)
                      ; - java.net.URLClassLoader::defineClass@179 (line 519)
                      ; - java.net.URLClassLoader$1::run@43 (line 427)
                      ; - java.net.URLClassLoader$1::run@1 (line 421)
  0x000001f7bff66288: d453 9dff 

  0x000001f7bff6628c: ;   {other}
  0x000001f7bff6628c: 0f1f 8400 | 8426 001d | 4c8b c04c | 8b6c 2420 | 448b 5424 | 4c48 8b5c | 2468 8b54 | 2470 448b 
  0x000001f7bff662ac: 4c24 7448 | 8b44 2478 | 8b8c 2480 | 0000 004c | 8b9c 2488 | 0000 0048 | 8bbc 2498 | 0000 0049 
  0x000001f7bff662cc: 8bf0 e9d2 

  0x000001f7bff662d0: ;   {metadata('java/util/jar/JarFile')}
  0x000001f7bff662d0: edff ff81 | fd28 5927 | 000f 856d | 1b00 0048 | 8b54 2470 

  0x000001f7bff662e4: ;   {optimized virtual_call}
  0x000001f7bff662e4: c5f8 77e8 

  0x000001f7bff662e8: ; ImmutableOopMap {[48]=Oop [64]=Oop [72]=Oop [80]=NarrowOop [84]=NarrowOop [88]=Oop [96]=Oop [112]=Oop [144]=NarrowOop [148]=NarrowOop [152]=Oop }
                      ;*invokevirtual getManifestFromReference {reexecute=0 rethrow=0 return_oop=1}
                      ; - java.util.jar.JarFile::getManifest@1 (line 405)
                      ; - java.util.jar.JarFile::maybeInstantiateVerifier@31 (line 723)
                      ; - java.util.jar.JarFile::ensureInitialization@1 (line 1063)
                      ; - java.util.jar.JavaUtilJarAccessImpl::ensureInitialization@1 (line 42)
                      ; - jdk.internal.loader.URLClassPath$JarLoader$2::getManifest@10 (line 841)
                      ; - java.net.URLClassLoader::defineClass@34 (line 491)
                      ; - java.net.URLClassLoader$1::run@43 (line 427)
                      ; - java.net.URLClassLoader$1::run@1 (line 421)
  0x000001f7bff662e8: f484 90ff 

  0x000001f7bff662ec: ;   {other}
  0x000001f7bff662ec: 0f1f 8400 | e426 001e | 4c8b 6c24 | 4048 ff74 | 2420 488f | 4424 684c | 8b74 2448 | 8b74 2450 
  0x000001f7bff6630c: 4c8b 5424 | 6044 8b5c | 2454 4c8b | 4c24 700f | 1f44 0000 | e937 eaff | ff44 8944 | 244c 4889 
  0x000001f7bff6632c: 7424 5089 | 4c24 4889 | 4424 4489 | 5c24 404c | 894c 2438 | 4c89 5c24 | 304c 8974 

  0x000001f7bff66348: ;   {metadata({type array byte})}
  0x000001f7bff66348: 2420 48ba | 185d 16dd | f701 0000 

  0x000001f7bff66354: ;   {runtime_call _new_array_Java}
  0x000001f7bff66354: c5f8 77e8 

  0x000001f7bff66358: ; ImmutableOopMap {[32]=Oop [48]=Oop [56]=Oop [88]=Oop }
                      ;*invokevirtual allocateUninitializedArray0 {reexecute=0 rethrow=0 return_oop=1}
                      ; - jdk.internal.misc.Unsafe::allocateUninitializedArray@51 (line 1381)
                      ; - java.lang.StringConcatHelper::newArray@33 (line 451)
                      ; - java.lang.StringConcatHelper::simpleConcat@61 (line 375)
                      ; - java.lang.String::concat@11 (line 2990)
                      ; - java.net.URLClassLoader$1::run@13 (line 423)
                      ; - java.net.URLClassLoader$1::run@1 (line 421)
  0x000001f7bff66358: 0479 9dff 

  0x000001f7bff6635c: ;   {other}
  0x000001f7bff6635c: 0f1f 8400 | 5427 001f | 4c8b d04c | 8b74 2420 | 4c8b 5c24 | 304c 8b4c | 2438 8b5c | 2440 8b44 
  0x000001f7bff6637c: 2444 8b4c | 2448 488b | 7424 5044 | 8b44 244c | 4d8b eae9 | b0e2 ffff | 4c89 6c24 | 2849 8bee 
  0x000001f7bff6639c: ;   {metadata('java/lang/String')}
  0x000001f7bff6639c: 48ba d80d | 17dd f701 | 0000 6690 

  0x000001f7bff663a8: ;   {runtime_call _new_instance_Java}
  0x000001f7bff663a8: c5f8 77e8 

  0x000001f7bff663ac: ; ImmutableOopMap {rbp=Oop [40]=Oop [88]=Oop }
                      ;*new {reexecute=0 rethrow=0 return_oop=1}
                      ; - java.lang.StringConcatHelper::newString@6 (line 340)
                      ; - java.lang.StringConcatHelper::simpleConcat@90 (line 380)
                      ; - java.lang.String::concat@11 (line 2990)
                      ; - java.net.URLClassLoader$1::run@13 (line 423)
                      ; - java.net.URLClassLoader$1::run@1 (line 421)
  0x000001f7bff663ac: 302d 9dff 

  0x000001f7bff663b0: ;   {other}
  0x000001f7bff663b0: 0f1f 8400 | a827 0020 | 4c8b f54c | 8b6c 2428 | e939 e3ff | ff48 8b54 | 2470 4c8b | 8424 9800 
  0x000001f7bff663d0: 0000 4c8b | 4c24 6848 | 8b7c 2468 | 488b 7424 | 6848 8b4c | 2468 4c89 | 0c24 4c89 | 4c24 084c 
  0x000001f7bff663f0: 894c 2410 

  0x000001f7bff663f4: ;   {optimized virtual_call}
  0x000001f7bff663f4: c5f8 77e8 

  0x000001f7bff663f8: ; ImmutableOopMap {[32]=Oop [40]=NarrowOop [48]=Oop [64]=Oop [72]=Oop [88]=Oop [144]=NarrowOop [148]=NarrowOop [152]=Oop }
                      ;*invokevirtual definePackage {reexecute=0 rethrow=0 return_oop=1}
                      ; - java.net.URLClassLoader::defineClass@81 (line 497)
                      ; - java.net.URLClassLoader$1::run@43 (line 427)
                      ; - java.net.URLClassLoader$1::run@1 (line 421)
  0x000001f7bff663f8: e483 90ff 

  0x000001f7bff663fc: ;   {other}
  0x000001f7bff663fc: 0f1f 8400 | f427 0021 | e99b f1ff | ff48 8974 | 2450 8954 | 2448 4489 | 4424 344c | 896c 2438 
  0x000001f7bff6641c: 897c 2430 | 894c 242c | 895c 2428 | 4c89 7424 

  0x000001f7bff6642c: ;   {metadata({type array byte})}
  0x000001f7bff6642c: 2048 ba18 | 5d16 ddf7 | 0100 0044 | 8bc7 6690 

  0x000001f7bff6643c: ;   {runtime_call _new_array_Java}
  0x000001f7bff6643c: c5f8 77e8 

  0x000001f7bff66440: ; ImmutableOopMap {[32]=Oop [40]=NarrowOop [44]=NarrowOop [56]=Oop [80]=Oop [88]=Oop }
                      ;*invokevirtual allocateUninitializedArray0 {reexecute=0 rethrow=0 return_oop=1}
                      ; - jdk.internal.misc.Unsafe::allocateUninitializedArray@51 (line 1381)
                      ; - java.lang.StringConcatHelper::newArray@33 (line 451)
                      ; - java.lang.StringLatin1::replace@49 (line 414)
                      ; - java.lang.String::replace@18 (line 3024)
                      ; - java.net.URLClassLoader$1::run@8 (line 423)
                      ; - java.net.URLClassLoader$1::run@1 (line 421)
  0x000001f7bff66440: 1c78 9dff 

  0x000001f7bff66444: ;   {other}
  0x000001f7bff66444: 0f1f 8400 | 3c28 0022 | 4c8b 7424 | 208b 5c24 | 288b 4c24 | 2c8b 7c24 | 304c 8b6c | 2438 448b 
  0x000001f7bff66464: 4424 348b | 5424 4848 | 8b74 2450 | 4c8b d8e9 | 53de ffff | 4c89 5c24 | 304c 8974 

  0x000001f7bff66480: ;   {metadata('java/lang/String')}
  0x000001f7bff66480: 2420 48ba | d80d 17dd | f701 0000 | 498b ed90 

  0x000001f7bff66490: ;   {runtime_call _new_instance_Java}
  0x000001f7bff66490: c5f8 77e8 

  0x000001f7bff66494: ; ImmutableOopMap {rbp=Oop [32]=Oop [48]=Oop [88]=Oop }
                      ;*new {reexecute=0 rethrow=0 return_oop=1}
                      ; - java.lang.StringLatin1::replace@116 (line 423)
                      ; - java.lang.String::replace@18 (line 3024)
                      ; - java.net.URLClassLoader$1::run@8 (line 423)
                      ; - java.net.URLClassLoader$1::run@1 (line 421)
  0x000001f7bff66494: 482c 9dff 

  0x000001f7bff66498: ;   {other}
  0x000001f7bff66498: 0f1f 8400 | 9028 0023 | 4c8b 7424 | 204c 8b5c | 2430 4c8b | c8e9 a9e0 | ffff 448b | ca45 2bcb 
  0x000001f7bff664b8: 4c89 4424 | 7848 899c | 2480 0000 | 00e9 b3f5 | ffff 4c89 | 4424 5848 | 8b54 2460 | 6690 c5f8 
  0x000001f7bff664d8: 7748 b820 | 3dc8 26f8 

  0x000001f7bff664e0: ;   {virtual_call}
  0x000001f7bff664e0: 0100 00e8 

  0x000001f7bff664e4: ; ImmutableOopMap {[32]=Oop [40]=Oop [48]=Oop [64]=Oop [72]=NarrowOop [80]=Oop [144]=NarrowOop [148]=NarrowOop }
                      ;*invokevirtual close {reexecute=0 rethrow=0 return_oop=0}
                      ; - jdk.internal.loader.Resource::getBytes@183 (line 145)
                      ; - java.net.URLClassLoader::defineClass@179 (line 519)
                      ; - java.net.URLClassLoader$1::run@43 (line 427)
                      ; - java.net.URLClassLoader$1::run@1 (line 421)
  0x000001f7bff664e4: f885 90ff 

  0x000001f7bff664e8: ;   {other}
  0x000001f7bff664e8: 0f1f 8400 | e028 0024 | e943 f9ff | ff4c 8954 

  0x000001f7bff664f8: ;   {metadata('java/security/CodeSource')}
  0x000001f7bff664f8: 2440 48ba | 3082 16dd | f701 0000 

  0x000001f7bff66504: ;   {runtime_call _new_instance_Java}
  0x000001f7bff66504: c5f8 77e8 

  0x000001f7bff66508: ; ImmutableOopMap {rbp=Oop [40]=Oop [48]=Oop [64]=Oop [72]=NarrowOop [80]=Oop [144]=NarrowOop [148]=NarrowOop }
                      ;*new {reexecute=0 rethrow=0 return_oop=1}
                      ; - java.net.URLClassLoader::defineClass@190 (line 522)
                      ; - java.net.URLClassLoader$1::run@43 (line 427)
                      ; - java.net.URLClassLoader$1::run@1 (line 421)
  0x000001f7bff66508: d42b 9dff 

  0x000001f7bff6650c: ;   {other}
  0x000001f7bff6650c: 0f1f 8400 | 0429 0025 | 4c8b 5424 | 40e9 7ced | ffff 418b 

  0x000001f7bff66520: ;   {metadata({type array byte})}
  0x000001f7bff66520: ea48 ba18 | 5d16 ddf7 | 0100 0045 | 33c0 6690 

  0x000001f7bff66530: ;   {runtime_call _new_array_Java}
  0x000001f7bff66530: c5f8 77e8 

  0x000001f7bff66534: ; ImmutableOopMap {[40]=Oop [48]=Oop [64]=Oop [72]=NarrowOop [80]=Oop [96]=Oop [144]=NarrowOop [148]=NarrowOop }
                      ;*newarray {reexecute=0 rethrow=0 return_oop=1}
                      ; - jdk.internal.loader.Resource::getBytes@30 (line 109)
                      ; - jdk.internal.loader.URLClassPath$JarLoader$2::getBytes@1 (line 851)
                      ; - java.net.URLClassLoader::defineClass@179 (line 519)
                      ; - java.net.URLClassLoader$1::run@43 (line 427)
                      ; - java.net.URLClassLoader$1::run@1 (line 421)
  0x000001f7bff66534: 2877 9dff 

  0x000001f7bff66538: ;   {other}
  0x000001f7bff66538: 0f1f 8400 | 3029 0026 | 4c8b c044 | 8bd5 e93c | eaff ff89 | 7424 4c48 | 897c 2460 | 4c89 7424 
  0x000001f7bff66558: 5044 895c | 2448 894c | 242c 4489 | 4c24 2848 | 8b6c 2468 | 4c89 6c24 

  0x000001f7bff66570: ;   {metadata('java/lang/String')}
  0x000001f7bff66570: 4048 bad8 | 0d17 ddf7 | 0100 0090 

  0x000001f7bff6657c: ;   {runtime_call _new_instance_Java}
  0x000001f7bff6657c: c5f8 77e8 

  0x000001f7bff66580: ; ImmutableOopMap {[40]=NarrowOop [48]=Oop [64]=Oop [76]=NarrowOop [80]=Oop [88]=Oop [96]=Oop [144]=NarrowOop [148]=NarrowOop }
                      ;*new {reexecute=0 rethrow=0 return_oop=1}
                      ; - java.lang.StringLatin1::newString@7 (line 856)
                      ; - java.lang.String::substring@41 (line 2930)
                      ; - java.net.URLClassLoader::defineClass@28 (line 489)
                      ; - java.net.URLClassLoader$1::run@43 (line 427)
                      ; - java.net.URLClassLoader$1::run@1 (line 421)
  0x000001f7bff66580: 5c2b 9dff 

  0x000001f7bff66584: ;   {other}
  0x000001f7bff66584: 0f1f 8400 | 7c29 0027 | 4c8b 6c24 | 4048 896c | 2468 448b | 4c24 288b | 4c24 2c44 | 8b5c 2448 
  0x000001f7bff665a4: 4c8b 7424 | 5048 8b7c | 2460 8b74 | 244c 488b | d8e9 18e4 

  0x000001f7bff665b8: ;   {oop(""{0x0000000600400890})}
  0x000001f7bff665b8: ffff 48bb | 9008 4000 | 0600 0000 | e9a5 e6ff | ff4c 8984 | 2488 0000 | 004c 898c | 2480 0000 
  0x000001f7bff665d8: 0048 8954 | 2478 4889 | 5c24 7089 | 7424 544c | 8974 2460 | 4489 5c24 | 5048 8944 | 24f8 8b84 
  0x000001f7bff665f8: 2494 0000 | 0089 4424 | 4c48 8b44 | 24f8 4889 | 4424 f88b | 8424 9000 | 0000 8944 | 2448 488b 
  0x000001f7bff66618: 4424 f848 | ff74 2468 | 488f 4424 | 284c 896c 

  0x000001f7bff66628: ;   {metadata({type array byte})}
  0x000001f7bff66628: 2440 48ba | 185d 16dd | f701 0000 | 4889 7c24 | 6845 8bc3 

  0x000001f7bff6663c: ;   {runtime_call _new_array_nozero_Java}
  0x000001f7bff6663c: c5f8 77e8 

  0x000001f7bff66640: ; ImmutableOopMap {[48]=Oop [64]=Oop [72]=NarrowOop [76]=NarrowOop [84]=NarrowOop [88]=Oop [96]=Oop [104]=Oop [120]=Derived_oop_[104] [112]=Oop }
                      ;*newarray {reexecute=0 rethrow=0 return_oop=1}
                      ; - java.util.Arrays::copyOfRange@59 (line 3852)
                      ; - java.lang.StringLatin1::newString@16 (line 856)
                      ; - java.lang.String::substring@41 (line 2930)
                      ; - java.net.URLClassLoader::defineClass@28 (line 489)
                      ; - java.net.URLClassLoader$1::run@43 (line 427)
                      ; - java.net.URLClassLoader$1::run@1 (line 421)
  0x000001f7bff66640: 1c50 9dff 

  0x000001f7bff66644: ;   {other}
  0x000001f7bff66644: 0f1f 8400 | 3c2a 0028 | 4c8b 6c24 | 4048 ff74 | 2428 488f | 4424 6848 | 8944 24f8 | 8b44 2448 
  0x000001f7bff66664: 8984 2490 | 0000 0048 | 8b44 24f8 | 4889 4424 | f88b 4424 | 4c89 8424 | 9400 0000 | 488b 4424 
  0x000001f7bff66684: f844 8b5c | 2450 4c8b | 7424 608b | 7424 5448 | 8b5c 2470 | 488b 5424 | 784c 8b8c | 2480 0000 
  0x000001f7bff666a4: 004c 8b84 | 2488 0000 | 004c 8bd0 | e92e e5ff | ff66 6666 | 0f1f 8400 | 0000 0000 | 488b 5424 
  0x000001f7bff666c4: 78c5 fb10 | 5424 604c | 8b44 2470 | 448b 5424 | 4c41 8bf3 | eb0c 48ba | 0000 d1cd | f701 0000 
  0x000001f7bff666e4: 33f6 458b | 480c 413b | f10f 8c69 | 0e00 0041 | 8bda 2bde | 458d 9900 | 0400 0041 | 3bdb 410f 
  0x000001f7bff66704: 4fdb 85db | 0f8c 1718 | 0000 8d0c | 1e49 8bf8 | 4883 c710 | 0f1f 8400 | 0000 0000 | 413b c90f 
  0x000001f7bff66724: 84f3 1100 | 0044 3bc9 | 418b e90f | 4fe9 443b | cd0f 82ca | 1700 000f | 1f44 0000 

  0x000001f7bff66740: ;   {no_reloc}
  0x000001f7bff66740: 3bcd 0f82 | c417 0000 | 448b d94d | 63db 4983 | c317 498b | c348 83e0 | f80f 1f80 | 0000 0000 
  0x000001f7bff66760: 81f9 0000 | 1000 0f87 | 2c13 0000 | 4d8b 8fb8 | 0100 004d | 8be9 4c03 | e80f 1f80 | 0000 0000 
  0x000001f7bff66780: 4d3b afc8 | 0100 000f | 830b 1300 | 004d 89af | b801 0000 | 410f 0d8d | c000 0000 | 49c7 0101 
  0x000001f7bff667a0: 0000 0041 | 0f0d 8d00 

  0x000001f7bff667a8: ;   {metadata({type array byte})}
  0x000001f7bff667a8: 0100 0041 | c741 0818 | 5d16 0041 | 8949 0c41 | 0f0d 8d40 | 0100 0041 | 0f0d 8d80 | 0100 004d 
  0x000001f7bff667c8: 8bc1 4983 | c010 49c1 | eb03 85ed | 0f84 ba16 | 0000 660f | 1f44 0000 | 3be9 0f8c | 0310 0000 
  0x000001f7bff667e8: 4d8b e94c | 8bdf 448b | f68b f341 | 8bea c4e1 | f97e d748 | 8bda 4883 | c0f0 48c1 | e803 498b 
  0x000001f7bff66808: cb49 8bd0 | 4c8b c0c5 | f877 49ba | 205c 85bf | f701 0000 

  0x000001f7bff6681c: ;   {other}
  0x000001f7bff6681c: 41ff d20f | 1f84 0000 | 0000 0048 | 8bd3 c4e1 | f96e d744 | 8bd5 8bde | 418b f64d | 8bcd 4c89 
  0x000001f7bff6683c: 4c24 7048 | 8954 2478 | 8bee 4489 | 5424 4cc5 | fb11 5424 | 60c4 e1f9 | 7ed2 4c8b | 4424 7044 
  0x000001f7bff6685c: 8bce 8bfb | 6690 c5f8 | 7748 b848 | 3dc8 26f8 

  0x000001f7bff6686c: ;   {virtual_call}
  0x000001f7bff6686c: 0100 00e8 

  0x000001f7bff66870: ; ImmutableOopMap {[40]=Oop [48]=Oop [64]=Oop [72]=NarrowOop [80]=Oop [96]=Oop [112]=Oop [144]=NarrowOop [148]=NarrowOop }
                      ;*invokevirtual read {reexecute=0 rethrow=0 return_oop=0}
                      ; - jdk.internal.loader.Resource::getBytes@117 (line 126)
                      ; - java.net.URLClassLoader::defineClass@179 (line 519)
                      ; - java.net.URLClassLoader$1::run@43 (line 427)
                      ; - java.net.URLClassLoader$1::run@1 (line 421)
  0x000001f7bff66870: 6c82 90ff 

  0x000001f7bff66874: ;   {other}
  0x000001f7bff66874: 0f1f 8400 | 6c2c 0029 | 0f1f 4000 | 85c0 0f8c | 8b16 0000 | 4d8b 9750 | 0400 0044 

  0x000001f7bff66890: ; ImmutableOopMap {[40]=Oop [48]=Oop [64]=Oop [72]=NarrowOop [80]=Oop [96]=Oop [112]=Oop [144]=NarrowOop [148]=NarrowOop }
                      ;*goto {reexecute=1 rethrow=0 return_oop=0}
                      ; - (reexecute) jdk.internal.loader.Resource::getBytes@179 (line 142)
                      ; - java.net.URLClassLoader::defineClass@179 (line 519)
                      ; - java.net.URLClassLoader$1::run@43 (line 427)
                      ; - java.net.URLClassLoader$1::run@1 (line 421)
                      ;   {poll}
  0x000001f7bff66890: 8d1c 2841 | 8502 6666 | 0f1f 8400 | 0000 0000 | 443b 5c24 | 4c0f 8c15 | feff ff4c | 8b54 2470 
  0x000001f7bff668b0: 4c89 5424 | 20e9 49f5 | ffff c4c1 | f96e c8c4 | e1f9 6ec7 | 4489 5c24 | 4c44 894c | 2424 4489 
  0x000001f7bff668d0: 5424 204c | 63c5 4d8d | 5010 4d8b | da49 83e3 | f848 8bfe | 4903 fb49 | c1ea 0349 | 2bd2 488b 
  0x000001f7bff668f0: ca48 33c0 | 4883 f908 | 7f10 48ff | c978 4f48 | 8904 cf48 | ffc9 7df7 | eb44 c5ed | efd2 e90d 
  0x000001f7bff66910: 0000 00c5 | fe7f 17c5 | fe7f 5720 | 4883 c740 | 4883 e908 | 7ded 4883 | c104 7c0c | c5fe 7f17 
  0x000001f7bff66930: 4883 c720 | 4883 e904 | 4883 c104 | 7e10 48ff | c9c5 f9d6 | 1748 83c7 | 0848 ffc9 | 7df3 c4e1 
  0x000001f7bff66950: f97e c1c4 | e1f9 7eca | c5f8 7749 | ba80 5585 | bff7 0100 | 0041 ffd2 

  0x000001f7bff66968: ;   {other}
  0x000001f7bff66968: 0f1f 8400 | 0000 0000 | 448b 5424 | 2044 8b4c | 2424 448b | 5c24 4c90 | e9eb f0ff | ff41 8bd9 
  0x000001f7bff66988: 2bde 4c89 | 4424 684c | 896c 2478 | c5fb 1154 | 2460 e909 | f4ff ff41 | 8be9 e9a8 | d8ff ff48 
  0x000001f7bff669a8: 63f2 81fa | 0000 1000 | 0f87 7613 | 0000 498b | 8fb8 0100 | 0048 8d46 | 1748 83e0 | f848 8be9 
  0x000001f7bff669c8: 4803 e849 | 3baf c801 | 0000 0f83 | 5413 0000 | 4989 afb8 | 0100 000f | 0d8d c000 | 0000 48c7 
  0x000001f7bff669e8: 0101 0000 | 000f 0d8d | 0001 0000 

  0x000001f7bff669f4: ;   {metadata({type array byte})}
  0x000001f7bff669f4: c741 0818 | 5d16 0089 | 510c 0f0d | 8d40 0100 | 000f 0d8d | 8001 0000 | 488b eb48 | ff74 2460 
  0x000001f7bff66a14: 488f 4424 | 5844 8954 | 2424 4489 | 4c24 2044 | 895c 244c | 4889 7c24 | 7048 8974 | 2478 488b 
  0x000001f7bff66a34: d148 83c2 | 1048 8bd9 | 4c8b 5424 | 7849 83c2 | 0749 c1ea | 0348 8b4c | 2470 4d8b | c2c5 f877 
  0x000001f7bff66a54: 49ba 205c | 85bf f701 | 0000 41ff 

  0x000001f7bff66a60: ;   {other}
  0x000001f7bff66a60: d20f 1f84 | 0000 0000 | 004c 8bc3 | 488b dd48 | ff74 2458 | 488f 4424 | 6044 8b54 | 2424 448b 
  0x000001f7bff66a80: 4c24 2044 | 8b5c 244c | 498b f0e9 | e0ef ffff 

  0x000001f7bff66a90: ;   {metadata('java/lang/String')}
  0x000001f7bff66a90: 498b ee48 | bad8 0d17 | ddf7 0100 | 0066 6690 

  0x000001f7bff66aa0: ;   {runtime_call _new_instance_Java}
  0x000001f7bff66aa0: c5f8 77e8 

  0x000001f7bff66aa4: ; ImmutableOopMap {rbp=Oop [88]=Oop }
                      ;*new {reexecute=0 rethrow=0 return_oop=1}
                      ; - java.lang.StringConcatHelper::simpleConcat@17 (line 365)
                      ; - java.lang.String::concat@11 (line 2990)
                      ; - java.net.URLClassLoader$1::run@13 (line 423)
                      ; - java.net.URLClassLoader$1::run@1 (line 421)
  0x000001f7bff66aa4: 3826 9dff 

  0x000001f7bff66aa8: ;   {other}
  0x000001f7bff66aa8: 0f1f 8400 | a02e 002b | 4c8b f5e9 | 7aea ffff | 48ff 7424 | 3048 8f44 | 2420 4c89 | 6c24 2848 
  0x000001f7bff66ac8: ff74 2468 | 488f 4424 | 4048 8944 | 24f8 8b84 | 2490 0000 | 0089 4424 | 4848 8b44 | 24f8 4889 
  0x000001f7bff66ae8: 4424 f88b | 8424 9400 | 0000 8944 | 244c 488b | 4424 f844 | 894c 2450 | 448b c14c | 8974 2460 
  0x000001f7bff66b08: 488b ef89 | 7424 5448 | 895c 2470 | 4889 5424 | 784c 8954 

  0x000001f7bff66b1c: ;   {metadata({type array byte})}
  0x000001f7bff66b1c: 2430 48ba | 185d 16dd | f701 0000 

  0x000001f7bff66b28: ;   {runtime_call _new_array_nozero_Java}
  0x000001f7bff66b28: c5f8 77e8 

  0x000001f7bff66b2c: ; ImmutableOopMap {rbp=Oop [120]=Derived_oop_rbp [32]=Oop [40]=Oop [72]=NarrowOop [76]=NarrowOop [80]=NarrowOop [84]=NarrowOop [88]=Oop [96]=Oop [112]=Oop }
                      ;*invokevirtual clone {reexecute=1 rethrow=0 return_oop=1}
                      ; - (reexecute) java.util.Arrays::copyOfRange@11 (line 3846)
                      ; - java.lang.StringLatin1::newString@16 (line 856)
                      ; - java.lang.String::substring@41 (line 2930)
                      ; - java.net.URLClassLoader::defineClass@28 (line 489)
                      ; - java.net.URLClassLoader$1::run@43 (line 427)
                      ; - java.net.URLClassLoader$1::run@1 (line 421)
  0x000001f7bff66b2c: 304b 9dff 

  0x000001f7bff66b30: ;   {other}
  0x000001f7bff66b30: 0f1f 8400 | 282f 002c | 4c8b c80f | 1f44 0000 | e982 dfff | ff45 8b5d | 1045 85db | 0f84 7eec 
  0x000001f7bff66b50: ffff 4d8b | 5728 498b | cb48 c1e1 | 0366 6690 | 4d85 d20f | 846b 1000 | 004d 8b5f | 304b 894c 
  0x000001f7bff66b70: 13f8 4983 | c2f8 4d89 | 5728 e951 | ecff ffc4 | c1f9 6ec8 | c4e1 f96e | c089 5c24 | 5889 7424 
  0x000001f7bff66b90: 4c4c 895c | 2420 458b | f2c4 e1f9 | 7ed6 4c63 | c54d 8d50 | 104d 8bda | 4983 e3f8 | 488b fa49 
  0x000001f7bff66bb0: 03fb 488b | ea49 c1ea | 034d 2bca | 498b c948 | 33c0 4883 | f908 7f10 | 48ff c978 | 4f48 8904 
  0x000001f7bff66bd0: cf48 ffc9 | 7df7 eb44 | c5ed efd2 | e90d 0000 | 00c5 fe7f | 17c5 fe7f | 5720 4883 | c740 4883 
  0x000001f7bff66bf0: e908 7ded | 4883 c104 | 7c0c c5fe | 7f17 4883 | c720 4883 | e904 4883 | c104 7e10 | 48ff c9c5 
  0x000001f7bff66c10: f9d6 1748 | 83c7 0848 | ffc9 7df3 | c4e1 f97e | c1c4 e1f9 | 7eca c5f8 | 7749 ba80 

  0x000001f7bff66c2c: ;   {no_reloc}
  0x000001f7bff66c2c: 5585 bff7 | 0100 0041 

  0x000001f7bff66c34: ;   {other}
  0x000001f7bff66c34: ffd2 0f1f | 8400 0000 | 0000 c4e1 | f96e d645 | 8bd6 4c8b | 5c24 208b | 7424 4c8b | 5c24 5848 
  0x000001f7bff66c54: 8bd5 e93d | f1ff ff49 | 63f9 6690 | 4181 f900 | 0010 000f | 878f 1100 | 0049 8b8f | b801 0000 
  0x000001f7bff66c74: 488d 5717 | 4883 e2f8 | 488b e948 | 03ea 493b | afc8 0100 | 000f 836d | 1100 0049 | 89af b801 
  0x000001f7bff66c94: 0000 0f0d | 8dc0 0000 | 0048 c701 | 0100 0000 | 0f0d 8d00 

  0x000001f7bff66ca8: ;   {metadata({type array byte})}
  0x000001f7bff66ca8: 0100 00c7 | 4108 185d | 1600 4489 | 490c 0f0d | 8d40 0100 | 000f 0d8d | 8001 0000 | 498b edc5 
  0x000001f7bff66cc8: fb11 5424 | 5844 8954 | 244c 4c89 | 5c24 6089 | 7424 6889 | 5c24 6c48 | 8944 2470 | 4889 7c24 
  0x000001f7bff66ce8: 7848 8bd1 | 4883 c210 | 488b d94c | 8b54 2478 | 4983 c207 | 49c1 ea03 | 488b 4c24 | 704d 8bc2 
  0x000001f7bff66d08: c5f8 7749 | ba20 5c85 | bff7 0100 | 0041 ffd2 

  0x000001f7bff66d18: ;   {other}
  0x000001f7bff66d18: 0f1f 8400 | 0000 0000 | 4c8b c34c | 8bed c5fb | 1054 2458 | 448b 5424 | 4c4c 8b5c | 2460 8b74 
  0x000001f7bff66d38: 2468 8b5c | 246c 498b | d0e9 52f0 | ffff 4889 | 8424 8800 | 0000 4889 | 9424 8000 | 0000 4889 
  0x000001f7bff66d58: 7c24 7844 | 895c 2470 | 894c 246c | 4489 4c24 | 6844 8954 | 244c 4c89 | 4424 5848 | 895c 2420 
  0x000001f7bff66d78: ;   {metadata({type array byte})}
  0x000001f7bff66d78: 48ba 185d | 16dd f701 | 0000 448b | c166 6690 

  0x000001f7bff66d88: ;   {runtime_call _new_array_nozero_Java}
  0x000001f7bff66d88: c5f8 77e8 

  0x000001f7bff66d8c: ; ImmutableOopMap {[40]=Oop [48]=Oop [64]=Oop [72]=NarrowOop [80]=Oop [88]=Oop [120]=Derived_oop_[88] [96]=Oop [144]=NarrowOop [148]=NarrowOop }
                      ;*newarray {reexecute=0 rethrow=0 return_oop=1}
                      ; - java.util.Arrays::copyOf@15 (line 3540)
                      ; - jdk.internal.loader.Resource::getBytes@94 (line 120)
                      ; - jdk.internal.loader.URLClassPath$JarLoader$2::getBytes@1 (line 851)
                      ; - java.net.URLClassLoader::defineClass@179 (line 519)
                      ; - java.net.URLClassLoader$1::run@43 (line 427)
                      ; - java.net.URLClassLoader$1::run@1 (line 421)
  0x000001f7bff66d8c: d048 9dff 

  0x000001f7bff66d90: ;   {other}
  0x000001f7bff66d90: 0f1f 8400 | 8831 002d | 4c8b c048 | 8b5c 2420 | 448b 5424 | 4c44 8b4c | 2468 8b4c | 246c 448b 
  0x000001f7bff66db0: 5c24 7048 | 8b7c 2478 | 488b 9424 | 8000 0000 | 488b 8424 | 8800 0000 | 498b f0e9 | 35ec ffff 
  0x000001f7bff66dd0: 4983 c3fe | 498b cb49 | 8bfe 4833 | c048 83f9 | 087f 1048 | ffc9 784f | 4889 04cf | 48ff c97d 
  0x000001f7bff66df0: f7eb 44c5 | fdef c0e9 | 0d00 0000 | c5fe 7f07 | c5fe 7f47 | 2048 83c7 | 4048 83e9 | 087d ed48 
  0x000001f7bff66e10: 83c1 047c | 0cc5 fe7f | 0748 83c7 | 2048 83e9 | 0448 83c1 | 047e 1048 | ffc9 c5f9 | d607 4883 
  0x000001f7bff66e30: c708 48ff | c97d f3e9 | d2e2 ffff | baf6 ffff | ff49 8bee | 4889 4424 | 2066 6690 

  0x000001f7bff66e4c: ;   {runtime_call UncommonTrapBlob}
  0x000001f7bff66e4c: c5f8 77e8 

  0x000001f7bff66e50: ; ImmutableOopMap {rbp=Oop [32]=Oop }
                      ;*invokevirtual getResource {reexecute=0 rethrow=0 return_oop=0}
                      ; - java.net.URLClassLoader$1::run@26 (line 424)
                      ; - java.net.URLClassLoader$1::run@1 (line 421)
  0x000001f7bff66e50: 0cd5 90ff 

  0x000001f7bff66e54: ;   {other}
  0x000001f7bff66e54: 0f1f 8400 | 4c32 002e | ba76 ffff | ff49 8bee | 897c 2424 | 895c 2428 | 894c 242c 

  0x000001f7bff66e70: ;   {runtime_call UncommonTrapBlob}
  0x000001f7bff66e70: c5f8 77e8 

  0x000001f7bff66e74: ; ImmutableOopMap {rbp=Oop [40]=NarrowOop [44]=NarrowOop }
                      ;*if_icmpge {reexecute=1 rethrow=0 return_oop=0}
                      ; - (reexecute) java.lang.StringLatin1::replace@19 (line 407)
                      ; - java.lang.String::replace@18 (line 3024)
                      ; - java.net.URLClassLoader$1::run@8 (line 423)
                      ; - java.net.URLClassLoader$1::run@1 (line 421)
  0x000001f7bff66e74: e8d4 90ff 

  0x000001f7bff66e78: ;   {other}
  0x000001f7bff66e78: 0f1f 8400 | 7032 002f | 8bea 4489 | 4c24 20eb | 078b ea44 | 894c 2420 | bacc ffff | ff4c 8b5c 
  0x000001f7bff66e98: 2430 4c89 | 5c24 284c | 8b5c 2440 | 4c89 5c24 | 3044 8b4c | 2448 4489 | 4c24 4448 | ff74 2460 
  0x000001f7bff66eb8: 488f 4424 | 5844 8954 | 2460 4c89 | 4424 6889 | 4c24 7090 

  0x000001f7bff66ecc: ;   {runtime_call UncommonTrapBlob}
  0x000001f7bff66ecc: c5f8 77e8 

  0x000001f7bff66ed0: ; ImmutableOopMap {[40]=Oop [48]=Oop [68]=NarrowOop [80]=Oop [88]=Oop [104]=Oop [144]=NarrowOop [148]=NarrowOop }
                      ;*newarray {reexecute=1 rethrow=0 return_oop=0}
                      ; - (reexecute) java.util.Arrays::copyOf@15 (line 3540)
                      ; - jdk.internal.loader.Resource::getBytes@94 (line 120)
                      ; - jdk.internal.loader.URLClassPath$JarLoader$2::getBytes@1 (line 851)
                      ; - java.net.URLClassLoader::defineClass@179 (line 519)
                      ; - java.net.URLClassLoader$1::run@43 (line 427)
                      ; - java.net.URLClassLoader$1::run@1 (line 421)
  0x000001f7bff66ed0: 8cd4 90ff 

  0x000001f7bff66ed4: ;   {other}
  0x000001f7bff66ed4: 0f1f 8400 | cc32 0030 | bacc ffff | ff49 8bee | 4c89 4c24 | 2048 8974 | 2430 4c89 | 6c24 3889 
  0x000001f7bff66ef4: 4c24 4090 

  0x000001f7bff66ef8: ;   {runtime_call UncommonTrapBlob}
  0x000001f7bff66ef8: c5f8 77e8 

  0x000001f7bff66efc: ; ImmutableOopMap {rbp=Oop [32]=Oop [56]=Oop }
                      ;*invokestatic arraycopy {reexecute=0 rethrow=0 return_oop=0}
                      ; - java.lang.String::getBytes@22 (line 4823)
                      ; - java.lang.StringConcatHelper::prepend@21 (line 307)
                      ; - java.lang.StringConcatHelper::simpleConcat@71 (line 378)
                      ; - java.lang.String::concat@11 (line 2990)
                      ; - java.net.URLClassLoader$1::run@13 (line 423)
                      ; - java.net.URLClassLoader$1::run@1 (line 421)
  0x000001f7bff66efc: 60d4 90ff 

  0x000001f7bff66f00: ;   {other}
  0x000001f7bff66f00: 0f1f 8400 | f832 0031 | bacc ffff | ff49 8bee | 4c89 5c24 | 204c 896c | 2430 895c | 2438 6690 
  0x000001f7bff66f20: ;   {runtime_call UncommonTrapBlob}
  0x000001f7bff66f20: c5f8 77e8 

  0x000001f7bff66f24: ; ImmutableOopMap {rbp=Oop [32]=Oop [48]=Oop }
                      ;*invokestatic arraycopy {reexecute=0 rethrow=0 return_oop=0}
                      ; - java.lang.String::getBytes@22 (line 4823)
                      ; - java.lang.StringConcatHelper::prepend@21 (line 307)
                      ; - java.lang.StringConcatHelper::simpleConcat@81 (line 379)
                      ; - java.lang.String::concat@11 (line 2990)
                      ; - java.net.URLClassLoader$1::run@13 (line 423)
                      ; - java.net.URLClassLoader$1::run@1 (line 421)
  0x000001f7bff66f24: 38d4 90ff 

  0x000001f7bff66f28: ;   {other}
  0x000001f7bff66f28: 0f1f 8400 | 2033 0032 | 4c89 4424 | 204c 896c 

  0x000001f7bff66f38: ;   {metadata('java/security/CodeSigner'[])}
  0x000001f7bff66f38: 2448 48ba | 48cc 1ede | f701 0000 | 458b c190 

  0x000001f7bff66f48: ;   {runtime_call _new_array_Java}
  0x000001f7bff66f48: c5f8 77e8 

  0x000001f7bff66f4c: ; ImmutableOopMap {rbp=Oop [40]=Oop [48]=Oop [64]=Oop [72]=Oop [80]=Oop [144]=NarrowOop [148]=NarrowOop }
                      ;*invokevirtual clone {reexecute=1 rethrow=0 return_oop=1}
                      ; - (reexecute) java.security.CodeSource::<init>@42 (line 128)
                      ; - java.net.URLClassLoader::defineClass@198 (line 522)
                      ; - java.net.URLClassLoader$1::run@43 (line 427)
                      ; - java.net.URLClassLoader$1::run@1 (line 421)
  0x000001f7bff66f4c: 106d 9dff 

  0x000001f7bff66f50: ;   {other}
  0x000001f7bff66f50: 0f1f 8400 | 4833 0033 | 4c8b 6c24 | 484c 8b44 | 2420 488b | d8e9 2de8 | ffff ba76 | ffff ff4c 
  0x000001f7bff66f70: 8974 2420 | 4c89 5c24 | 3089 7c24 | 3889 5c24 | 3c89 4c24 | 4066 6690 

  0x000001f7bff66f88: ;   {runtime_call UncommonTrapBlob}
  0x000001f7bff66f88: c5f8 77e8 

  0x000001f7bff66f8c: ; ImmutableOopMap {[32]=Oop [48]=Oop [60]=NarrowOop [64]=NarrowOop }
                      ;*if_icmpge {reexecute=1 rethrow=0 return_oop=0}
                      ; - (reexecute) java.lang.StringLatin1::replace@82 (line 418)
                      ; - java.lang.String::replace@18 (line 3024)
                      ; - java.net.URLClassLoader$1::run@8 (line 423)
                      ; - java.net.URLClassLoader$1::run@1 (line 421)
  0x000001f7bff66f8c: d0d3 90ff 

  0x000001f7bff66f90: ;   {other}
  0x000001f7bff66f90: 0f1f 8400 | 8833 0034 | 33ed 4585 | db40 0f94 | c5ba 45ff | ffff 4c89 | 7424 2089 | 5c24 2890 
  0x000001f7bff66fb0: ;   {runtime_call UncommonTrapBlob}
  0x000001f7bff66fb0: c5f8 77e8 

  0x000001f7bff66fb4: ; ImmutableOopMap {[32]=Oop [40]=NarrowOop }
                      ;*ifeq {reexecute=1 rethrow=0 return_oop=0}
                      ; - (reexecute) java.lang.String::replace@9 (line 3024)
                      ; - java.net.URLClassLoader$1::run@8 (line 423)
                      ; - java.net.URLClassLoader$1::run@1 (line 421)
  0x000001f7bff66fb4: a8d3 90ff 

  0x000001f7bff66fb8: ;   {other}
  0x000001f7bff66fb8: 0f1f 8400 | b033 0035 | baf6 ffff | ff49 8bea | 4889 4424 | 3066 6690 

  0x000001f7bff66fd0: ;   {runtime_call UncommonTrapBlob}
  0x000001f7bff66fd0: c5f8 77e8 

  0x000001f7bff66fd4: ; ImmutableOopMap {rbp=Oop [48]=Oop [148]=NarrowOop }
                      ;*invokevirtual defineClass {reexecute=0 rethrow=0 return_oop=0}
                      ; - java.net.URLClassLoader$1::run@43 (line 427)
                      ; - java.net.URLClassLoader$1::run@1 (line 421)
  0x000001f7bff66fd4: 88d3 90ff 

  0x000001f7bff66fd8: ;   {other}
  0x000001f7bff66fd8: 0f1f 8400 | d033 0036 | bae4 ffff | ff4c 8b54 | 2430 4c89 | 5424 204c | 8b54 2440 | 4c89 5424 
  0x000001f7bff66ff8: 284c 8b54 | 2450 4c89 | 5424 384c | 896c 2440 | 4c89 4424 | 4844 895c | 2454 6690 

  0x000001f7bff67014: ;   {runtime_call UncommonTrapBlob}
  0x000001f7bff67014: c5f8 77e8 

  0x000001f7bff67018: ; ImmutableOopMap {[32]=Oop [40]=Oop [56]=Oop [64]=Oop [84]=NarrowOop [144]=NarrowOop [148]=NarrowOop }
                      ;*invokestatic checkIndex {reexecute=0 rethrow=0 return_oop=0}
                      ; - java.nio.Buffer::checkIndex@8 (line 768)
                      ; - java.nio.DirectLongBufferU::get@11 (line 342)
                      ; - jdk.internal.perf.PerfCounter::get@5 (line 84)
                      ; - jdk.internal.perf.PerfCounter::add@1 (line 98)
                      ; - jdk.internal.perf.PerfCounter::addElapsedTimeFrom@6 (line 120)
                      ; - java.net.URLClassLoader::defineClass@207 (line 523)
                      ; - java.net.URLClassLoader$1::run@43 (line 427)
                      ; - java.net.URLClassLoader$1::run@1 (line 421)
  0x000001f7bff67018: 44d3 90ff 

  0x000001f7bff6701c: ;   {other}
  0x000001f7bff6701c: 0f1f 8400 | 1434 0037 | ba76 ffff | ff48 8b6c | 2430 4489 | 5c24 244c | 896c 2440 | 4489 4c24 
  0x000001f7bff6703c: 4866 6690 

  0x000001f7bff67040: ;   {runtime_call UncommonTrapBlob}
  0x000001f7bff67040: c5f8 77e8 

  0x000001f7bff67044: ; ImmutableOopMap {rbp=Oop [64]=Oop [72]=NarrowOop [144]=NarrowOop [148]=NarrowOop }
                      ;*iflt {reexecute=1 rethrow=0 return_oop=0}
                      ; - (reexecute) java.lang.StringLatin1::lastIndexOf@19 (line 395)
                      ; - java.lang.String::lastIndexOf@13 (line 2664)
                      ; - java.lang.String::lastIndexOf@8 (line 2626)
                      ; - java.net.URLClassLoader::defineClass@7 (line 486)
                      ; - java.net.URLClassLoader$1::run@43 (line 427)
                      ; - java.net.URLClassLoader$1::run@1 (line 421)
  0x000001f7bff67044: 18d3 90ff 

  0x000001f7bff67048: ;   {other}
  0x000001f7bff67048: 0f1f 8400 | 4034 0038 | bae4 ffff | ff4c 8b54 | 2430 4c89 | 5424 204c | 8b54 2440 | 4c89 5424 
  0x000001f7bff67068: 2844 8944 | 2468 6690 

  0x000001f7bff67070: ;   {runtime_call UncommonTrapBlob}
  0x000001f7bff67070: c5f8 77e8 

  0x000001f7bff67074: ; ImmutableOopMap {[32]=Oop [40]=Oop [72]=NarrowOop [80]=Oop [96]=Oop [144]=NarrowOop [148]=NarrowOop }
                      ;*invokestatic checkIndex {reexecute=0 rethrow=0 return_oop=0}
                      ; - java.util.zip.CRC32::updateBytesCheck@30 (line 153)
                      ; - java.util.zip.CRC32::updateBytes@3 (line 139)
                      ; - java.util.zip.CRC32::update@31 (line 79)
                      ; - java.util.zip.Checksum::update@5 (line 58)
                      ; - jdk.internal.loader.URLClassPath$JarLoader$2::getBytes@15 (line 853)
                      ; - java.net.URLClassLoader::defineClass@179 (line 519)
                      ; - java.net.URLClassLoader$1::run@43 (line 427)
                      ; - java.net.URLClassLoader$1::run@1 (line 421)
  0x000001f7bff67074: e8d2 90ff 

  0x000001f7bff67078: ;   {other}
  0x000001f7bff67078: 0f1f 8400 | 7034 0039 | 4c89 4424 | 2049 8bed 

  0x000001f7bff67088: ;   {oop(a 'jdk/internal/perf/PerfCounter'{0x00000006006966a0})}
  0x000001f7bff67088: 48ba a066 | 6900 0600 | 0000 4c8d | 8424 b000 | 0000 6690 

  0x000001f7bff6709c: ;   {runtime_call _complete_monitor_locking_Java}
  0x000001f7bff6709c: c5f8 77e8 

  0x000001f7bff670a0: ; ImmutableOopMap {rbp=Oop [40]=Oop [48]=Oop [64]=Oop [80]=Oop [144]=NarrowOop [148]=NarrowOop }
                      ;*synchronization entry
                      ; - jdk.internal.perf.PerfCounter::add@-1 (line 98)
                      ; - jdk.internal.perf.PerfCounter::addElapsedTimeFrom@6 (line 120)
                      ; - java.net.URLClassLoader::defineClass@207 (line 523)
                      ; - java.net.URLClassLoader$1::run@43 (line 427)
                      ; - java.net.URLClassLoader$1::run@1 (line 421)
  0x000001f7bff670a0: 3c75 9dff 

  0x000001f7bff670a4: ;   {other}
  0x000001f7bff670a4: 0f1f 8400 | 9c34 003a | 4c8b ed4c | 8b44 2420 | e913 e3ff | ffba ccff | ffff 4c8b | 5424 304c 
  0x000001f7bff670c4: 8954 2420 | 4c8b 5424 | 404c 8954 | 2428 4c8b | 5424 504c | 8954 2438 | 4c89 6c24 | 404c 8944 
  0x000001f7bff670e4: 2448 4489 | 5c24 5490 

  0x000001f7bff670ec: ;   {runtime_call UncommonTrapBlob}
  0x000001f7bff670ec: c5f8 77e8 

  0x000001f7bff670f0: ; ImmutableOopMap {[32]=Oop [40]=Oop [56]=Oop [64]=Oop [84]=NarrowOop [144]=NarrowOop [148]=NarrowOop }
                      ;*invokestatic checkIndex {reexecute=0 rethrow=0 return_oop=0}
                      ; - java.nio.Buffer::checkIndex@8 (line 768)
                      ; - java.nio.DirectLongBufferU::get@11 (line 342)
                      ; - jdk.internal.perf.PerfCounter::get@5 (line 84)
                      ; - jdk.internal.perf.PerfCounter::add@1 (line 98)
                      ; - jdk.internal.perf.PerfCounter::addElapsedTimeFrom@6 (line 120)
                      ; - java.net.URLClassLoader::defineClass@207 (line 523)
                      ; - java.net.URLClassLoader$1::run@43 (line 427)
                      ; - java.net.URLClassLoader$1::run@1 (line 421)
  0x000001f7bff670f0: 6cd2 90ff 

  0x000001f7bff670f4: ;   {other}
  0x000001f7bff670f4: 0f1f 8400 | ec34 003b 

  0x000001f7bff670fc: ;   {oop(a 'jdk/internal/perf/PerfCounter'{0x00000006006966a0})}
  0x000001f7bff670fc: 48b9 a066 | 6900 0600 | 0000 488d | 9424 b000 | 0000 4d8b | c7c5 f877 | 49ba 30dc | 7ea7 fd7f 
  0x000001f7bff6711c: 0000 41ff 

  0x000001f7bff67120: ;   {other}
  0x000001f7bff67120: d20f 1f84 | 0000 0000 | 00e9 6be3 | ffff ba76 | ffff ff4c | 8974 2420 | 897c 2428 | 4c89 5c24 
  0x000001f7bff67140: 3089 5c24 | 3889 4c24 | 3c66 6690 

  0x000001f7bff6714c: ;   {runtime_call UncommonTrapBlob}
  0x000001f7bff6714c: c5f8 77e8 

  0x000001f7bff67150: ; ImmutableOopMap {[32]=Oop [48]=Oop [56]=NarrowOop [60]=NarrowOop }
                      ;*if_icmpge {reexecute=1 rethrow=0 return_oop=0}
                      ; - (reexecute) java.lang.StringLatin1::replace@61 (line 415)
                      ; - java.lang.String::replace@18 (line 3024)
                      ; - java.net.URLClassLoader$1::run@8 (line 423)
                      ; - java.net.URLClassLoader$1::run@1 (line 421)
  0x000001f7bff67150: 0cd2 90ff 

  0x000001f7bff67154: ;   {other}
  0x000001f7bff67154: 0f1f 8400 | 4c35 003c | b801 0000 | 00e9 41d2 | ffff bade | ffff ff48 | 8b6c 2430 | 4c89 6c24 
  0x000001f7bff67174: 3089 7424 | 404c 896c | 2450 6690 

  0x000001f7bff67180: ;   {runtime_call UncommonTrapBlob}
  0x000001f7bff67180: c5f8 77e8 

  0x000001f7bff67184: ; ImmutableOopMap {rbp=Oop [48]=Oop [64]=NarrowOop [80]=Oop [144]=NarrowOop [148]=NarrowOop [152]=Oop }
                      ;*invokevirtual getManifest {reexecute=0 rethrow=0 return_oop=0}
                      ; - java.net.URLClassLoader::defineClass@34 (line 491)
                      ; - java.net.URLClassLoader$1::run@43 (line 427)
                      ; - java.net.URLClassLoader$1::run@1 (line 421)
  0x000001f7bff67184: d8d1 90ff 

  0x000001f7bff67188: ;   {other}
  0x000001f7bff67188: 0f1f 8400 | 8035 003d | bade ffff | ff48 8b6c | 2430 4c89 | 6c24 2089 | 7424 404c | 8954 2450 
  0x000001f7bff671a8: 4489 4c24 | 4444 895c | 2458 6690 

  0x000001f7bff671b4: ;   {runtime_call UncommonTrapBlob}
  0x000001f7bff671b4: c5f8 77e8 

  0x000001f7bff671b8: ; ImmutableOopMap {rbp=Oop [32]=Oop [64]=NarrowOop [68]=NarrowOop [80]=Oop [88]=NarrowOop [144]=NarrowOop [148]=NarrowOop [152]=Oop }
                      ;*invokeinterface ensureInitialization {reexecute=0 rethrow=0 return_oop=0}
                      ; - jdk.internal.loader.URLClassPath$JarLoader$2::getManifest@10 (line 841)
                      ; - java.net.URLClassLoader::defineClass@34 (line 491)
                      ; - java.net.URLClassLoader$1::run@43 (line 427)
                      ; - java.net.URLClassLoader$1::run@1 (line 421)
  0x000001f7bff671b8: a4d1 90ff 

  0x000001f7bff671bc: ;   {other}
  0x000001f7bff671bc: 0f1f 8400 | b435 003e | 4c89 4c24 | 7844 895c | 2464 4c89 | 5424 7089 | 7424 604c | 8974 2450 
  0x000001f7bff671dc: 4889 4424 | f88b 8424 | 9400 0000 | 8944 244c | 488b 4424 | f848 8944 | 24f8 8b84 | 2490 0000 
  0x000001f7bff671fc: 0089 4424 | 4848 8b44 | 24f8 48ff | 7424 6848 | 8f44 2440 | 4c89 6c24 | 2848 ff74 | 2430 488f 
  0x000001f7bff6721c: 4424 2049 | 8bd1 4c8d | 8424 b000 | 0000 4c89 | 5424 6890 

  0x000001f7bff67230: ;   {runtime_call _complete_monitor_locking_Java}
  0x000001f7bff67230: c5f8 77e8 

  0x000001f7bff67234: ; ImmutableOopMap {[32]=Oop [40]=Oop [72]=NarrowOop [76]=NarrowOop [80]=Oop [88]=Oop [96]=NarrowOop [100]=NarrowOop [104]=Oop [112]=Oop [120]=Oop [152]=Oop }
                      ;*synchronization entry
                      ; - java.util.jar.JarFile::ensureInitialization@-1 (line 1063)
                      ; - java.util.jar.JavaUtilJarAccessImpl::ensureInitialization@1 (line 42)
                      ; - jdk.internal.loader.URLClassPath$JarLoader$2::getManifest@10 (line 841)
                      ; - java.net.URLClassLoader::defineClass@34 (line 491)
                      ; - java.net.URLClassLoader$1::run@43 (line 427)
                      ; - java.net.URLClassLoader$1::run@1 (line 421)
  0x000001f7bff67234: a873 9dff 

  0x000001f7bff67238: ;   {other}
  0x000001f7bff67238: 0f1f 8400 | 3036 003f | 48ff 7424 | 2048 8f44 | 2430 4c8b | 6c24 2848 | ff74 2440 | 488f 4424 
  0x000001f7bff67258: 6848 8944 | 24f8 8b44 | 2448 8984 | 2490 0000 | 0048 8b44 | 24f8 4889 | 4424 f88b | 4424 4c89 
  0x000001f7bff67278: 8424 9400 | 0000 488b | 4424 f84c | 8b74 2450 | 8b74 2460 | 4c8b 5424 | 7044 8b5c | 2464 4c8b 
  0x000001f7bff67298: 4c24 780f | 1f44 0000 | e9a1 daff | ff4c 8954 | 2440 8974 | 2428 4c89 | 7424 2049 | 8bc9 488d 
  0x000001f7bff672b8: 9424 b000 | 0000 4d8b | c7c5 f877 | 49ba 30dc | 7ea7 fd7f | 0000 41ff 

  0x000001f7bff672d0: ;   {other}
  0x000001f7bff672d0: d20f 1f84 | 0000 0000 | 004c 8b74 | 2420 8b74 | 2428 4c8b | 5424 40e9 | 09db ffff | bade ffff 
  0x000001f7bff672f0: ff48 ff74 | 2430 488f | 4424 204c | 896c 2428 | 4c89 5424 | 4089 7424 | 4866 6690 

  0x000001f7bff6730c: ;   {runtime_call UncommonTrapBlob}
  0x000001f7bff6730c: c5f8 77e8 

  0x000001f7bff67310: ; ImmutableOopMap {rbp=NarrowOop [32]=Oop [40]=Oop [64]=Oop [72]=NarrowOop [144]=NarrowOop [148]=NarrowOop [152]=Oop }
                      ;*invokevirtual getManifest {reexecute=0 rethrow=0 return_oop=0}
                      ; - jdk.internal.loader.URLClassPath$JarLoader$2::getManifest@22 (line 842)
                      ; - java.net.URLClassLoader::defineClass@34 (line 491)
                      ; - java.net.URLClassLoader$1::run@43 (line 427)
                      ; - java.net.URLClassLoader$1::run@1 (line 421)
  0x000001f7bff67310: 4cd0 90ff 

  0x000001f7bff67314: ;   {other}
  0x000001f7bff67314: 0f1f 8400 | 0c37 0040 | 8944 2424 | 4889 4424 | f88b 4424 | 5889 4424 | 2048 8b44 | 24f8 488b 
  0x000001f7bff67334: 6c24 68ba | 45ff ffff | 4c8b 5424 | 304c 8954 | 2428 4c8b | 5424 404c | 8954 2430 

  0x000001f7bff67350: ;   {runtime_call UncommonTrapBlob}
  0x000001f7bff67350: c5f8 77e8 

  0x000001f7bff67354: ; ImmutableOopMap {rbp=Oop [40]=Oop [48]=Oop [72]=NarrowOop [80]=Oop [96]=Oop [144]=NarrowOop [148]=NarrowOop }
                      ;*ifge {reexecute=1 rethrow=0 return_oop=0}
                      ; - (reexecute) jdk.internal.loader.Resource::getBytes@135 (line 131)
                      ; - jdk.internal.loader.URLClassPath$JarLoader$2::getBytes@1 (line 851)
                      ; - java.net.URLClassLoader::defineClass@179 (line 519)
                      ; - java.net.URLClassLoader$1::run@43 (line 427)
                      ; - java.net.URLClassLoader$1::run@1 (line 421)
  0x000001f7bff67354: 08d0 90ff 

  0x000001f7bff67358: ;   {other}
  0x000001f7bff67358: 0f1f 8400 | 5037 0041 | 4489 4c24 | 208b eaba | 45ff ffff | 4c8b 5c24 | 304c 895c | 2428 4c8b 
  0x000001f7bff67378: 5c24 404c | 895c 2430 | 448b 5c24 | 4844 895c | 2444 4c89 | 4424 5844 | 8954 2468 

  0x000001f7bff67394: ;   {runtime_call UncommonTrapBlob}
  0x000001f7bff67394: c5f8 77e8 

  0x000001f7bff67398: ; ImmutableOopMap {[40]=Oop [48]=Oop [68]=NarrowOop [80]=Oop [88]=Oop [96]=Oop [144]=NarrowOop [148]=NarrowOop }
                      ;*ifge {reexecute=1 rethrow=0 return_oop=0}
                      ; - (reexecute) jdk.internal.loader.Resource::getBytes@78 (line 116)
                      ; - jdk.internal.loader.URLClassPath$JarLoader$2::getBytes@1 (line 851)
                      ; - java.net.URLClassLoader::defineClass@179 (line 519)
                      ; - java.net.URLClassLoader$1::run@43 (line 427)
                      ; - java.net.URLClassLoader$1::run@1 (line 421)
  0x000001f7bff67398: c4cf 90ff 

  0x000001f7bff6739c: ;   {other}
  0x000001f7bff6739c: 0f1f 8400 | 9437 0042 | 458b d8e9 | 2fd5 ffff | 4c89 b424 | 9800 0000 | 4c89 8c24 | 8800 0000 
  0x000001f7bff673bc: 4889 8424 | 8000 0000 | 894c 2478 | 895c 2474 | 8974 2470 | 4c89 5c24 | 6844 8954 | 244c 4c89 
  0x000001f7bff673dc: 4424 58c5 | fb11 5424 | 604c 896c 

  0x000001f7bff673e8: ;   {metadata({type array byte})}
  0x000001f7bff673e8: 2420 48ba | 185d 16dd | f701 0000 | 448b c190 

  0x000001f7bff673f8: ;   {runtime_call _new_array_nozero_Java}
  0x000001f7bff673f8: c5f8 77e8 

  0x000001f7bff673fc: ; ImmutableOopMap {[40]=Oop [48]=Oop [64]=Oop [72]=NarrowOop [80]=Oop [88]=Oop [128]=Derived_oop_[88] [96]=Oop [104]=Oop [144]=NarrowOop [148]=NarrowOop }
                      ;*newarray {reexecute=0 rethrow=0 return_oop=1}
                      ; - java.util.Arrays::copyOf@15 (line 3540)
                      ; - jdk.internal.loader.Resource::getBytes@94 (line 120)
                      ; - java.net.URLClassLoader::defineClass@179 (line 519)
                      ; - java.net.URLClassLoader$1::run@43 (line 427)
                      ; - java.net.URLClassLoader$1::run@1 (line 421)
  0x000001f7bff673fc: 6042 9dff 

  0x000001f7bff67400: ;   {other}
  0x000001f7bff67400: 0f1f 8400 | f837 0043 | 4c8b c04c | 8b6c 2420 | c5fb 1054 | 2460 448b | 5424 4c4c | 8b5c 2468 
  0x000001f7bff67420: 8b74 2470 | 8b5c 2474 | 8b4c 2478 | 488b 8424 | 8000 0000 | 4c8b 8c24 | 8800 0000 | 4c8b b424 
  0x000001f7bff67440: 9800 0000 | 498b d0e9 | d5e8 ffff | ba45 ffff | ff49 8bee | 4c89 4c24 | 2044 8944 | 2428 6690 
  0x000001f7bff67460: ;   {runtime_call UncommonTrapBlob}
  0x000001f7bff67460: c5f8 77e8 

  0x000001f7bff67464: ; ImmutableOopMap {rbp=Oop [32]=Oop }
                      ;*iflt {reexecute=1 rethrow=0 return_oop=0}
                      ; - (reexecute) java.lang.StringConcatHelper::checkOverflow@2 (line 63)
                      ; - java.lang.StringConcatHelper::mix@23 (line 125)
                      ; - java.lang.StringConcatHelper::simpleConcat@54 (line 374)
                      ; - java.lang.String::concat@11 (line 2990)
                      ; - java.net.URLClassLoader$1::run@13 (line 423)
                      ; - java.net.URLClassLoader$1::run@1 (line 421)
  0x000001f7bff67464: f8ce 90ff 

  0x000001f7bff67468: ;   {other}
  0x000001f7bff67468: 0f1f 8400 | 6038 0044 | ba45 ffff | ff49 8bee | 4c89 4c24 | 284c 896c | 2430 8944 | 2438 6690 
  0x000001f7bff67488: ;   {runtime_call UncommonTrapBlob}
  0x000001f7bff67488: c5f8 77e8 

  0x000001f7bff6748c: ; ImmutableOopMap {rbp=Oop [40]=Oop [48]=Oop }
                      ;*if_icmpne {reexecute=1 rethrow=0 return_oop=0}
                      ; - (reexecute) java.lang.String::getBytes@5 (line 4822)
                      ; - java.lang.StringConcatHelper::prepend@21 (line 307)
                      ; - java.lang.StringConcatHelper::simpleConcat@81 (line 379)
                      ; - java.lang.String::concat@11 (line 2990)
                      ; - java.net.URLClassLoader$1::run@13 (line 423)
                      ; - java.net.URLClassLoader$1::run@1 (line 421)
  0x000001f7bff6748c: d0ce 90ff 

  0x000001f7bff67490: ;   {other}
  0x000001f7bff67490: 0f1f 8400 | 8838 0045 | ba45 ffff | ff49 8bee | 4c89 4c24 | 2048 8974 | 2428 8944 | 2430 6690 
  0x000001f7bff674b0: ;   {runtime_call UncommonTrapBlob}
  0x000001f7bff674b0: c5f8 77e8 

  0x000001f7bff674b4: ; ImmutableOopMap {rbp=Oop [32]=Oop }
                      ;*if_icmpne {reexecute=1 rethrow=0 return_oop=0}
                      ; - (reexecute) java.lang.StringConcatHelper::mix@13 (line 122)
                      ; - java.lang.StringConcatHelper::simpleConcat@46 (line 373)
                      ; - java.lang.String::concat@11 (line 2990)
                      ; - java.net.URLClassLoader$1::run@13 (line 423)
                      ; - java.net.URLClassLoader$1::run@1 (line 421)
  0x000001f7bff674b4: a8ce 90ff 

  0x000001f7bff674b8: ;   {other}
  0x000001f7bff674b8: 0f1f 8400 | b038 0046 | 4983 c1fe | 498b c948 | 33c0 4883 | f908 7f10 | 48ff c978 | 4f48 8904 
  0x000001f7bff674d8: cf48 ffc9 | 7df7 eb44 | c5fd efc0 | e90d 0000 | 00c5 fe7f | 07c5 fe7f | 4720 4883 | c740 4883 
  0x000001f7bff674f8: e908 7ded | 4883 c104 | 7c0c c5fe | 7f07 4883 | c720 4883 | e904 4883 | c104 7e10 | 48ff c9c5 
  0x000001f7bff67518: f9d6 0748 | 83c7 0848 | ffc9 7df3 | e902 d7ff | ffba ccff | ffff 488b | 6c24 3044 | 895c 2424 
  0x000001f7bff67538: 4c89 6c24 | 4089 7424 | 4848 895c | 2458 4489 | 4c24 4c90 

  0x000001f7bff6754c: ;   {runtime_call UncommonTrapBlob}
  0x000001f7bff6754c: c5f8 77e8 

  0x000001f7bff67550: ; ImmutableOopMap {rbp=Oop [64]=Oop [72]=NarrowOop [76]=NarrowOop [88]=Oop [144]=NarrowOop [148]=NarrowOop }
                      ;*newarray {reexecute=1 rethrow=0 return_oop=0}
                      ; - (reexecute) java.util.Arrays::copyOfRange@59 (line 3852)
                      ; - java.lang.StringLatin1::newString@16 (line 856)
                      ; - java.lang.String::substring@41 (line 2930)
                      ; - java.net.URLClassLoader::defineClass@28 (line 489)
                      ; - java.net.URLClassLoader$1::run@43 (line 427)
                      ; - java.net.URLClassLoader$1::run@1 (line 421)
  0x000001f7bff67550: 0cce 90ff 

  0x000001f7bff67554: ;   {other}
  0x000001f7bff67554: 0f1f 8400 | 4c39 0047 | 418b d92b | de4c 8944 | 2470 4889 | 5424 78e9 | d4f2 ffff | 33ed 4585 
  0x000001f7bff67574: d240 0f94 | c5ba 45ff | ffff 48ff | 7424 3048 | 8f44 2420 | 4c89 6c24 | 4044 895c | 2448 4489 
  0x000001f7bff67594: 4424 4c90 

  0x000001f7bff67598: ;   {runtime_call UncommonTrapBlob}
  0x000001f7bff67598: c5f8 77e8 

  0x000001f7bff6759c: ; ImmutableOopMap {[32]=Oop [64]=Oop [72]=NarrowOop [144]=NarrowOop [148]=NarrowOop }
                      ;*ifeq {reexecute=1 rethrow=0 return_oop=0}
                      ; - (reexecute) java.lang.String::lastIndexOf@4 (line 2664)
                      ; - java.lang.String::lastIndexOf@8 (line 2626)
                      ; - java.net.URLClassLoader::defineClass@7 (line 486)
                      ; - java.net.URLClassLoader$1::run@43 (line 427)
                      ; - java.net.URLClassLoader$1::run@1 (line 421)
  0x000001f7bff6759c: c0cd 90ff 

  0x000001f7bff675a0: ;   {other}
  0x000001f7bff675a0: 0f1f 8400 | 9839 0048 | 498b d7c5 | f877 49ba | e007 3ca7 | fd7f 0000 

  0x000001f7bff675b8: ;   {other}
  0x000001f7bff675b8: 41ff d20f | 1f84 0000 | 0000 00e9 | 17dd ffff | ba45 ffff | ff4c 8b44 | 2430 4c89 | 4424 204c 
  0x000001f7bff675d8: 8954 2428 | 4c8b 5424 | 504c 8954 | 2440 4889 | 4424 5044 | 895c 245c 

  0x000001f7bff675f0: ;   {runtime_call UncommonTrapBlob}
  0x000001f7bff675f0: c5f8 77e8 

  0x000001f7bff675f4: ; ImmutableOopMap {rbp=Oop [32]=Oop [40]=Oop [64]=Oop [80]=Oop [92]=NarrowOop [144]=NarrowOop [148]=NarrowOop }
                      ;*ifnull {reexecute=1 rethrow=0 return_oop=0}
                      ; - (reexecute) java.security.CodeSource::<init>@25 (line 122)
                      ; - java.net.URLClassLoader::defineClass@198 (line 522)
                      ; - java.net.URLClassLoader$1::run@43 (line 427)
                      ; - java.net.URLClassLoader$1::run@1 (line 421)
  0x000001f7bff675f4: 68cd 90ff 

  0x000001f7bff675f8: ;   {other}
  0x000001f7bff675f8: 0f1f 8400 | f039 0049 | ba45 ffff | ff4c 8b54 | 2430 4c89 | 5424 204c | 8b54 2440 | 4c89 5424 
  0x000001f7bff67618: 284c 8b54 | 2450 4c89 | 5424 384c | 896c 2440 | 4c89 4424 | 4844 895c | 2454 6690 

  0x000001f7bff67634: ;   {runtime_call UncommonTrapBlob}
  0x000001f7bff67634: c5f8 77e8 

  0x000001f7bff67638: ; ImmutableOopMap {rbp=NarrowOop [32]=Oop [40]=Oop [56]=Oop [64]=Oop [84]=NarrowOop [144]=NarrowOop [148]=NarrowOop }
                      ;*ifnull {reexecute=1 rethrow=0 return_oop=0}
                      ; - (reexecute) java.nio.Buffer::session@4 (line 792)
                      ; - java.nio.DirectLongBufferU::get@4 (line 342)
                      ; - jdk.internal.perf.PerfCounter::get@5 (line 84)
                      ; - jdk.internal.perf.PerfCounter::add@1 (line 98)
                      ; - jdk.internal.perf.PerfCounter::addElapsedTimeFrom@6 (line 120)
                      ; - java.net.URLClassLoader::defineClass@207 (line 523)
                      ; - java.net.URLClassLoader$1::run@43 (line 427)
                      ; - java.net.URLClassLoader$1::run@1 (line 421)
  0x000001f7bff67638: 24cd 90ff 

  0x000001f7bff6763c: ;   {other}
  0x000001f7bff6763c: 0f1f 8400 | 343a 004a | ba3d ffff | ff48 8b6c | 2430 4489 | 5c24 2444 | 895c 2428 | 4c89 6c24 
  0x000001f7bff6765c: 4889 7424 | 4489 5c24 | 5866 6690 

  0x000001f7bff67668: ;   {runtime_call UncommonTrapBlob}
  0x000001f7bff67668: c5f8 77e8 

  0x000001f7bff6766c: ; ImmutableOopMap {rbp=Oop [68]=NarrowOop [72]=Oop [144]=NarrowOop [148]=NarrowOop }
                      ;*if_icmpgt {reexecute=1 rethrow=0 return_oop=0}
                      ; - (reexecute) jdk.internal.util.Preconditions::checkFromToIndex@6 (line 348)
                      ; - java.lang.String::checkBoundsBeginEnd@6 (line 4963)
                      ; - java.lang.String::substring@8 (line 2925)
                      ; - java.net.URLClassLoader::defineClass@28 (line 489)
                      ; - java.net.URLClassLoader$1::run@43 (line 427)
                      ; - java.net.URLClassLoader$1::run@1 (line 421)
  0x000001f7bff6766c: f0cc 90ff 

  0x000001f7bff67670: ;   {other}
  0x000001f7bff67670: 0f1f 8400 | 683a 004b | ba45 ffff | ff4c 8b5c | 2430 4c89 | 5c24 204c | 8b5c 2440 | 4c89 5c24 
  0x000001f7bff67690: 284c 8b5c | 2450 4c89 | 5c24 404c | 8954 2468 

  0x000001f7bff676a0: ;   {runtime_call UncommonTrapBlob}
  0x000001f7bff676a0: c5f8 77e8 

  0x000001f7bff676a4: ; ImmutableOopMap {[32]=Oop [40]=Oop [64]=Oop [72]=NarrowOop [96]=Oop [104]=Oop [144]=NarrowOop [148]=NarrowOop }
                      ;*ifeq {reexecute=1 rethrow=0 return_oop=0}
                      ; - (reexecute) java.lang.Thread::getAndClearInterrupt@6 (line 1775)
                      ; - java.lang.Thread::interrupted@3 (line 1739)
                      ; - jdk.internal.loader.Resource::getBytes@5 (line 96)
                      ; - jdk.internal.loader.URLClassPath$JarLoader$2::getBytes@1 (line 851)
                      ; - java.net.URLClassLoader::defineClass@179 (line 519)
                      ; - java.net.URLClassLoader$1::run@43 (line 427)
                      ; - java.net.URLClassLoader$1::run@1 (line 421)
  0x000001f7bff676a4: b8cc 90ff 

  0x000001f7bff676a8: ;   {other}
  0x000001f7bff676a8: 0f1f 8400 | a03a 004c | ba45 ffff | ff48 8b6c | 2430 4c8b | 5c24 404c | 895c 2420 | 48ff 7424 
  0x000001f7bff676c8: 5048 8f44 | 2430 448b | 4c24 4844 | 894c 2440 | 4c89 4424 | 5044 8954 | 2444 6690 

  0x000001f7bff676e4: ;   {runtime_call UncommonTrapBlob}
  0x000001f7bff676e4: c5f8 77e8 

  0x000001f7bff676e8: ; ImmutableOopMap {rbp=Oop [32]=Oop [48]=Oop [64]=NarrowOop [80]=Oop [96]=Oop [144]=NarrowOop [148]=NarrowOop }
                      ;*if_icmpne {reexecute=1 rethrow=0 return_oop=0}
                      ; - (reexecute) jdk.internal.loader.Resource::getBytes@36 (line 110)
                      ; - jdk.internal.loader.URLClassPath$JarLoader$2::getBytes@1 (line 851)
                      ; - java.net.URLClassLoader::defineClass@179 (line 519)
                      ; - java.net.URLClassLoader$1::run@43 (line 427)
                      ; - java.net.URLClassLoader$1::run@1 (line 421)
  0x000001f7bff676e8: 74cc 90ff 

  0x000001f7bff676ec: ;   {other}
  0x000001f7bff676ec: 0f1f 8400 | e43a 004d | ba45 ffff | ff48 8b6c | 2430 4c8b | 5424 404c | 8954 2420 | 448b 5424 
  0x000001f7bff6770c: 4844 8954 | 2440 4c8b | 5424 504c | 8954 2448 | 48ff 7424 | 6048 8f44 | 2458 4489 | 4424 6090 
  0x000001f7bff6772c: ;   {runtime_call UncommonTrapBlob}
  0x000001f7bff6772c: c5f8 77e8 

  0x000001f7bff67730: ; ImmutableOopMap {rbp=Oop [32]=Oop [64]=NarrowOop [72]=Oop [88]=Oop [144]=NarrowOop [148]=NarrowOop }
                      ;*ifgt {reexecute=1 rethrow=0 return_oop=0}
                      ; - (reexecute) java.util.zip.CRC32::updateBytesCheck@1 (line 147)
                      ; - java.util.zip.CRC32::updateBytes@3 (line 139)
                      ; - java.util.zip.CRC32::update@31 (line 79)
                      ; - java.util.zip.Checksum::update@5 (line 58)
                      ; - jdk.internal.loader.URLClassPath$JarLoader$2::getBytes@15 (line 853)
                      ; - java.net.URLClassLoader::defineClass@179 (line 519)
                      ; - java.net.URLClassLoader$1::run@43 (line 427)
                      ; - java.net.URLClassLoader$1::run@1 (line 421)
  0x000001f7bff67730: 2ccc 90ff 

  0x000001f7bff67734: ;   {other}
  0x000001f7bff67734: 0f1f 8400 | 2c3b 004e | 4d3b c2bd | ffff ffff | 7c08 400f | 95c5 400f | b6ed ba45 | ffff ff4c 
  0x000001f7bff67754: 8b54 2430 | 4c89 5424 | 204c 8b54 | 2440 4c89 | 5424 2890 

  0x000001f7bff67768: ;   {runtime_call UncommonTrapBlob}
  0x000001f7bff67768: c5f8 77e8 

  0x000001f7bff6776c: ; ImmutableOopMap {[32]=Oop [40]=Oop [72]=NarrowOop [80]=Oop [96]=Oop [144]=NarrowOop [148]=NarrowOop }
                      ;*ifeq {reexecute=1 rethrow=0 return_oop=0}
                      ; - (reexecute) jdk.internal.loader.URLClassPath$JarLoader$2::getBytes@30 (line 854)
                      ; - java.net.URLClassLoader::defineClass@179 (line 519)
                      ; - java.net.URLClassLoader$1::run@43 (line 427)
                      ; - java.net.URLClassLoader$1::run@1 (line 421)
  0x000001f7bff6776c: f0cb 90ff 

  0x000001f7bff67770: ;   {other}
  0x000001f7bff67770: 0f1f 8400 | 683b 004f 

  0x000001f7bff67778: ;   {metadata({type array byte})}
  0x000001f7bff67778: 418b ea48 | ba18 5d16 | ddf7 0100 | 0045 33c0 

  0x000001f7bff67788: ;   {runtime_call _new_array_Java}
  0x000001f7bff67788: c5f8 77e8 

  0x000001f7bff6778c: ; ImmutableOopMap {[40]=Oop [48]=Oop [64]=Oop [72]=NarrowOop [80]=Oop [96]=Oop [144]=NarrowOop [148]=NarrowOop }
                      ;*newarray {reexecute=0 rethrow=0 return_oop=1}
                      ; - jdk.internal.loader.Resource::getBytes@30 (line 109)
                      ; - java.net.URLClassLoader::defineClass@179 (line 519)
                      ; - java.net.URLClassLoader$1::run@43 (line 427)
                      ; - java.net.URLClassLoader$1::run@1 (line 421)
  0x000001f7bff6778c: d064 9dff 

  0x000001f7bff67790: ;   {other}
  0x000001f7bff67790: 0f1f 8400 | 883b 0050 | 4c8b c044 | 8bd5 6690 | e963 e4ff | ff4c 8954 | 2448 4889 | 5c24 4089 
  0x000001f7bff677b0: 7424 284c | 8974 2420 | 498b d7c5 | f877 49ba | e007 3ca7 | fd7f 0000 

  0x000001f7bff677c8: ;   {other}
  0x000001f7bff677c8: 41ff d20f | 1f84 0000 | 0000 004c | 8b74 2420 | 8b74 2428 | 488b 5c24 | 404c 8b54 | 2448 e94b 
  0x000001f7bff677e8: d4ff ffc4 | c1f9 6ec8 | c4e1 f96e | c789 7424 | 2044 8bf3 | 458b eac4 | e1f9 7ed6 | 488b da4c 
  0x000001f7bff67808: 63c5 4d8d | 5010 498b | ca48 83e1 | f849 8bf9 | 4803 f949 | 8be9 49c1 | ea03 4d2b | da49 8bcb 
  0x000001f7bff67828: 4833 c048 | 83f9 087f | 1048 ffc9 | 784f 4889 | 04cf 48ff | c97d f7eb | 44c5 edef | d2e9 0d00 
  0x000001f7bff67848: 0000 c5fe | 7f17 c5fe | 7f57 2048 | 83c7 4048 | 83e9 087d | ed48 83c1 | 047c 0cc5 | fe7f 1748 
  0x000001f7bff67868: 83c7 2048 | 83e9 0448 | 83c1 047e | 1048 ffc9 | c5f9 d617 | 4883 c708 | 48ff c97d | f3c4 e1f9 
  0x000001f7bff67888: 7ec1 c4e1 | f97e cac5 | f877 49ba | 8055 85bf | f701 0000 

  0x000001f7bff6789c: ;   {other}
  0x000001f7bff6789c: 41ff d20f | 1f84 0000 | 0000 0048 | 8bd3 c4e1 | f96e d645 | 8bd5 418b | de8b 7424 | 204c 8bcd 
  0x000001f7bff678bc: 0f1f 4000 | e975 efff | ff48 89bc | 2480 0000 | 0048 8944 | 2478 4489 | 4c24 2089 | 5424 4c48 
  0x000001f7bff678dc: 895c 2470 | 4489 5424 | 244c 8944 | 2468 48ff | 7424 6048 | 8f44 2458 

  0x000001f7bff678f4: ;   {metadata({type array byte})}
  0x000001f7bff678f4: 498b ed48 | ba18 5d16 | ddf7 0100 | 0045 8bc3 

  0x000001f7bff67904: ;   {runtime_call _new_array_nozero_Java}
  0x000001f7bff67904: c5f8 77e8 

  0x000001f7bff67908: ; ImmutableOopMap {[40]=Oop [48]=Oop [64]=Oop [72]=NarrowOop [80]=Oop [88]=Oop [104]=Oop [120]=Derived_oop_[104] [112]=Oop [144]=NarrowOop [148]=NarrowOop }
                      ;*invokevirtual clone {reexecute=1 rethrow=0 return_oop=1}
                      ; - (reexecute) java.util.Arrays::copyOf@7 (line 3538)
                      ; - jdk.internal.loader.Resource::getBytes@94 (line 120)
                      ; - jdk.internal.loader.URLClassPath$JarLoader$2::getBytes@1 (line 851)
                      ; - java.net.URLClassLoader::defineClass@179 (line 519)
                      ; - java.net.URLClassLoader$1::run@43 (line 427)
                      ; - java.net.URLClassLoader$1::run@1 (line 421)
  0x000001f7bff67908: 543d 9dff 

  0x000001f7bff6790c: ;   {other}
  0x000001f7bff6790c: 0f1f 8400 | 043d 0051 | 488b c8e9 | bde6 ffff | 4963 c990 | 4181 f900 | 0010 000f | 8708 0600 
  0x000001f7bff6792c: 004d 8b9f | b801 0000 | 488d 4117 | 4883 e0f8 | 498b eb48 | 03e8 493b | afc8 0100 | 000f 83e6 
  0x000001f7bff6794c: 0500 0049 | 89af b801 | 0000 0f0d | 8dc0 0000 | 0049 c703 | 0100 0000 | 0f0d 8d00 

  0x000001f7bff67968: ;   {metadata({type array byte})}
  0x000001f7bff67968: 0100 0041 | c743 0818 | 5d16 0045 | 894b 0c0f | 0d8d 4001 | 0000 0f0d | 8d80 0100 | 0048 8bea 
  0x000001f7bff67988: c5fb 1154 | 2458 4489 | 5424 4c89 | 5c24 6089 | 7424 6448 | 897c 2468 | 4889 4c24 | 7049 8bd3 
  0x000001f7bff679a8: 4883 c210 | 498b db4c | 8b54 2470 | 4983 c207 | 49c1 ea03 | 488b 4c24 | 684d 8bc2 | c5f8 7749 
  0x000001f7bff679c8: ba20 5c85 | bff7 0100 | 0041 ffd2 

  0x000001f7bff679d4: ;   {other}
  0x000001f7bff679d4: 0f1f 8400 | 0000 0000 | 4c8b db48 | 8bd5 c5fb | 1054 2458 | 448b 5424 | 4c8b 5c24 | 608b 7424 
  0x000001f7bff679f4: 644d 8bcb | e93d eeff | ff48 83c2 | fe48 8bca | 498b f848 | 33c0 4883 | f908 7f10 | 48ff c978 
  0x000001f7bff67a14: 4f48 8904 | cf48 ffc9 | 7df7 eb44 | c5fd efc0 | e90d 0000 | 00c5 fe7f | 07c5 fe7f | 4720 4883 
  0x000001f7bff67a34: c740 4883 | e908 7ded | 4883 c104 | 7c0c c5fe | 7f07 4883 | c720 4883 | e904 4883 | c104 7e10 
  0x000001f7bff67a54: 48ff c9c5 | f9d6 0748 | 83c7 0848 | ffc9 7df3 | e907 e0ff | ff41 8beb | e911 f4ff | ff41 8beb 
  0x000001f7bff67a74: e912 f4ff | ff89 4424 | 2489 6c24 | 2048 8b6c | 2478 e9ac | f8ff ff44 | 894c 2420 | 418b ebe9 
  0x000001f7bff67a94: cff8 ffff | 4889 8424 | 8800 0000 | 4c89 9c24 | 8000 0000 | 4889 7c24 | 7889 7424 | 7089 4c24 
  0x000001f7bff67ab4: 6c89 5c24 | 6844 8954 | 244c 4c89 | 4424 58c5 | fb11 5424 | 6048 8954 

  0x000001f7bff67acc: ;   {metadata({type array byte})}
  0x000001f7bff67acc: 2420 48ba | 185d 16dd | f701 0000 | 448b c190 

  0x000001f7bff67adc: ;   {runtime_call _new_array_nozero_Java}
  0x000001f7bff67adc: c5f8 77e8 

  0x000001f7bff67ae0: ; ImmutableOopMap {[40]=Oop [48]=Oop [64]=Oop [72]=NarrowOop [80]=Oop [88]=Oop [120]=Derived_oop_[88] [96]=Oop [144]=NarrowOop [148]=NarrowOop }
                      ;*newarray {reexecute=0 rethrow=0 return_oop=1}
                      ; - java.util.Arrays::copyOf@15 (line 3540)
                      ; - jdk.internal.loader.Resource::getBytes@94 (line 120)
                      ; - java.net.URLClassLoader::defineClass@179 (line 519)
                      ; - java.net.URLClassLoader$1::run@43 (line 427)
                      ; - java.net.URLClassLoader$1::run@1 (line 421)
  0x000001f7bff67ae0: 7c3b 9dff 

  0x000001f7bff67ae4: ;   {other}
  0x000001f7bff67ae4: 0f1f 8400 | dc3e 0052 | 4c8b c048 | 8b54 2420 | c5fb 1054 | 2460 448b | 5424 4c8b | 5c24 688b 
  0x000001f7bff67b04: 4c24 6c8b | 7424 7048 | 8b7c 2478 | 4c8b 9c24 | 8000 0000 | 488b 8424 | 8800 0000 | 4d8b c8e9 
  0x000001f7bff67b24: 9fec ffff | 4983 c1fe | 498b c949 | 8bf8 4833 | c048 83f9 | 087f 1048 | ffc9 784f | 4889 04cf 
  0x000001f7bff67b44: 48ff c97d | f7eb 44c5 | fdef c0e9 | 0d00 0000 | c5fe 7f07 | c5fe 7f47 | 2048 83c7 | 4048 83e9 
  0x000001f7bff67b64: 087d ed48 | 83c1 047c | 0cc5 fe7f | 0748 83c7 | 2048 83e9 | 0448 83c1 | 047e 1048 | ffc9 c5f9 
  0x000001f7bff67b84: d607 4883 | c708 48ff | c97d f3e9 | 04e2 ffff | 8bee 4c89 | 4424 2889 | 5c24 2090 | eb0b 8bee 
  0x000001f7bff67ba4: 4c89 4424 | 2889 5c24 | 20ba ccff | ffff c5fb | 1154 2458 | 4489 5424 | 6089 4c24 | 6866 6690 
  0x000001f7bff67bc4: ;   {runtime_call UncommonTrapBlob}
  0x000001f7bff67bc4: c5f8 77e8 

  0x000001f7bff67bc8: ; ImmutableOopMap {[40]=Oop [48]=Oop [64]=Oop [72]=NarrowOop [80]=Oop [88]=Oop [144]=NarrowOop [148]=NarrowOop }
                      ;*newarray {reexecute=1 rethrow=0 return_oop=0}
                      ; - (reexecute) java.util.Arrays::copyOf@15 (line 3540)
                      ; - jdk.internal.loader.Resource::getBytes@94 (line 120)
                      ; - java.net.URLClassLoader::defineClass@179 (line 519)
                      ; - java.net.URLClassLoader$1::run@43 (line 427)
                      ; - java.net.URLClassLoader$1::run@1 (line 421)
  0x000001f7bff67bc8: 94c7 90ff 

  0x000001f7bff67bcc: ;   {other}
  0x000001f7bff67bcc: 0f1f 8400 | c43f 0053 | 498b d7c5 | f877 49ba | e007 3ca7 | fd7f 0000 

  0x000001f7bff67be4: ;   {other}
  0x000001f7bff67be4: 41ff d20f | 1f84 0000 | 0000 00e9 | dcdb ffff | baf6 ffff | ff48 8b6c | 2430 4c8b | 5424 404c 
  0x000001f7bff67c04: 8954 2420 | 448b 5424 | 4844 8954 | 2440 4c89 | 5c24 4890 

  0x000001f7bff67c18: ;   {runtime_call UncommonTrapBlob}
  0x000001f7bff67c18: c5f8 77e8 

  0x000001f7bff67c1c: ; ImmutableOopMap {rbp=Oop [32]=Oop [64]=NarrowOop [72]=Oop [96]=Oop [144]=NarrowOop [148]=NarrowOop }
                      ;*invokevirtual length {reexecute=0 rethrow=0 return_oop=0}
                      ; - jdk.internal.loader.URLClassPath$FileLoader$1::getContentLength@4 (line 1083)
                      ; - jdk.internal.loader.Resource::getBytes@10 (line 100)
                      ; - java.net.URLClassLoader::defineClass@179 (line 519)
                      ; - java.net.URLClassLoader$1::run@43 (line 427)
                      ; - java.net.URLClassLoader$1::run@1 (line 421)
  0x000001f7bff67c1c: 40c7 90ff 

  0x000001f7bff67c20: ;   {other}
  0x000001f7bff67c20: 0f1f 8400 | 1840 0054 | bac6 ffff | ff48 8b6c | 2430 4489 | 5c24 204c | 896c 2440 | 4c89 6c24 
  0x000001f7bff67c40: 4866 6690 

  0x000001f7bff67c44: ;   {runtime_call UncommonTrapBlob}
  0x000001f7bff67c44: c5f8 77e8 

  0x000001f7bff67c48: ; ImmutableOopMap {rbp=Oop [64]=Oop [72]=Oop [144]=NarrowOop [148]=NarrowOop }
                      ;*invokevirtual getCodeSourceURL {reexecute=0 rethrow=0 return_oop=0}
                      ; - java.net.URLClassLoader::defineClass@13 (line 487)
                      ; - java.net.URLClassLoader$1::run@43 (line 427)
                      ; - java.net.URLClassLoader$1::run@1 (line 421)
  0x000001f7bff67c48: 14c7 90ff 

  0x000001f7bff67c4c: ;   {other}
  0x000001f7bff67c4c: 0f1f 8400 | 4440 0055 | bac6 ffff | ff48 8b6c | 2430 4c89 | 4424 3044 | 8b54 2448 | 4489 5424 
  0x000001f7bff67c6c: 404c 8944 | 2448 6690 

  0x000001f7bff67c74: ;   {runtime_call UncommonTrapBlob}
  0x000001f7bff67c74: c5f8 77e8 

  0x000001f7bff67c78: ; ImmutableOopMap {rbp=Oop [48]=Oop [64]=NarrowOop [72]=Oop [144]=NarrowOop [148]=NarrowOop }
                      ;*invokevirtual getBytes {reexecute=0 rethrow=0 return_oop=0}
                      ; - java.net.URLClassLoader::defineClass@179 (line 519)
                      ; - java.net.URLClassLoader$1::run@43 (line 427)
                      ; - java.net.URLClassLoader$1::run@1 (line 421)
  0x000001f7bff67c78: e4c6 90ff 

  0x000001f7bff67c7c: ;   {other}
  0x000001f7bff67c7c: 0f1f 8400 | 7440 0056 | bac6 ffff | ff48 8b6c | 2430 4c8b | 5c24 384c | 895c 2430 | 448b 4424 
  0x000001f7bff67c9c: 4844 8944 | 2438 4c89 | 5424 4890 

  0x000001f7bff67ca8: ;   {runtime_call UncommonTrapBlob}
  0x000001f7bff67ca8: c5f8 77e8 

  0x000001f7bff67cac: ; ImmutableOopMap {rbp=Oop [56]=NarrowOop [72]=Oop [80]=Oop [144]=NarrowOop [148]=NarrowOop }
                      ;*invokevirtual getCodeSigners {reexecute=0 rethrow=0 return_oop=0}
                      ; - java.net.URLClassLoader::defineClass@185 (line 521)
                      ; - java.net.URLClassLoader$1::run@43 (line 427)
                      ; - java.net.URLClassLoader$1::run@1 (line 421)
  0x000001f7bff67cac: b0c6 90ff 

  0x000001f7bff67cb0: ;   {other}
  0x000001f7bff67cb0: 0f1f 8400 | a840 0057 | 8944 2424 | 488b 6c24 | 68ba 45ff | ffff 4c8b | 5424 304c | 8954 2428 
  0x000001f7bff67cd0: 4c8b 5424 | 404c 8954 | 2430 6690 

  0x000001f7bff67cdc: ;   {runtime_call UncommonTrapBlob}
  0x000001f7bff67cdc: c5f8 77e8 

  0x000001f7bff67ce0: ; ImmutableOopMap {rbp=Oop [40]=Oop [48]=Oop [72]=NarrowOop [80]=Oop [96]=Oop [144]=NarrowOop [148]=NarrowOop }
                      ;*ifge {reexecute=1 rethrow=0 return_oop=0}
                      ; - (reexecute) jdk.internal.loader.Resource::getBytes@135 (line 131)
                      ; - java.net.URLClassLoader::defineClass@179 (line 519)
                      ; - java.net.URLClassLoader$1::run@43 (line 427)
                      ; - java.net.URLClassLoader$1::run@1 (line 421)
  0x000001f7bff67ce0: 7cc6 90ff 

  0x000001f7bff67ce4: ;   {other}
  0x000001f7bff67ce4: 0f1f 8400 | dc40 0058 | 895c 2424 | 8974 2420 | 498b e8ba | 45ff ffff | 4c8b 5c24 | 304c 895c 
  0x000001f7bff67d04: 2428 4c8b | 5c24 404c | 895c 2430 | c5fb 1154 | 2458 4489 | 5424 4c90 

  0x000001f7bff67d1c: ;   {runtime_call UncommonTrapBlob}
  0x000001f7bff67d1c: c5f8 77e8 

  0x000001f7bff67d20: ; ImmutableOopMap {rbp=Oop [40]=Oop [48]=Oop [72]=NarrowOop [80]=Oop [88]=Oop [144]=NarrowOop [148]=NarrowOop }
                      ;*ifge {reexecute=1 rethrow=0 return_oop=0}
                      ; - (reexecute) jdk.internal.loader.Resource::getBytes@78 (line 116)
                      ; - java.net.URLClassLoader::defineClass@179 (line 519)
                      ; - java.net.URLClassLoader$1::run@43 (line 427)
                      ; - java.net.URLClassLoader$1::run@1 (line 421)
  0x000001f7bff67d20: 3cc6 90ff 

  0x000001f7bff67d24: ;   {other}
  0x000001f7bff67d24: 0f1f 8400 | 1c41 0059 | 4889 7424 | 7848 897c | 2470 8bca | 4489 5c24 | 4c44 894c | 2420 4489 
  0x000001f7bff67d44: 5424 244c | 8944 2468 | 48ff 7424 | 6048 8f44 | 2458 488b 

  0x000001f7bff67d58: ;   {metadata({type array byte})}
  0x000001f7bff67d58: eb48 ba18 | 5d16 ddf7 | 0100 0044 | 8bc1 6690 

  0x000001f7bff67d68: ;   {runtime_call _new_array_nozero_Java}
  0x000001f7bff67d68: c5f8 77e8 

  0x000001f7bff67d6c: ; ImmutableOopMap {[40]=Oop [48]=Oop [64]=Oop [72]=NarrowOop [80]=Oop [88]=Oop [104]=Oop [112]=Derived_oop_[104] [144]=NarrowOop [148]=NarrowOop }
                      ;*invokevirtual clone {reexecute=1 rethrow=0 return_oop=1}
                      ; - (reexecute) java.util.Arrays::copyOf@7 (line 3538)
                      ; - jdk.internal.loader.Resource::getBytes@94 (line 120)
                      ; - jdk.internal.loader.URLClassPath$JarLoader$2::getBytes@1 (line 851)
                      ; - java.net.URLClassLoader::defineClass@179 (line 519)
                      ; - java.net.URLClassLoader$1::run@43 (line 427)
                      ; - java.net.URLClassLoader$1::run@1 (line 421)
  0x000001f7bff67d6c: f038 9dff 

  0x000001f7bff67d70: ;   {other}
  0x000001f7bff67d70: 0f1f 8400 | 6841 005a | 488b c80f | 1f44 0000 | e9ad ecff | ffba 45ff | ffff 4c8b | 5424 304c 
  0x000001f7bff67d90: 8954 2420 | 4c8b 5424 | 404c 8954 | 2428 4889 | 4424 584c | 895c 2460 

  0x000001f7bff67da8: ;   {runtime_call UncommonTrapBlob}
  0x000001f7bff67da8: c5f8 77e8 

  0x000001f7bff67dac: ; ImmutableOopMap {[32]=Oop [40]=Oop [72]=NarrowOop [80]=Oop [88]=Oop [96]=Oop [144]=NarrowOop [148]=NarrowOop }
                      ;*ifeq {reexecute=1 rethrow=0 return_oop=0}
                      ; - (reexecute) java.lang.Thread::getAndClearInterrupt@6 (line 1775)
                      ; - java.lang.Thread::interrupted@3 (line 1739)
                      ; - jdk.internal.loader.Resource::getBytes@5 (line 96)
                      ; - java.net.URLClassLoader::defineClass@179 (line 519)
                      ; - java.net.URLClassLoader$1::run@43 (line 427)
                      ; - java.net.URLClassLoader$1::run@1 (line 421)
  0x000001f7bff67dac: b0c5 90ff 

  0x000001f7bff67db0: ;   {other}
  0x000001f7bff67db0: 0f1f 8400 | a841 005b | ba45 ffff | ff48 8b6c | 2430 4c8b | 5c24 404c | 895c 2420 | 4c8b 5c24 
  0x000001f7bff67dd0: 504c 895c | 2430 448b | 4c24 4844 | 894c 2440 | 4c89 4424 | 4844 8954 | 2444 6690 

  0x000001f7bff67dec: ;   {runtime_call UncommonTrapBlob}
  0x000001f7bff67dec: c5f8 77e8 

  0x000001f7bff67df0: ; ImmutableOopMap {rbp=Oop [32]=Oop [48]=Oop [64]=NarrowOop [72]=Oop [96]=Oop [144]=NarrowOop [148]=NarrowOop }
                      ;*if_icmpne {reexecute=1 rethrow=0 return_oop=0}
                      ; - (reexecute) jdk.internal.loader.Resource::getBytes@36 (line 110)
                      ; - java.net.URLClassLoader::defineClass@179 (line 519)
                      ; - java.net.URLClassLoader$1::run@43 (line 427)
                      ; - java.net.URLClassLoader$1::run@1 (line 421)
  0x000001f7bff67df0: 6cc5 90ff 

  0x000001f7bff67df4: ;   {other}
  0x000001f7bff67df4: 0f1f 8400 | ec41 005c | 4889 7c24 | 7848 8944 | 2470 895c | 246c 8974 | 2468 4c89 | 5c24 6044 
  0x000001f7bff67e14: 8954 244c | 4c89 4424 | 20c5 fb11 | 5424 5849 

  0x000001f7bff67e24: ;   {metadata({type array byte})}
  0x000001f7bff67e24: 8bed 48ba | 185d 16dd | f701 0000 | 458b c190 

  0x000001f7bff67e34: ;   {runtime_call _new_array_nozero_Java}
  0x000001f7bff67e34: c5f8 77e8 

  0x000001f7bff67e38: ; ImmutableOopMap {[32]=Oop [112]=Derived_oop_[32] [40]=Oop [48]=Oop [64]=Oop [72]=NarrowOop [80]=Oop [88]=Oop [96]=Oop [144]=NarrowOop [148]=NarrowOop }
                      ;*invokevirtual clone {reexecute=1 rethrow=0 return_oop=1}
                      ; - (reexecute) java.util.Arrays::copyOf@7 (line 3538)
                      ; - jdk.internal.loader.Resource::getBytes@94 (line 120)
                      ; - java.net.URLClassLoader::defineClass@179 (line 519)
                      ; - java.net.URLClassLoader$1::run@43 (line 427)
                      ; - java.net.URLClassLoader$1::run@1 (line 421)
  0x000001f7bff67e38: 2438 9dff 

  0x000001f7bff67e3c: ;   {other}
  0x000001f7bff67e3c: 0f1f 8400 | 3442 005d | 488b c8e9 | 9dee ffff | ba66 ffff | ff48 8b6c | 2430 4c8b | 5424 404c 
  0x000001f7bff67e5c: 8954 2420 | 4c8b 5424 | 604c 8954 | 2430 448b | 5424 5044 | 8954 2440 | 448b 5424 | 5445 8bda 
  0x000001f7bff67e7c: 4489 5c24 | 5066 6690 

  0x000001f7bff67e84: ;   {runtime_call UncommonTrapBlob}
  0x000001f7bff67e84: c5f8 77e8 

  0x000001f7bff67e88: ; ImmutableOopMap {rbp=Oop [32]=Oop [48]=Oop [64]=NarrowOop [80]=NarrowOop [84]=NarrowOop [144]=NarrowOop [148]=NarrowOop [152]=Oop }
                      ;*invokevirtual getManifest {reexecute=0 rethrow=0 return_oop=0}
                      ; - java.util.jar.JarFile::maybeInstantiateVerifier@31 (line 723)
                      ; - java.util.jar.JarFile::ensureInitialization@1 (line 1063)
                      ; - java.util.jar.JavaUtilJarAccessImpl::ensureInitialization@1 (line 42)
                      ; - jdk.internal.loader.URLClassPath$JarLoader$2::getManifest@10 (line 841)
                      ; - java.net.URLClassLoader::defineClass@34 (line 491)
                      ; - java.net.URLClassLoader$1::run@43 (line 427)
                      ; - java.net.URLClassLoader$1::run@1 (line 421)
  0x000001f7bff67e88: d4c4 90ff 

  0x000001f7bff67e8c: ;   {other}
  0x000001f7bff67e8c: 0f1f 8400 | 8442 005e | 4983 c3fe | 498b cb49 | 8bf8 4833 | c048 83f9 | 087f 1048 | ffc9 784f 
  0x000001f7bff67eac: 4889 04cf | 48ff c97d | f7eb 44c5 | fdef c0e9 | 0d00 0000 | c5fe 7f07 | c5fe 7f47 | 2048 83c7 
  0x000001f7bff67ecc: 4048 83e9 | 087d ed48 | 83c1 047c | 0cc5 fe7f | 0748 83c7 | 2048 83e9 | 0448 83c1 | 047e 1048 
  0x000001f7bff67eec: ffc9 c5f9 | d607 4883 | c708 48ff | c97d f30f | 1f44 0000 | e935 e9ff | ff8b eee9 | 8afc ffff 
  0x000001f7bff67f0c: 8bee e991 | fcff ff89 | 4424 2489 | 6c24 2048 | 8b6c 2470 | e99c fdff | ff89 5c24 | 2489 7424 
  0x000001f7bff67f2c: 2049 8be8 | e9c2 fdff | ff48 894c | 2470 4889 | 7c24 6889 | 7424 6489 | 5c24 6044 | 8954 244c 
  0x000001f7bff67f4c: 4c89 4424 | 20c5 fb11 | 5424 5848 

  0x000001f7bff67f58: ;   {metadata({type array byte})}
  0x000001f7bff67f58: 8bea 48ba | 185d 16dd | f701 0000 | 458b c190 

  0x000001f7bff67f68: ;   {runtime_call _new_array_nozero_Java}
  0x000001f7bff67f68: c5f8 77e8 

  0x000001f7bff67f6c: ; ImmutableOopMap {[32]=Oop [104]=Derived_oop_[32] [40]=Oop [48]=Oop [64]=Oop [72]=NarrowOop [80]=Oop [88]=Oop [144]=NarrowOop [148]=NarrowOop }
                      ;*invokevirtual clone {reexecute=1 rethrow=0 return_oop=1}
                      ; - (reexecute) java.util.Arrays::copyOf@7 (line 3538)
                      ; - jdk.internal.loader.Resource::getBytes@94 (line 120)
                      ; - java.net.URLClassLoader::defineClass@179 (line 519)
                      ; - java.net.URLClassLoader$1::run@43 (line 427)
                      ; - java.net.URLClassLoader$1::run@1 (line 421)
  0x000001f7bff67f6c: f036 9dff 

  0x000001f7bff67f70: ;   {other}
  0x000001f7bff67f70: 0f1f 8400 | 6843 005f | 4c8b d80f | 1f44 0000 | e920 faff | ffba f6ff | ffff 498b | ee66 6690 
  0x000001f7bff67f90: ;   {runtime_call UncommonTrapBlob}
  0x000001f7bff67f90: c5f8 77e8 

  0x000001f7bff67f94: ; ImmutableOopMap {rbp=Oop }
                      ;*invokevirtual replace {reexecute=0 rethrow=0 return_oop=0}
                      ; - java.net.URLClassLoader$1::run@8 (line 423)
                      ; - java.net.URLClassLoader$1::run@1 (line 421)
  0x000001f7bff67f94: c8c3 90ff 

  0x000001f7bff67f98: ;   {other}
  0x000001f7bff67f98: 0f1f 8400 | 9043 0060 | baf6 ffff | ff49 8bee 

  0x000001f7bff67fa8: ;   {runtime_call UncommonTrapBlob}
  0x000001f7bff67fa8: c5f8 77e8 

  0x000001f7bff67fac: ; ImmutableOopMap {rbp=Oop }
                      ;*arraylength {reexecute=0 rethrow=0 return_oop=0}
                      ; - java.lang.StringLatin1::replace@8 (line 405)
                      ; - java.lang.String::replace@18 (line 3024)
                      ; - java.net.URLClassLoader$1::run@8 (line 423)
                      ; - java.net.URLClassLoader$1::run@1 (line 421)
  0x000001f7bff67fac: b0c3 90ff 

  0x000001f7bff67fb0: ;   {other}
  0x000001f7bff67fb0: 0f1f 8400 | a843 0061 | baf6 ffff | ff49 8bee | 4889 4424 | 2066 6690 

  0x000001f7bff67fc8: ;   {runtime_call UncommonTrapBlob}
  0x000001f7bff67fc8: c5f8 77e8 

  0x000001f7bff67fcc: ; ImmutableOopMap {rbp=Oop [32]=Oop }
                      ;*getfield ucp {reexecute=1 rethrow=0 return_oop=0}
                      ; - (reexecute) java.net.URLClassLoader$1::run@21 (line 424)
                      ; - java.net.URLClassLoader$1::run@1 (line 421)
  0x000001f7bff67fcc: 90c3 90ff 

  0x000001f7bff67fd0: ;   {other}
  0x000001f7bff67fd0: 0f1f 8400 | c843 0062 | baf6 ffff | ff48 8b6c | 2430 4c89 | 6c24 3090 

  0x000001f7bff67fe8: ;   {runtime_call UncommonTrapBlob}
  0x000001f7bff67fe8: c5f8 77e8 

  0x000001f7bff67fec: ; ImmutableOopMap {rbp=Oop [48]=Oop [144]=NarrowOop }
                      ;*invokevirtual lastIndexOf {reexecute=0 rethrow=0 return_oop=0}
                      ; - java.net.URLClassLoader::defineClass@7 (line 486)
                      ; - java.net.URLClassLoader$1::run@43 (line 427)
                      ; - java.net.URLClassLoader$1::run@1 (line 421)
  0x000001f7bff67fec: 70c3 90ff 

  0x000001f7bff67ff0: ;   {other}
  0x000001f7bff67ff0: 0f1f 8400 | e843 0063 | baf6 ffff | ff48 8b6c | 2430 4c89 | 6c24 3090 

  0x000001f7bff68008: ;   {runtime_call UncommonTrapBlob}
  0x000001f7bff68008: c5f8 77e8 

  0x000001f7bff6800c: ; ImmutableOopMap {rbp=Oop [48]=Oop [144]=NarrowOop [148]=NarrowOop }
                      ;*arraylength {reexecute=0 rethrow=0 return_oop=0}
                      ; - java.lang.String::length@4 (line 1593)
                      ; - java.lang.String::lastIndexOf@3 (line 2626)
                      ; - java.net.URLClassLoader::defineClass@7 (line 486)
                      ; - java.net.URLClassLoader$1::run@43 (line 427)
                      ; - java.net.URLClassLoader$1::run@1 (line 421)
  0x000001f7bff6800c: 50c3 90ff 

  0x000001f7bff68010: ;   {other}
  0x000001f7bff68010: 0f1f 8400 | 0844 0064 | baf4 ffff | ff48 8b6c | 2430 4c8b | 5424 404c | 8954 2420 

  0x000001f7bff6802c: ;   {runtime_call UncommonTrapBlob}
  0x000001f7bff6802c: c5f8 77e8 

  0x000001f7bff68030: ; ImmutableOopMap {rbp=Oop [32]=Oop [72]=NarrowOop [144]=NarrowOop [148]=NarrowOop }
                      ;*instanceof {reexecute=0 rethrow=0 return_oop=0}
                      ; - jdk.internal.loader.Resource::getByteBuffer@6 (line 164)
                      ; - java.net.URLClassLoader::defineClass@132 (line 511)
                      ; - java.net.URLClassLoader$1::run@43 (line 427)
                      ; - java.net.URLClassLoader$1::run@1 (line 421)
  0x000001f7bff68030: 2cc3 90ff 

  0x000001f7bff68034: ;   {other}
  0x000001f7bff68034: 0f1f 8400 | 2c44 0065 | baf6 ffff | ff48 8b6c | 2430 4c89 | 6c24 3890 

  0x000001f7bff6804c: ;   {runtime_call UncommonTrapBlob}
  0x000001f7bff6804c: c5f8 77e8 

  0x000001f7bff68050: ; ImmutableOopMap {rbp=Oop [56]=Oop [64]=Oop [80]=Oop [144]=NarrowOop [148]=NarrowOop }
                      ;*invokevirtual get {reexecute=0 rethrow=0 return_oop=0}
                      ; - jdk.internal.perf.PerfCounter::get@5 (line 84)
                      ; - jdk.internal.perf.PerfCounter::add@1 (line 98)
                      ; - jdk.internal.perf.PerfCounter::addElapsedTimeFrom@6 (line 120)
                      ; - java.net.URLClassLoader::defineClass@207 (line 523)
                      ; - java.net.URLClassLoader$1::run@43 (line 427)
                      ; - java.net.URLClassLoader$1::run@1 (line 421)
  0x000001f7bff68050: 0cc3 90ff 

  0x000001f7bff68054: ;   {other}
  0x000001f7bff68054: 0f1f 8400 | 4c44 0066 | baf6 ffff | ff48 8b6c | 2430 4489 | 5c24 204c | 896c 2428 | 4c89 4424 
  0x000001f7bff68074: 4066 6690 

  0x000001f7bff68078: ;   {runtime_call UncommonTrapBlob}
  0x000001f7bff68078: c5f8 77e8 

  0x000001f7bff6807c: ; ImmutableOopMap {rbp=Oop [40]=Oop [64]=Oop [144]=NarrowOop [148]=NarrowOop }
                      ;*getfield csu {reexecute=1 rethrow=0 return_oop=0}
                      ; - (reexecute) jdk.internal.loader.URLClassPath$JarLoader$2::getCodeSourceURL@4 (line 835)
                      ; - java.net.URLClassLoader::defineClass@13 (line 487)
                      ; - java.net.URLClassLoader$1::run@43 (line 427)
                      ; - java.net.URLClassLoader$1::run@1 (line 421)
  0x000001f7bff6807c: e0c2 90ff 

  0x000001f7bff68080: ;   {other}
  0x000001f7bff68080: 0f1f 8400 | 7844 0067 | baf6 ffff | ff48 8b6c | 2430 4c89 | 6c24 204c | 8954 2430 | 8974 2440 
  0x000001f7bff680a0: ;   {runtime_call UncommonTrapBlob}
  0x000001f7bff680a0: c5f8 77e8 

  0x000001f7bff680a4: ; ImmutableOopMap {rbp=Oop [32]=Oop [48]=Oop [64]=NarrowOop [144]=NarrowOop [148]=NarrowOop [152]=Oop }
                      ;*getfield jar {reexecute=1 rethrow=0 return_oop=0}
                      ; - (reexecute) jdk.internal.loader.URLClassPath$JarLoader$2::getManifest@7 (line 841)
                      ; - java.net.URLClassLoader::defineClass@34 (line 491)
                      ; - java.net.URLClassLoader$1::run@43 (line 427)
                      ; - java.net.URLClassLoader$1::run@1 (line 421)
  0x000001f7bff680a4: b8c2 90ff 

  0x000001f7bff680a8: ;   {other}
  0x000001f7bff680a8: 0f1f 8400 | a044 0068 | baf6 ffff | ff48 8b6c | 2430 4c89 | 6c24 204c | 8954 2430 | 8974 2440 
  0x000001f7bff680c8: ;   {runtime_call UncommonTrapBlob}
  0x000001f7bff680c8: c5f8 77e8 

  0x000001f7bff680cc: ; ImmutableOopMap {rbp=Oop [32]=Oop [48]=Oop [64]=NarrowOop [144]=NarrowOop [148]=NarrowOop [152]=Oop }
                      ;*invokevirtual ensureInitialization {reexecute=0 rethrow=0 return_oop=0}
                      ; - java.util.jar.JavaUtilJarAccessImpl::ensureInitialization@1 (line 42)
                      ; - jdk.internal.loader.URLClassPath$JarLoader$2::getManifest@10 (line 841)
                      ; - java.net.URLClassLoader::defineClass@34 (line 491)
                      ; - java.net.URLClassLoader$1::run@43 (line 427)
                      ; - java.net.URLClassLoader$1::run@1 (line 421)
  0x000001f7bff680cc: 90c2 90ff 

  0x000001f7bff680d0: ;   {other}
  0x000001f7bff680d0: 0f1f 8400 | c844 0069 | baf6 ffff | ff48 8b6c | 2430 4c89 | 6c24 204c | 8954 2430 | 8974 2440 
  0x000001f7bff680f0: ;   {runtime_call UncommonTrapBlob}
  0x000001f7bff680f0: c5f8 77e8 

  0x000001f7bff680f4: ; ImmutableOopMap {rbp=Oop [32]=Oop [48]=Oop [64]=NarrowOop [144]=NarrowOop [148]=NarrowOop [152]=Oop }
                      ;*getfield jar {reexecute=1 rethrow=0 return_oop=0}
                      ; - (reexecute) jdk.internal.loader.URLClassPath$JarLoader$2::getManifest@19 (line 842)
                      ; - java.net.URLClassLoader::defineClass@34 (line 491)
                      ; - java.net.URLClassLoader$1::run@43 (line 427)
                      ; - java.net.URLClassLoader$1::run@1 (line 421)
  0x000001f7bff680f4: 68c2 90ff 

  0x000001f7bff680f8: ;   {other}
  0x000001f7bff680f8: 0f1f 8400 | f044 006a | baf6 ffff | ff48 8b6c | 2430 4c89 | 6c24 204c | 8954 2430 | 8974 2440 
  0x000001f7bff68118: ;   {runtime_call UncommonTrapBlob}
  0x000001f7bff68118: c5f8 77e8 

  0x000001f7bff6811c: ; ImmutableOopMap {rbp=Oop [32]=Oop [48]=Oop [64]=NarrowOop [144]=NarrowOop [148]=NarrowOop [152]=Oop }
                      ;*invokevirtual getManifest {reexecute=0 rethrow=0 return_oop=0}
                      ; - jdk.internal.loader.URLClassPath$JarLoader$2::getManifest@22 (line 842)
                      ; - java.net.URLClassLoader::defineClass@34 (line 491)
                      ; - java.net.URLClassLoader$1::run@43 (line 427)
                      ; - java.net.URLClassLoader$1::run@1 (line 421)
  0x000001f7bff6811c: 40c2 90ff 

  0x000001f7bff68120: ;   {other}
  0x000001f7bff68120: 0f1f 8400 | 1845 006b | baf6 ffff | ff48 8b6c | 2430 4c8b | 5424 404c | 8954 2420 | 48ff 7424 
  0x000001f7bff68140: 5048 8f44 | 2430 448b | 5c24 4844 | 895c 2440 

  0x000001f7bff68150: ;   {runtime_call UncommonTrapBlob}
  0x000001f7bff68150: c5f8 77e8 

  0x000001f7bff68154: ; ImmutableOopMap {rbp=Oop [32]=Oop [48]=Oop [64]=NarrowOop [96]=Oop [144]=NarrowOop [148]=NarrowOop }
                      ;*invokevirtual getSize {reexecute=0 rethrow=0 return_oop=0}
                      ; - jdk.internal.loader.URLClassPath$JarLoader$2::getContentLength@4 (line 839)
                      ; - jdk.internal.loader.Resource::getBytes@10 (line 100)
                      ; - jdk.internal.loader.URLClassPath$JarLoader$2::getBytes@1 (line 851)
                      ; - java.net.URLClassLoader::defineClass@179 (line 519)
                      ; - java.net.URLClassLoader$1::run@43 (line 427)
                      ; - java.net.URLClassLoader$1::run@1 (line 421)
  0x000001f7bff68154: 08c2 90ff 

  0x000001f7bff68158: ;   {other}
  0x000001f7bff68158: 0f1f 8400 | 5045 006c | baf6 ffff | ff48 8b6c | 2430 4c8b | 5424 404c | 8954 2420 | 448b 5424 
  0x000001f7bff68178: 4844 8954 | 2440 48ff | 7424 5048 | 8f44 2448 | 4c89 4424 | 5066 6690 

  0x000001f7bff68190: ;   {runtime_call UncommonTrapBlob}
  0x000001f7bff68190: c5f8 77e8 

  0x000001f7bff68194: ; ImmutableOopMap {rbp=Oop [32]=Oop [64]=NarrowOop [72]=Oop [80]=Oop [144]=NarrowOop [148]=NarrowOop }
                      ;*invokevirtual close {reexecute=0 rethrow=0 return_oop=0}
                      ; - jdk.internal.loader.Resource::getBytes@183 (line 145)
                      ; - jdk.internal.loader.URLClassPath$JarLoader$2::getBytes@1 (line 851)
                      ; - java.net.URLClassLoader::defineClass@179 (line 519)
                      ; - java.net.URLClassLoader$1::run@43 (line 427)
                      ; - java.net.URLClassLoader$1::run@1 (line 421)
  0x000001f7bff68194: c8c1 90ff 

  0x000001f7bff68198: ;   {other}
  0x000001f7bff68198: 0f1f 8400 | 9045 006d | baf6 ffff | ff48 8b6c | 2430 4c8b | 5424 404c | 8954 2420 

  0x000001f7bff681b4: ;   {runtime_call UncommonTrapBlob}
  0x000001f7bff681b4: c5f8 77e8 

  0x000001f7bff681b8: ; ImmutableOopMap {rbp=Oop [32]=Oop [72]=NarrowOop [80]=Oop [144]=NarrowOop [148]=NarrowOop }
                      ;*invokevirtual getCrc {reexecute=0 rethrow=0 return_oop=0}
                      ; - jdk.internal.loader.URLClassPath$JarLoader$2::getBytes@26 (line 854)
                      ; - java.net.URLClassLoader::defineClass@179 (line 519)
                      ; - java.net.URLClassLoader$1::run@43 (line 427)
                      ; - java.net.URLClassLoader$1::run@1 (line 421)
  0x000001f7bff681b8: a4c1 90ff 

  0x000001f7bff681bc: ;   {other}
  0x000001f7bff681bc: 0f1f 8400 | b445 006e | ba76 ffff | ff48 8b6c | 2430 4c8b | 5c24 404c | 895c 2420 | 48ff 7424 
  0x000001f7bff681dc: 5048 8f44 | 2430 448b | 5c24 4844 | 895c 2440 | 4c89 4424 | 5048 ff74 | 2460 488f | 4424 5844 
  0x000001f7bff681fc: 8954 2460 

  0x000001f7bff68200: ;   {runtime_call UncommonTrapBlob}
  0x000001f7bff68200: c5f8 77e8 

  0x000001f7bff68204: ; ImmutableOopMap {rbp=Oop [32]=Oop [48]=Oop [64]=NarrowOop [80]=Oop [88]=Oop [144]=NarrowOop [148]=NarrowOop }
                      ;*if_icmpge {reexecute=1 rethrow=0 return_oop=0}
                      ; - (reexecute) jdk.internal.loader.Resource::getBytes@50 (line 112)
                      ; - jdk.internal.loader.URLClassPath$JarLoader$2::getBytes@1 (line 851)
                      ; - java.net.URLClassLoader::defineClass@179 (line 519)
                      ; - java.net.URLClassLoader$1::run@43 (line 427)
                      ; - java.net.URLClassLoader$1::run@1 (line 421)
  0x000001f7bff68204: 58c1 90ff 

  0x000001f7bff68208: ;   {other}
  0x000001f7bff68208: 0f1f 8400 | 0046 006f | ba45 ffff | ff48 8b6c | 2430 4c89 | 6c24 2089 | 7424 404c | 8954 2450 
  0x000001f7bff68228: 4489 4c24 | 5866 6690 

  0x000001f7bff68230: ;   {runtime_call UncommonTrapBlob}
  0x000001f7bff68230: c5f8 77e8 

  0x000001f7bff68234: ; ImmutableOopMap {rbp=Oop [32]=Oop [64]=NarrowOop [80]=Oop [88]=NarrowOop [144]=NarrowOop [148]=NarrowOop [152]=Oop }
                      ;*ifnonnull {reexecute=1 rethrow=0 return_oop=0}
                      ; - (reexecute) jdk.internal.access.SharedSecrets::javaUtilJarAccess@5 (line 140)
                      ; - jdk.internal.loader.URLClassPath$JarLoader$2::getManifest@0 (line 841)
                      ; - java.net.URLClassLoader::defineClass@34 (line 491)
                      ; - java.net.URLClassLoader$1::run@43 (line 427)
                      ; - java.net.URLClassLoader$1::run@1 (line 421)
  0x000001f7bff68234: 28c1 90ff 

  0x000001f7bff68238: ;   {other}
  0x000001f7bff68238: 0f1f 8400 | 3046 0070 | baf6 ffff | ff48 8b6c | 2430 4489 | 5c24 204c | 896c 2428 | 4c89 4424 
  0x000001f7bff68258: 4066 6690 

  0x000001f7bff6825c: ;   {runtime_call UncommonTrapBlob}
  0x000001f7bff6825c: c5f8 77e8 

  0x000001f7bff68260: ; ImmutableOopMap {rbp=Oop [40]=Oop [64]=Oop [144]=NarrowOop [148]=NarrowOop }
                      ;*invokevirtual getBaseURL {reexecute=0 rethrow=0 return_oop=0}
                      ; - jdk.internal.loader.URLClassPath$FileLoader$1::getCodeSourceURL@4 (line 1079)
                      ; - java.net.URLClassLoader::defineClass@13 (line 487)
                      ; - java.net.URLClassLoader$1::run@43 (line 427)
                      ; - java.net.URLClassLoader$1::run@1 (line 421)
  0x000001f7bff68260: fcc0 90ff 

  0x000001f7bff68264: ;   {other}
  0x000001f7bff68264: 0f1f 8400 | 5c46 0071 | baf6 ffff | ff48 8b6c | 2430 4c8b | 5424 404c | 8954 2428 

  0x000001f7bff68280: ;   {runtime_call UncommonTrapBlob}
  0x000001f7bff68280: c5f8 77e8 

  0x000001f7bff68284: ; ImmutableOopMap {rbp=Oop [32]=Oop [40]=Oop [72]=NarrowOop [80]=Oop [144]=NarrowOop [148]=NarrowOop }
                      ;*invokevirtual close {reexecute=0 rethrow=0 return_oop=0}
                      ; - jdk.internal.loader.Resource::getBytes@183 (line 145)
                      ; - java.net.URLClassLoader::defineClass@179 (line 519)
                      ; - java.net.URLClassLoader$1::run@43 (line 427)
                      ; - java.net.URLClassLoader$1::run@1 (line 421)
  0x000001f7bff68284: d8c0 90ff 

  0x000001f7bff68288: ;   {other}
  0x000001f7bff68288: 0f1f 8400 | 8046 0072 | ba9d ffff | ff48 8b6c | 2430 4c8b | 5c24 404c | 895c 2428 | 4889 4424 
  0x000001f7bff682a8: 6866 6690 

  0x000001f7bff682ac: ;   {runtime_call UncommonTrapBlob}
  0x000001f7bff682ac: c5f8 77e8 

  0x000001f7bff682b0: ; ImmutableOopMap {rbp=Oop [40]=Oop [72]=NarrowOop [76]=NarrowOop [80]=Oop [96]=Oop [104]=Oop [144]=NarrowOop [148]=NarrowOop [152]=Oop }
                      ;*astore_2 {reexecute=0 rethrow=0 return_oop=0}
                      ; - java.util.jar.JarFile::ensureInitialization@51 (line 1073)
                      ; - java.util.jar.JavaUtilJarAccessImpl::ensureInitialization@1 (line 42)
                      ; - jdk.internal.loader.URLClassPath$JarLoader$2::getManifest@10 (line 841)
                      ; - java.net.URLClassLoader::defineClass@34 (line 491)
                      ; - java.net.URLClassLoader$1::run@43 (line 427)
                      ; - java.net.URLClassLoader$1::run@1 (line 421)
  0x000001f7bff682b0: acc0 90ff 

  0x000001f7bff682b4: ;   {other}
  0x000001f7bff682b4: 0f1f 8400 | ac46 0073 | ba76 ffff | ff48 8b6c | 2430 4c8b | 5c24 404c | 895c 2420 | 4c8b 5c24 
  0x000001f7bff682d4: 504c 895c | 2430 448b | 4c24 4844 | 894c 2440 | 4c89 4424 | 4844 8954 | 2458 6690 

  0x000001f7bff682f0: ;   {runtime_call UncommonTrapBlob}
  0x000001f7bff682f0: c5f8 77e8 

  0x000001f7bff682f4: ; ImmutableOopMap {rbp=Oop [32]=Oop [48]=Oop [64]=NarrowOop [72]=Oop [96]=Oop [144]=NarrowOop [148]=NarrowOop }
                      ;*if_icmpge {reexecute=1 rethrow=0 return_oop=0}
                      ; - (reexecute) jdk.internal.loader.Resource::getBytes@50 (line 112)
                      ; - java.net.URLClassLoader::defineClass@179 (line 519)
                      ; - java.net.URLClassLoader$1::run@43 (line 427)
                      ; - java.net.URLClassLoader$1::run@1 (line 421)
  0x000001f7bff682f4: 68c0 90ff 

  0x000001f7bff682f8: ;   {other}
  0x000001f7bff682f8: 0f1f 8400 | f046 0074 | 448b 5008 | 49bb 0000 | 00dd f701 | 0000 4d03 | da89 6c24 | 284c 8b54 
  0x000001f7bff68318: 2470 4c89 | 5424 2090 | eb25 448b | 5008 49bb | 0000 00dd | f701 0000 | 4d03 da44 | 8b44 2420 
  0x000001f7bff68338: 4489 4424 | 284c 8b54 | 2468 4c89 | 5424 204d 

  0x000001f7bff68348: ;   {metadata('java/io/InterruptedIOException')}
  0x000001f7bff68348: 8b53 5049 | bbd8 d71c | def7 0100 | 004d 3bd3 | 751a 488b | e8ba 9dff | ffff 6690 

  0x000001f7bff68364: ;   {runtime_call UncommonTrapBlob}
  0x000001f7bff68364: c5f8 77e8 

  0x000001f7bff68368: ; ImmutableOopMap {rbp=Oop [32]=Oop [48]=Oop [64]=Oop [72]=NarrowOop [80]=Oop [96]=Oop [144]=NarrowOop [148]=NarrowOop }
                      ;*astore {reexecute=0 rethrow=0 return_oop=0}
                      ; - jdk.internal.loader.Resource::getBytes@125 (line 127)
                      ; - java.net.URLClassLoader::defineClass@179 (line 519)
                      ; - java.net.URLClassLoader$1::run@43 (line 427)
                      ; - java.net.URLClassLoader$1::run@1 (line 421)
  0x000001f7bff68368: f4bf 90ff 

  0x000001f7bff6836c: ;   {other}
  0x000001f7bff6836c: 0f1f 8400 | 6447 0075 | 488b e8eb | 0ceb 0048 | 8be8 6690 | eb03 488b | e8ba 9dff | ffff 4c8b 
  0x000001f7bff6838c: 5424 304c | 8954 2420 | 4c8b 5424 | 404c 8954 | 2428 4c8b | 5424 504c | 8954 2440 

  0x000001f7bff683a8: ;   {runtime_call UncommonTrapBlob}
  0x000001f7bff683a8: c5f8 77e8 

  0x000001f7bff683ac: ; ImmutableOopMap {rbp=Oop [32]=Oop [40]=Oop [64]=Oop [72]=NarrowOop [96]=Oop [144]=NarrowOop [148]=NarrowOop }
                      ;*astore {reexecute=0 rethrow=0 return_oop=0}
                      ; - jdk.internal.loader.Resource::getBytes@211 (line 144)
                      ; - java.net.URLClassLoader::defineClass@179 (line 519)
                      ; - java.net.URLClassLoader$1::run@43 (line 427)
                      ; - java.net.URLClassLoader$1::run@1 (line 421)
  0x000001f7bff683ac: b0bf 90ff 

  0x000001f7bff683b0: ;   {other}
  0x000001f7bff683b0: 0f1f 8400 | a847 0076 | e9b4 0000 | 0048 8bd8 | 448b 5808 | 49b8 0000 | 00dd f701 | 0000 4d03 
  0x000001f7bff683d0: c3e9 0c04 | 0000 488b | d844 8b40 | 0849 ba00 | 0000 ddf7 | 0100 004d | 03d0 e99e | 0000 004c 
  0x000001f7bff683f0: 8bd0 eb03 | 4c8b d049 | 8bda 458b | 5a08 49b8 | 0000 00dd | f701 0000 | 4d03 c3e9 | d203 0000 
  0x000001f7bff68410: 488b d844 | 8b50 0849 | b800 0000 | ddf7 0100 | 004d 03c2 | 4d8b 5050 | 4c3b d50f | 85b1 0300 
  0x000001f7bff68430: 004c 8bc0 | 4533 c9e9 | 5802 0000 | 488b d844 | 8b50 0849 | b800 0000 | ddf7 0100 | 004d 03c2 
  0x000001f7bff68450: e924 0100 | 00eb 0048 | 8bd0 e9b1 | 0300 0048 | 8bd8 e929 | 0100 0048 | 8bd8 e921 | 0100 00eb 
  0x000001f7bff68470: 0048 8bd0 | e997 0300 | 0048 8bd8 | 448b 5808 | 49ba 0000 | 00dd f701 | 0000 4d03 | d34d 8b5a 
  0x000001f7bff68490: ;   {metadata('java/io/InterruptedIOException')}
  0x000001f7bff68490: 5049 b8d8 | d71c def7 | 0100 000f | 1f44 0000 | 4d3b d80f | 84ff 0300 | 004d 8b52 

  0x000001f7bff684ac: ;   {metadata('java/io/IOException')}
  0x000001f7bff684ac: 4849 bb10 | 4e04 def7 | 0100 0066 | 0f1f 8400 | 0000 0000 | 4d3b d30f | 8508 0300 | 0048 8beb 
  0x000001f7bff684cc: ba9d ffff | ff4c 8b54 | 2430 4c89 | 5424 284c | 8b54 2440 | 4c89 5424 | 3066 6690 

  0x000001f7bff684e8: ;   {runtime_call UncommonTrapBlob}
  0x000001f7bff684e8: c5f8 77e8 

  0x000001f7bff684ec: ; ImmutableOopMap {rbp=Oop [32]=Oop [40]=Oop [48]=Oop [72]=NarrowOop [80]=Oop [144]=NarrowOop [148]=NarrowOop }
                      ;*astore {reexecute=0 rethrow=0 return_oop=0}
                      ; - jdk.internal.loader.Resource::getBytes@196 (line 148)
                      ; - java.net.URLClassLoader::defineClass@179 (line 519)
                      ; - java.net.URLClassLoader$1::run@43 (line 427)
                      ; - java.net.URLClassLoader$1::run@1 (line 421)
  0x000001f7bff684ec: 70be 90ff 

  0x000001f7bff684f0: ;   {other}
  0x000001f7bff684f0: 0f1f 8400 | e848 0077 | 488b d844 | 8b58 0849 | ba00 0000 | ddf7 0100 | 004d 03d3 | 4d8b 5250 
  0x000001f7bff68510: ;   {metadata('java/io/InterruptedIOException')}
  0x000001f7bff68510: 49bb d8d7 | 1cde f701 | 0000 660f | 1f44 0000 | 4d3b d30f | 85a8 0200 | 0048 8be8 | ba9d ffff 
  0x000001f7bff68530: ff4c 8b54 | 2430 4c89 | 5424 204c | 8b54 2440 | 4c89 5424 | 2866 6690 

  0x000001f7bff68548: ;   {runtime_call UncommonTrapBlob}
  0x000001f7bff68548: c5f8 77e8 

  0x000001f7bff6854c: ; ImmutableOopMap {rbp=Oop [32]=Oop [40]=Oop [72]=NarrowOop [80]=Oop [96]=Oop [144]=NarrowOop [148]=NarrowOop }
                      ;*astore {reexecute=0 rethrow=0 return_oop=0}
                      ; - jdk.internal.loader.Resource::getBytes@18 (line 102)
                      ; - java.net.URLClassLoader::defineClass@179 (line 519)
                      ; - java.net.URLClassLoader$1::run@43 (line 427)
                      ; - java.net.URLClassLoader$1::run@1 (line 421)
  0x000001f7bff6854c: 10be 90ff 

  0x000001f7bff68550: ;   {other}
  0x000001f7bff68550: 0f1f 8400 | 4849 0078 | 488b d80f | 1f44 0000 | e96c 0200 | 0048 8bd8 | 448b 5808 | 49b8 0000 
  0x000001f7bff68570: 00dd f701 | 0000 4d03 | c34d 8b50 

  0x000001f7bff6857c: ;   {metadata('java/io/IOException')}
  0x000001f7bff6857c: 4849 bb10 | 4e04 def7 | 0100 004d | 3bd3 0f84 | ec02 0000 | 4c8b 5c24 | 7048 8d84 | 24b0 0000 
  0x000001f7bff6859c: 0049 ff8f | 5005 0000 | 418b 8718 | 0600 004d | 8b13 4d3b | 5c07 f80f | 852e 0000 | 0041 83af 
  0x000001f7bff685bc: 1806 0000 | 084d 3b5c | 07f0 0f84 | 4d00 0000 | 498b c248 | 83e0 fc49 | 83ca 01f0 | 4d0f b113 
  0x000001f7bff685dc: 0f85 8204 | 0000 e932 | 0000 0049 | 83ba 8600 | 0000 0075 | 1e49 8b82 | 9600 0000 | 490b 828e 
  0x000001f7bff685fc: 0000 000f | 8573 0400 | 0049 c742 | 3e00 0000 | 00eb 0a49 | ff8a 8600 | 0000 4533 | d20f 849c 
  0x000001f7bff6861c: 0100 0048 | 8b4c 2470 | 488d 9424 | b000 0000 | 4d8b c7c5 | f877 49ba | 30dc 7ea7 | fd7f 0000 
  0x000001f7bff6863c: ;   {other}
  0x000001f7bff6863c: 41ff d20f | 1f84 0000 | 0000 00e9 | 6f01 0000 | 488b d844 | 8b58 0849 | ba00 0000 | ddf7 0100 
  0x000001f7bff6865c: 004d 03d3 | e994 0000 | 0048 8bd8 | 448b 5808 | 49b8 0000 | 00dd f701 | 0000 4d03 | c34d 8b50 
  0x000001f7bff6867c: 5066 6690 | 4c3b d50f | 8559 0100 | 004c 8bc0 | 4c8b 5424 | 504d 8bca | ba9d ffff | ff48 8b6c 
  0x000001f7bff6869c: 2430 4c8b | 5424 404c | 8954 2420 | 4c8b 5424 | 484c 8954 | 2440 4c89 | 4c24 504c | 8944 2458 
  0x000001f7bff686bc: ;   {runtime_call UncommonTrapBlob}
  0x000001f7bff686bc: c5f8 77e8 

  0x000001f7bff686c0: ; ImmutableOopMap {rbp=Oop [32]=Oop [40]=NarrowOop [64]=Oop [80]=Oop [88]=Oop [144]=NarrowOop [148]=NarrowOop [152]=Oop }
                      ;*astore {reexecute=0 rethrow=0 return_oop=0}
                      ; - java.net.URLClassLoader::defineClass@88 (line 499)
                      ; - java.net.URLClassLoader$1::run@43 (line 427)
                      ; - java.net.URLClassLoader$1::run@1 (line 421)
  0x000001f7bff686c0: 9cbc 90ff 

  0x000001f7bff686c4: ;   {other}
  0x000001f7bff686c4: 0f1f 8400 | bc4a 0079 | 488b d844 | 8b58 0849 | b800 0000 | ddf7 0100 | 004d 03c3 | e9fd 0000 
  0x000001f7bff686e4: 0048 8bd8 | 448b 5808 | 49ba 0000 | 00dd f701 | 0000 4d03 | d34d 8b5a 

  0x000001f7bff686fc: ;   {metadata('java/io/InterruptedIOException')}
  0x000001f7bff686fc: 5049 b8d8 | d71c def7 | 0100 004d | 3bd8 0f84 | 4001 0000 | 4d8b 5248 

  0x000001f7bff68714: ;   {metadata('java/io/IOException')}
  0x000001f7bff68714: 49bb 104e | 04de f701 | 0000 6690 | 4d3b d30f | 85a8 0000 | 0048 8beb | ba9d ffff | ff4c 8b54 
  0x000001f7bff68734: 2430 4c89 | 5424 204c | 8b54 2440 | 4c89 5424 | 2866 6690 

  0x000001f7bff68748: ;   {runtime_call UncommonTrapBlob}
  0x000001f7bff68748: c5f8 77e8 

  0x000001f7bff6874c: ; ImmutableOopMap {rbp=Oop [32]=Oop [40]=Oop [72]=NarrowOop [80]=Oop [96]=Oop [144]=NarrowOop [148]=NarrowOop }
                      ;*astore {reexecute=0 rethrow=0 return_oop=0}
                      ; - jdk.internal.loader.Resource::getBytes@196 (line 148)
                      ; - jdk.internal.loader.URLClassPath$JarLoader$2::getBytes@1 (line 851)
                      ; - java.net.URLClassLoader::defineClass@179 (line 519)
                      ; - java.net.URLClassLoader$1::run@43 (line 427)
                      ; - java.net.URLClassLoader$1::run@1 (line 421)
  0x000001f7bff6874c: 10bc 90ff 

  0x000001f7bff68750: ;   {other}
  0x000001f7bff68750: 0f1f 8400 | 484b 007a | 488b d844 | 8b58 0849 | b800 0000 | ddf7 0100 | 004d 03c3 | e971 0000 
  0x000001f7bff68770: 0048 8bd8 | 448b 5808 | 49b8 0000 | 00dd f701 | 0000 4d03 | c3e9 5800 | 0000 488b | d844 8b58 
  0x000001f7bff68790: 0849 b800 | 0000 ddf7 | 0100 004d | 03c3 6690 | eb40 488b | d844 8b50 | 0849 b800 | 0000 ddf7 
  0x000001f7bff687b0: 0100 004d | 03c2 eb2a | 488b d844 | 8b53 0849 | b800 0000 | ddf7 0100 | 004d 03c2 | eb14 488b 
  0x000001f7bff687d0: d844 8b53 | 0849 b800 | 0000 ddf7 | 0100 004d | 03c2 4d8b 

  0x000001f7bff687e4: ;   {metadata('java/io/IOException')}
  0x000001f7bff687e4: 5048 49bb | 104e 04de | f701 0000 | 4d3b d374 | 2b4d 8b50 

  0x000001f7bff687f8: ;   {metadata('java/lang/ClassFormatError')}
  0x000001f7bff687f8: 5049 bbf0 | 4617 def7 | 0100 004d | 3bd3 7430 | 488b d3eb | 0348 8bd0 | c5f8 7748 | 81c4 d000 
  0x000001f7bff68818: ;   {runtime_call _rethrow_Java}
  0x000001f7bff68818: 0000 5de9 | c0ac 9dff | 488b ebba | 9dff ffff 

  0x000001f7bff68828: ;   {runtime_call UncommonTrapBlob}
  0x000001f7bff68828: c5f8 77e8 

  0x000001f7bff6882c: ; ImmutableOopMap {rbp=Oop [48]=Oop }
                      ;*astore_3 {reexecute=0 rethrow=0 return_oop=0}
                      ; - java.net.URLClassLoader$1::run@47 (line 428)
                      ; - java.net.URLClassLoader$1::run@1 (line 421)
  0x000001f7bff6882c: 30bb 90ff 

  0x000001f7bff68830: ;   {other}
  0x000001f7bff68830: 0f1f 8400 | 284c 007b | 488b ebba | 9dff ffff 

  0x000001f7bff68840: ;   {runtime_call UncommonTrapBlob}
  0x000001f7bff68840: c5f8 77e8 

  0x000001f7bff68844: ; ImmutableOopMap {rbp=Oop [64]=Oop }
                      ;*astore_3 {reexecute=0 rethrow=0 return_oop=0}
                      ; - java.net.URLClassLoader$1::run@61 (line 430)
                      ; - java.net.URLClassLoader$1::run@1 (line 421)
  0x000001f7bff68844: 18bb 90ff 

  0x000001f7bff68848: ;   {other}
  0x000001f7bff68848: 0f1f 8400 | 404c 007c | 488b ebba | 9dff ffff | 4c8b 5424 | 304c 8954 | 2420 4c8b | 5424 404c 
  0x000001f7bff68868: 8954 2428 

  0x000001f7bff6886c: ;   {runtime_call UncommonTrapBlob}
  0x000001f7bff6886c: c5f8 77e8 

  0x000001f7bff68870: ; ImmutableOopMap {rbp=Oop [32]=Oop [40]=Oop [72]=NarrowOop [80]=Oop [96]=Oop [144]=NarrowOop [148]=NarrowOop }
                      ;*astore {reexecute=0 rethrow=0 return_oop=0}
                      ; - jdk.internal.loader.Resource::getBytes@189 (line 146)
                      ; - jdk.internal.loader.URLClassPath$JarLoader$2::getBytes@1 (line 851)
                      ; - java.net.URLClassLoader::defineClass@179 (line 519)
                      ; - java.net.URLClassLoader$1::run@43 (line 427)
                      ; - java.net.URLClassLoader$1::run@1 (line 421)
  0x000001f7bff68870: ecba 90ff 

  0x000001f7bff68874: ;   {other}
  0x000001f7bff68874: 0f1f 8400 | 6c4c 007d | 488b ebba | 9dff ffff | 4c8b 5424 | 304c 8954 | 2420 4c8b | 5424 404c 
  0x000001f7bff68894: 8954 2430 

  0x000001f7bff68898: ;   {runtime_call UncommonTrapBlob}
  0x000001f7bff68898: c5f8 77e8 

  0x000001f7bff6889c: ; ImmutableOopMap {rbp=Oop [32]=Oop [48]=Oop [80]=NarrowOop [84]=NarrowOop [96]=Oop [144]=NarrowOop [148]=NarrowOop [152]=Oop }
                      ;*astore_1 {reexecute=0 rethrow=0 return_oop=0}
                      ; - java.util.jar.JarFile::ensureInitialization@7 (line 1064)
                      ; - java.util.jar.JavaUtilJarAccessImpl::ensureInitialization@1 (line 42)
                      ; - jdk.internal.loader.URLClassPath$JarLoader$2::getManifest@10 (line 841)
                      ; - java.net.URLClassLoader::defineClass@34 (line 491)
                      ; - java.net.URLClassLoader$1::run@43 (line 427)
                      ; - java.net.URLClassLoader$1::run@1 (line 421)
  0x000001f7bff6889c: c0ba 90ff 

  0x000001f7bff688a0: ;   {other}
  0x000001f7bff688a0: 0f1f 8400 | 984c 007e | 488b ebba | 9dff ffff | 4c8b 5424 | 304c 8954 | 2428 4c8b | 5424 404c 
  0x000001f7bff688c0: 8954 2430 

  0x000001f7bff688c4: ;   {runtime_call UncommonTrapBlob}
  0x000001f7bff688c4: c5f8 77e8 

  0x000001f7bff688c8: ; ImmutableOopMap {rbp=Oop [32]=Oop [40]=Oop [48]=Oop [72]=NarrowOop [80]=Oop [144]=NarrowOop [148]=NarrowOop }
                      ;*astore {reexecute=0 rethrow=0 return_oop=0}
                      ; - jdk.internal.loader.Resource::getBytes@189 (line 146)
                      ; - java.net.URLClassLoader::defineClass@179 (line 519)
                      ; - java.net.URLClassLoader$1::run@43 (line 427)
                      ; - java.net.URLClassLoader$1::run@1 (line 421)
  0x000001f7bff688c8: 94ba 90ff 

  0x000001f7bff688cc: ;   {other}
  0x000001f7bff688cc: 0f1f 8400 | c44c 007f | ba97 ffff | ff48 8b6c | 2420 448b | 5c24 4844 | 895c 2430 | 448b 5c24 
  0x000001f7bff688ec: 4c44 895c | 2434 6690 

  0x000001f7bff688f4: ;   {runtime_call UncommonTrapBlob}
  0x000001f7bff688f4: c5f8 77e8 

  0x000001f7bff688f8: ; ImmutableOopMap {rbp=Oop [40]=Oop [48]=NarrowOop [52]=NarrowOop [80]=NarrowOop [84]=NarrowOop [112]=Oop }
                      ;*invokevirtual clone {reexecute=1 rethrow=0 return_oop=0}
                      ; - (reexecute) java.util.Arrays::copyOfRange@11 (line 3846)
                      ; - java.lang.StringLatin1::newString@16 (line 856)
                      ; - java.lang.String::substring@41 (line 2930)
                      ; - java.net.URLClassLoader::defineClass@28 (line 489)
                      ; - java.net.URLClassLoader$1::run@43 (line 427)
                      ; - java.net.URLClassLoader$1::run@1 (line 421)
  0x000001f7bff688f8: 64ba 90ff 

  0x000001f7bff688fc: ;   {other}
  0x000001f7bff688fc: 0f1f 8400 | f44c 0080 | eb08 488b | e8e9 6400 | 0000 488b | e8e9 5c00 | 0000 448b | 5008 49b8 
  0x000001f7bff6891c: 0000 00dd | f701 0000 | 4d03 c289 | 6c24 284c | 8b54 2478 | 4c89 5424 | 20eb 2544 | 8b58 0849 
  0x000001f7bff6893c: b800 0000 | ddf7 0100 | 004d 03c3 | 448b 5424 | 5844 8954 | 2428 4c8b | 5424 684c | 8954 2420 
  0x000001f7bff6895c: 4d8b 5050 

  0x000001f7bff68960: ;   {metadata('java/io/InterruptedIOException')}
  0x000001f7bff68960: 49bb d8d7 | 1cde f701 | 0000 4d3b | d374 2d48 | 8be8 ba9d | ffff ff4c | 8b54 2430 | 4c89 5424 
  0x000001f7bff68980: 204c 8b54 | 2440 4c89 | 5424 2890 

  0x000001f7bff6898c: ;   {runtime_call UncommonTrapBlob}
  0x000001f7bff6898c: c5f8 77e8 

  0x000001f7bff68990: ; ImmutableOopMap {rbp=Oop [32]=Oop [40]=Oop [72]=NarrowOop [80]=Oop [96]=Oop [144]=NarrowOop [148]=NarrowOop }
                      ;*astore {reexecute=0 rethrow=0 return_oop=0}
                      ; - jdk.internal.loader.Resource::getBytes@211 (line 144)
                      ; - jdk.internal.loader.URLClassPath$JarLoader$2::getBytes@1 (line 851)
                      ; - java.net.URLClassLoader::defineClass@179 (line 519)
                      ; - java.net.URLClassLoader$1::run@43 (line 427)
                      ; - java.net.URLClassLoader$1::run@1 (line 421)
  0x000001f7bff68990: ccb9 90ff 

  0x000001f7bff68994: ;   {other}
  0x000001f7bff68994: 0f1f 8400 | 8c4d 0081 | 488b e8ba | 9dff ffff 

  0x000001f7bff689a4: ;   {runtime_call UncommonTrapBlob}
  0x000001f7bff689a4: c5f8 77e8 

  0x000001f7bff689a8: ; ImmutableOopMap {rbp=Oop [32]=Oop [48]=Oop [64]=Oop [72]=NarrowOop [80]=Oop [96]=Oop [144]=NarrowOop [148]=NarrowOop }
                      ;*astore {reexecute=0 rethrow=0 return_oop=0}
                      ; - jdk.internal.loader.Resource::getBytes@125 (line 127)
                      ; - jdk.internal.loader.URLClassPath$JarLoader$2::getBytes@1 (line 851)
                      ; - java.net.URLClassLoader::defineClass@179 (line 519)
                      ; - java.net.URLClassLoader$1::run@43 (line 427)
                      ; - java.net.URLClassLoader$1::run@1 (line 421)
  0x000001f7bff689a8: b4b9 90ff 

  0x000001f7bff689ac: ;   {other}
  0x000001f7bff689ac: 0f1f 8400 | a44d 0082 | ba97 ffff | ff4c 8b54 | 2430 4c89 | 5424 204c | 8b54 2440 | 4c89 5424 
  0x000001f7bff689cc: 284c 8b54 | 2450 4c89 | 5424 4090 

  0x000001f7bff689d8: ;   {runtime_call UncommonTrapBlob}
  0x000001f7bff689d8: c5f8 77e8 

  0x000001f7bff689dc: ; ImmutableOopMap {rbp=Oop [32]=Oop [40]=Oop [64]=Oop [72]=Oop [144]=NarrowOop [148]=NarrowOop }
                      ;*invokevirtual clone {reexecute=1 rethrow=0 return_oop=0}
                      ; - (reexecute) java.security.CodeSource::<init>@42 (line 128)
                      ; - java.net.URLClassLoader::defineClass@198 (line 522)
                      ; - java.net.URLClassLoader$1::run@43 (line 427)
                      ; - java.net.URLClassLoader$1::run@1 (line 421)
  0x000001f7bff689dc: 80b9 90ff 

  0x000001f7bff689e0: ;   {other}
  0x000001f7bff689e0: 0f1f 8400 | d84d 0083 | 8b6c 244c | eb04 8b6c | 244c ba97 | ffff ff4c | 8b54 2430 | 4c89 5424 
  0x000001f7bff68a00: 284c 8b54 | 2440 4c89 | 5424 3090 

  0x000001f7bff68a0c: ;   {runtime_call UncommonTrapBlob}
  0x000001f7bff68a0c: c5f8 77e8 

  0x000001f7bff68a10: ; ImmutableOopMap {[40]=Oop [48]=Oop [72]=NarrowOop [80]=Oop [88]=Oop [104]=Oop [144]=NarrowOop [148]=NarrowOop }
                      ;*invokevirtual clone {reexecute=1 rethrow=0 return_oop=0}
                      ; - (reexecute) java.util.Arrays::copyOf@7 (line 3538)
                      ; - jdk.internal.loader.Resource::getBytes@94 (line 120)
                      ; - jdk.internal.loader.URLClassPath$JarLoader$2::getBytes@1 (line 851)
                      ; - java.net.URLClassLoader::defineClass@179 (line 519)
                      ; - java.net.URLClassLoader$1::run@43 (line 427)
                      ; - java.net.URLClassLoader$1::run@1 (line 421)
  0x000001f7bff68a10: 4cb9 90ff 

  0x000001f7bff68a14: ;   {other}
  0x000001f7bff68a14: 0f1f 8400 | 0c4e 0084 | 4c8b 5424 | 204c 8954 | 2428 448b | 5424 6044 | 8954 2420 | 8b6c 2464 
  0x000001f7bff68a34: eb18 48ff | 7424 2048 | 8f44 2428 | 448b 5424 | 6c44 8954 | 2420 8b6c | 2468 ba97 | ffff ff90 
  0x000001f7bff68a54: ;   {runtime_call UncommonTrapBlob}
  0x000001f7bff68a54: c5f8 77e8 

  0x000001f7bff68a58: ; ImmutableOopMap {[40]=Oop [48]=Oop [64]=Oop [72]=NarrowOop [80]=Oop [88]=Oop [144]=NarrowOop [148]=NarrowOop }
                      ;*invokevirtual clone {reexecute=1 rethrow=0 return_oop=0}
                      ; - (reexecute) java.util.Arrays::copyOf@7 (line 3538)
                      ; - jdk.internal.loader.Resource::getBytes@94 (line 120)
                      ; - java.net.URLClassLoader::defineClass@179 (line 519)
                      ; - java.net.URLClassLoader$1::run@43 (line 427)
                      ; - java.net.URLClassLoader$1::run@1 (line 421)
  0x000001f7bff68a58: 04b9 90ff 

  0x000001f7bff68a5c: ;   {other}
  0x000001f7bff68a5c: 0f1f 8400 | 544e 0085 | 4183 8718 | 0600 0008 | 49ff 8750 | 0500 00e9 | a1fb ffff | 4983 ba9e 
  0x000001f7bff68a7c: 0000 0000 | 74ea 49c7 | 423e 0000 | 0000 f083 | 0424 0049 | 83ba 9e00 | 0000 0075 | 0b48 33c0 
  0x000001f7bff68a9c: f04d 0fb1 | 7a3e 74c8 | 33c0 e96e 

  0x000001f7bff68aa8: ;   {internal_word}
  0x000001f7bff68aa8: fbff ff49 | bad3 54f6 | bff7 0100 | 004d 8997 | 6004 0000 

  0x000001f7bff68abc: ;   {runtime_call SafepointBlob}
  0x000001f7bff68abc: e91f c990 | ff41 8387 | 1806 0000 | 0849 ff87 | 5005 0000 | e9be c9ff | ff49 83ba | 9e00 0000 
  0x000001f7bff68adc: 0074 ea49 | c742 3e00 | 0000 00f0 | 8304 2400 | 4983 ba9e | 0000 0000 | 750b 4833 | c0f0 4d0f 
  0x000001f7bff68afc: b17a 3e74 | c833 c0e9 | 8bc9 ffff | 4183 8718 | 0600 0008 | 49ff 8750 | 0500 00e9 | d3c2 ffff 
  0x000001f7bff68b1c: 4983 bb9e | 0000 0000 | 74ea 49c7 | 433e 0000 | 0000 f083 | 0424 0049 | 83bb 9e00 | 0000 0075 
  0x000001f7bff68b3c: 0b48 33c0 | f04d 0fb1 | 7b3e 74c8 | 33c0 e9a0 

  0x000001f7bff68b4c: ;   {runtime_call StubRoutines (final stubs)}
  0x000001f7bff68b4c: c2ff ffe8 | eceb 8eff | e9d5 b5ff | fff4 f4f4 | f4f4 f4f4 
[Stub Code]
  0x000001f7bff68b60: ;   {no_reloc}
  0x000001f7bff68b60: 48bb 0000 | 0000 0000 

  0x000001f7bff68b68: ;   {runtime_call nmethod}
  0x000001f7bff68b68: 0000 e9fb 

  0x000001f7bff68b6c: ;   {static_stub}
  0x000001f7bff68b6c: ffff ff48 | bb00 0000 | 0000 0000 

  0x000001f7bff68b78: ;   {runtime_call nmethod}
  0x000001f7bff68b78: 00e9 fbff 

  0x000001f7bff68b7c: ;   {static_stub}
  0x000001f7bff68b7c: ffff 48bb | 0000 0000 | 0000 0000 

  0x000001f7bff68b88: ;   {runtime_call nmethod}
  0x000001f7bff68b88: e9fb ffff 

  0x000001f7bff68b8c: ;   {static_stub}
  0x000001f7bff68b8c: ff48 bb00 | 0000 0000 

  0x000001f7bff68b94: ;   {runtime_call nmethod}
  0x000001f7bff68b94: 0000 00e9 | fbff ffff 

  0x000001f7bff68b9c: ;   {static_stub}
  0x000001f7bff68b9c: 48bb 0000 | 0000 0000 

  0x000001f7bff68ba4: ;   {runtime_call nmethod}
  0x000001f7bff68ba4: 0000 e9fb 

  0x000001f7bff68ba8: ;   {static_stub}
  0x000001f7bff68ba8: ffff ff48 | bb00 0000 | 0000 0000 

  0x000001f7bff68bb4: ;   {runtime_call nmethod}
  0x000001f7bff68bb4: 00e9 fbff 

  0x000001f7bff68bb8: ;   {static_stub}
  0x000001f7bff68bb8: ffff 48bb | 0000 0000 | 0000 0000 

  0x000001f7bff68bc4: ;   {runtime_call nmethod}
  0x000001f7bff68bc4: e9fb ffff 

  0x000001f7bff68bc8: ;   {static_stub}
  0x000001f7bff68bc8: ff48 bb00 | 0000 0000 

  0x000001f7bff68bd0: ;   {runtime_call nmethod}
  0x000001f7bff68bd0: 0000 00e9 | fbff ffff 

  0x000001f7bff68bd8: ;   {static_stub}
  0x000001f7bff68bd8: 48bb 0000 | 0000 0000 

  0x000001f7bff68be0: ;   {runtime_call nmethod}
  0x000001f7bff68be0: 0000 e9fb 

  0x000001f7bff68be4: ;   {static_stub}
  0x000001f7bff68be4: ffff ff48 | bb00 0000 | 0000 0000 

  0x000001f7bff68bf0: ;   {runtime_call nmethod}
  0x000001f7bff68bf0: 00e9 fbff 

  0x000001f7bff68bf4: ;   {static_stub}
  0x000001f7bff68bf4: ffff 48bb | 0000 0000 | 0000 0000 

  0x000001f7bff68c00: ;   {runtime_call nmethod}
  0x000001f7bff68c00: e9fb ffff 

  0x000001f7bff68c04: ;   {static_stub}
  0x000001f7bff68c04: ff48 bb00 | 0000 0000 

  0x000001f7bff68c0c: ;   {runtime_call nmethod}
  0x000001f7bff68c0c: 0000 00e9 | fbff ffff 

  0x000001f7bff68c14: ;   {static_stub}
  0x000001f7bff68c14: 48bb 0000 | 0000 0000 

  0x000001f7bff68c1c: ;   {runtime_call nmethod}
  0x000001f7bff68c1c: 0000 e9fb 

  0x000001f7bff68c20: ;   {static_stub}
  0x000001f7bff68c20: ffff ff48 | bb00 0000 | 0000 0000 

  0x000001f7bff68c2c: ;   {runtime_call nmethod}
  0x000001f7bff68c2c: 00e9 fbff 

  0x000001f7bff68c30: ;   {static_stub}
  0x000001f7bff68c30: ffff 48bb | 0000 0000 | 0000 0000 

  0x000001f7bff68c3c: ;   {runtime_call nmethod}
  0x000001f7bff68c3c: e9fb ffff 

  0x000001f7bff68c40: ;   {static_stub}
  0x000001f7bff68c40: ff48 bb00 | 0000 0000 

  0x000001f7bff68c48: ;   {runtime_call nmethod}
  0x000001f7bff68c48: 0000 00e9 | fbff ffff 

  0x000001f7bff68c50: ;   {static_stub}
  0x000001f7bff68c50: 48bb 0000 | 0000 0000 

  0x000001f7bff68c58: ;   {runtime_call nmethod}
  0x000001f7bff68c58: 0000 e9fb 

  0x000001f7bff68c5c: ;   {static_stub}
  0x000001f7bff68c5c: ffff ff48 | bb00 0000 | 0000 0000 

  0x000001f7bff68c68: ;   {runtime_call nmethod}
  0x000001f7bff68c68: 00e9 fbff 

  0x000001f7bff68c6c: ;   {runtime_call ExceptionBlob}
  0x000001f7bff68c6c: ffff e96d | 0d9d ffe8 | 0000 0000 | 4883 2c24 

  0x000001f7bff68c7c: ;   {runtime_call DeoptimizationBlob}
  0x000001f7bff68c7c: 05e9 feb9 | 90ff f4f4 | f4f4 f4f4 
[/MachCode]


---------------  P R O C E S S  ---------------

Threads class SMR info:
_java_thread_list=0x000001f8274fba00, length=48, elements={
0x000001f7a73c63e0, 0x000001f7d9f03a90, 0x000001f7d9f05060, 0x000001f7d9f0c200,
0x000001f7d9f0cc60, 0x000001f7dc350080, 0x000001f7dc357f20, 0x000001f7dc36db60,
0x000001f7dc370750, 0x000001f7dc47a010, 0x000001f7dc6a0100, 0x000001f822539b50,
0x000001f82328bcc0, 0x000001f82329aba0, 0x000001f82347ba70, 0x000001f8234800f0,
0x000001f8232183e0, 0x000001f8231ef810, 0x000001f8231ee460, 0x000001f8231eeaf0,
0x000001f8231ef180, 0x000001f8231eca20, 0x000001f8231efea0, 0x000001f8231ed0b0,
0x000001f8231eddd0, 0x000001f824fd3e80, 0x000001f824fd6c70, 0x000001f824fd58c0,
0x000001f824fd65e0, 0x000001f824fd7990, 0x000001f824fd4ba0, 0x000001f824fd4510,
0x000001f824fd5230, 0x000001f824fd8d40, 0x000001f824fdae10, 0x000001f824fda780,
0x000001f824fa4b30, 0x000001f824fa5850, 0x000001f824fa7920, 0x000001f824fa5ee0,
0x000001f824fa44a0, 0x000001f824fa8cd0, 0x000001f824faa080, 0x000001f824faa710,
0x000001f824fa9360, 0x000001f824faada0, 0x000001f826d8e210, 0x000001f826d8fc50
}

Java Threads: ( => current thread )
  0x000001f7a73c63e0 JavaThread "main"                              [_thread_blocked, id=12756, stack(0x0000001621500000,0x0000001621600000) (1024K)]
  0x000001f7d9f03a90 JavaThread "Reference Handler"          daemon [_thread_blocked, id=16628, stack(0x0000001621d00000,0x0000001621e00000) (1024K)]
  0x000001f7d9f05060 JavaThread "Finalizer"                  daemon [_thread_blocked, id=2936, stack(0x0000001621e00000,0x0000001621f00000) (1024K)]
  0x000001f7d9f0c200 JavaThread "Signal Dispatcher"          daemon [_thread_blocked, id=6812, stack(0x0000001621f00000,0x0000001622000000) (1024K)]
  0x000001f7d9f0cc60 JavaThread "Attach Listener"            daemon [_thread_blocked, id=3676, stack(0x0000001622000000,0x0000001622100000) (1024K)]
  0x000001f7dc350080 JavaThread "Service Thread"             daemon [_thread_blocked, id=10068, stack(0x0000001622100000,0x0000001622200000) (1024K)]
  0x000001f7dc357f20 JavaThread "Monitor Deflation Thread"   daemon [_thread_blocked, id=14456, stack(0x0000001622200000,0x0000001622300000) (1024K)]
  0x000001f7dc36db60 JavaThread "C2 CompilerThread0"         daemon [_thread_in_native, id=16712, stack(0x0000001622300000,0x0000001622400000) (1024K)]
  0x000001f7dc370750 JavaThread "C1 CompilerThread0"         daemon [_thread_blocked, id=16400, stack(0x0000001622400000,0x0000001622500000) (1024K)]
  0x000001f7dc47a010 JavaThread "Common-Cleaner"             daemon [_thread_blocked, id=10648, stack(0x0000001622500000,0x0000001622600000) (1024K)]
  0x000001f7dc6a0100 JavaThread "Notification Thread"        daemon [_thread_blocked, id=16292, stack(0x0000001622600000,0x0000001622700000) (1024K)]
  0x000001f822539b50 JavaThread "Daemon health stats"               [_thread_blocked, id=3832, stack(0x0000001622b00000,0x0000001622c00000) (1024K)]
  0x000001f82328bcc0 JavaThread "Incoming local TCP Connector on port 60064"        [_thread_in_native, id=16804, stack(0x0000001622c00000,0x0000001622d00000) (1024K)]
  0x000001f82329aba0 JavaThread "Daemon periodic checks"            [_thread_blocked, id=2640, stack(0x0000001622d00000,0x0000001622e00000) (1024K)]
  0x000001f82347ba70 JavaThread "Daemon"                            [_thread_blocked, id=10508, stack(0x0000001622e00000,0x0000001622f00000) (1024K)]
  0x000001f8234800f0 JavaThread "Handler for socket connection from /127.0.0.1:60064 to /127.0.0.1:60066"        [_thread_in_native, id=8484, stack(0x0000001622f00000,0x0000001623000000) (1024K)]
  0x000001f8232183e0 JavaThread "Cancel handler"                    [_thread_blocked, id=9908, stack(0x0000001622a00000,0x0000001622b00000) (1024K)]
=>0x000001f8231ef810 JavaThread "Daemon worker"                     [_thread_in_vm, id=2900, stack(0x0000001623000000,0x0000001623100000) (1024K)]
  0x000001f8231ee460 JavaThread "Asynchronous log dispatcher for DefaultDaemonConnection: socket connection from /127.0.0.1:60064 to /127.0.0.1:60066"        [_thread_blocked, id=1096, stack(0x0000001623100000,0x0000001623200000) (1024K)]
  0x000001f8231eeaf0 JavaThread "Stdin handler"                     [_thread_blocked, id=11128, stack(0x0000001623200000,0x0000001623300000) (1024K)]
  0x000001f8231ef180 JavaThread "Daemon client event forwarder"        [_thread_blocked, id=16060, stack(0x0000001623300000,0x0000001623400000) (1024K)]
  0x000001f8231eca20 JavaThread "Cache worker for journal cache (C:\Users\Bhumi\.gradle\caches\journal-1)"        [_thread_blocked, id=10496, stack(0x0000001623400000,0x0000001623500000) (1024K)]
  0x000001f8231efea0 JavaThread "File lock request listener"        [_thread_in_native, id=132, stack(0x0000001623500000,0x0000001623600000) (1024K)]
  0x000001f8231ed0b0 JavaThread "Cache worker for file hash cache (C:\Users\Bhumi\.gradle\caches\8.14\fileHashes)"        [_thread_blocked, id=11016, stack(0x0000001623600000,0x0000001623700000) (1024K)]
  0x000001f8231eddd0 JavaThread "Cache worker for file hash cache (C:\Users\Bhumi\FLutterProjects\flutter_application_1\android\.gradle\8.14\fileHashes)"        [_thread_blocked, id=12520, stack(0x0000001623800000,0x0000001623900000) (1024K)]
  0x000001f824fd3e80 JavaThread "Cache worker for Build Output Cleanup Cache (C:\Users\Bhumi\FLutterProjects\flutter_application_1\android\.gradle\buildOutputCleanup)"        [_thread_blocked, id=5128, stack(0x0000001623900000,0x0000001623a00000) (1024K)]
  0x000001f824fd6c70 JavaThread "File watcher server"        daemon [_thread_in_native, id=13928, stack(0x0000001623700000,0x0000001623800000) (1024K)]
  0x000001f824fd58c0 JavaThread "File watcher consumer"      daemon [_thread_blocked, id=8900, stack(0x0000001623a00000,0x0000001623b00000) (1024K)]
  0x000001f824fd65e0 JavaThread "jar transforms"                    [_thread_blocked, id=13980, stack(0x0000001623c00000,0x0000001623d00000) (1024K)]
  0x000001f824fd7990 JavaThread "jar transforms Thread 2"           [_thread_blocked, id=1808, stack(0x0000001623d00000,0x0000001623e00000) (1024K)]
  0x000001f824fd4ba0 JavaThread "jar transforms Thread 3"           [_thread_blocked, id=3708, stack(0x0000001623e00000,0x0000001623f00000) (1024K)]
  0x000001f824fd4510 JavaThread "jar transforms Thread 4"           [_thread_blocked, id=10688, stack(0x0000001623b00000,0x0000001623c00000) (1024K)]
  0x000001f824fd5230 JavaThread "Cache worker for checksums cache (C:\Users\Bhumi\FLutterProjects\flutter_application_1\android\.gradle\8.14\checksums)"        [_thread_blocked, id=16880, stack(0x0000001624000000,0x0000001624100000) (1024K)]
  0x000001f824fd8d40 JavaThread "Cache worker for file content cache (C:\Users\Bhumi\.gradle\caches\8.14\fileContent)"        [_thread_blocked, id=12064, stack(0x0000001624100000,0x0000001624200000) (1024K)]
  0x000001f824fdae10 JavaThread "Cache worker for cache directory md-supplier (C:\Users\Bhumi\.gradle\caches\8.14\md-supplier)"        [_thread_blocked, id=4304, stack(0x0000001624200000,0x0000001624300000) (1024K)]
  0x000001f824fda780 JavaThread "Cache worker for cache directory md-rule (C:\Users\Bhumi\.gradle\caches\8.14\md-rule)"        [_thread_blocked, id=6504, stack(0x0000001623f00000,0x0000001624000000) (1024K)]
  0x000001f824fa4b30 JavaThread "Cache worker for Build Output Cleanup Cache (C:\flutter\packages\flutter_tools\gradle\.gradle\buildOutputCleanup)"        [_thread_blocked, id=16560, stack(0x0000001624400000,0x0000001624500000) (1024K)]
  0x000001f824fa5850 JavaThread "Unconstrained build operations"        [_thread_blocked, id=12640, stack(0x0000001624300000,0x0000001624400000) (1024K)]
  0x000001f824fa7920 JavaThread "Unconstrained build operations Thread 2"        [_thread_blocked, id=8008, stack(0x0000001624500000,0x0000001624600000) (1024K)]
  0x000001f824fa5ee0 JavaThread "Unconstrained build operations Thread 3"        [_thread_blocked, id=13424, stack(0x0000001624600000,0x0000001624700000) (1024K)]
  0x000001f824fa44a0 JavaThread "Unconstrained build operations Thread 4"        [_thread_blocked, id=7372, stack(0x0000001624700000,0x0000001624800000) (1024K)]
  0x000001f824fa8cd0 JavaThread "Unconstrained build operations Thread 5"        [_thread_blocked, id=8756, stack(0x0000001624800000,0x0000001624900000) (1024K)]
  0x000001f824faa080 JavaThread "Unconstrained build operations Thread 6"        [_thread_blocked, id=1688, stack(0x0000001624900000,0x0000001624a00000) (1024K)]
  0x000001f824faa710 JavaThread "Unconstrained build operations Thread 7"        [_thread_blocked, id=13036, stack(0x0000001624a00000,0x0000001624b00000) (1024K)]
  0x000001f824fa9360 JavaThread "Unconstrained build operations Thread 8"        [_thread_blocked, id=17220, stack(0x0000001624b00000,0x0000001624c00000) (1024K)]
  0x000001f824faada0 JavaThread "Unconstrained build operations Thread 9"        [_thread_blocked, id=8116, stack(0x0000001624c00000,0x0000001624d00000) (1024K)]
  0x000001f826d8e210 JavaThread "Memory manager"                    [_thread_blocked, id=8148, stack(0x0000001624d00000,0x0000001624e00000) (1024K)]
  0x000001f826d8fc50 JavaThread "build event listener"              [_thread_blocked, id=10200, stack(0x0000001624e00000,0x0000001624f00000) (1024K)]
Total: 48

Other Threads:
  0x000001f7d9ee85a0 VMThread "VM Thread"                           [id=16916, stack(0x0000001621c00000,0x0000001621d00000) (1024K)]
  0x000001f7d9ed4650 WatcherThread "VM Periodic Task Thread"        [id=13768, stack(0x0000001621b00000,0x0000001621c00000) (1024K)]
  0x000001f7a746f360 WorkerThread "GC Thread#0"                     [id=7540, stack(0x0000001621600000,0x0000001621700000) (1024K)]
  0x000001f7d9ee81f0 WorkerThread "GC Thread#1"                     [id=6452, stack(0x0000001622700000,0x0000001622800000) (1024K)]
  0x000001f7d9ee8d00 WorkerThread "GC Thread#2"                     [id=5112, stack(0x0000001622800000,0x0000001622900000) (1024K)]
  0x000001f7d9ee7e40 WorkerThread "GC Thread#3"                     [id=14380, stack(0x0000001622900000,0x0000001622a00000) (1024K)]
  0x000001f7a4f1df50 ConcurrentGCThread "G1 Main Marker"            [id=6268, stack(0x0000001621700000,0x0000001621800000) (1024K)]
  0x000001f7a747d5b0 WorkerThread "G1 Conc#0"                       [id=1224, stack(0x0000001621800000,0x0000001621900000) (1024K)]
  0x000001f7d9d8a660 ConcurrentGCThread "G1 Refine#0"               [id=9368, stack(0x0000001621900000,0x0000001621a00000) (1024K)]
  0x000001f7d9d8b0f0 ConcurrentGCThread "G1 Service"                [id=5584, stack(0x0000001621a00000,0x0000001621b00000) (1024K)]
Total: 10

Threads with active compile tasks:
C2 CompilerThread0  35290 8251 %     4       org.gradle.internal.instantiation.generator.AbstractClassGenerator::inspectType @ 77 (602 bytes)
Total: 1

VM state: not at safepoint (normal execution)

VM Mutex/Monitor currently owned by a thread: None

Heap address: 0x0000000600000000, size: 8192 MB, Compressed Oops mode: Zero based, Oop shift amount: 3

CDS archive(s) mapped at: [0x000001f7dd000000-0x000001f7ddd70000-0x000001f7ddd70000), size 14090240, SharedBaseAddress: 0x000001f7dd000000, ArchiveRelocationMode: 1.
Compressed class space mapped at: 0x000001f7de000000-0x000001f81e000000, reserved size: 1073741824
Narrow klass base: 0x000001f7dd000000, Narrow klass shift: 0, Narrow klass range: 0x41000000

GC Precious Log:
 CardTable entry size: 512
 Card Set container configuration: InlinePtr #cards 4 size 8 Array Of Cards #cards 32 size 80 Howl #buckets 8 coarsen threshold 7372 Howl Bitmap #cards 1024 size 144 coarsen threshold 921 Card regions per heap region 1 cards per card region 8192
 CPUs: 4 total, 4 available
 Memory: 7996M
 Large Page Support: Disabled
 NUMA Support: Disabled
 Compressed Oops: Enabled (Zero based)
 Heap Region Size: 4M
 Heap Min Capacity: 8M
 Heap Initial Capacity: 128M
 Heap Max Capacity: 8G
 Pre-touch: Disabled
 Parallel Workers: 4
 Concurrent Workers: 1
 Concurrent Refinement Workers: 4
 Periodic GC: Disabled

Heap:
 garbage-first heap   total reserved 8388608K, committed 110592K, used 67656K [0x0000000600000000, 0x0000000800000000)
  region size 4096K, 4 young (16384K), 1 survivors (4096K)
 Metaspace       used 64848K, committed 66880K, reserved 1114112K
  class space    used 9494K, committed 10432K, reserved 1048576K

Heap Regions: E=young(eden), S=young(survivor), O=old, HS=humongous(starts), HC=humongous(continues), CS=collection set, F=free, TAMS=top-at-mark-start, PB=parsable bottom
|   0|0x0000000600000000, 0x0000000600400000, 0x0000000600400000|100%|HS|  |TAMS 0x0000000600000000| PB 0x0000000600000000| Complete |  0
|   1|0x0000000600400000, 0x0000000600800000, 0x0000000600800000|100%| O|  |TAMS 0x0000000600400000| PB 0x0000000600400000| Untracked |  0
|   2|0x0000000600800000, 0x0000000600c00000, 0x0000000600c00000|100%| O|  |TAMS 0x0000000600800000| PB 0x0000000600800000| Untracked |  0
|   3|0x0000000600c00000, 0x0000000601000000, 0x0000000601000000|100%| O|  |TAMS 0x0000000600c00000| PB 0x0000000600c00000| Untracked |  0
|   4|0x0000000601000000, 0x0000000601400000, 0x0000000601400000|100%| O|  |TAMS 0x0000000601000000| PB 0x0000000601000000| Untracked |  0
|   5|0x0000000601400000, 0x0000000601800000, 0x0000000601800000|100%| O|  |TAMS 0x0000000601400000| PB 0x0000000601400000| Untracked |  0
|   6|0x0000000601800000, 0x0000000601c00000, 0x0000000601c00000|100%| O|  |TAMS 0x0000000601800000| PB 0x0000000601800000| Untracked |  0
|   7|0x0000000601c00000, 0x0000000601c00000, 0x0000000602000000|  0%| F|  |TAMS 0x0000000601c00000| PB 0x0000000601c00000| Untracked |  0
|   8|0x0000000602000000, 0x0000000602400000, 0x0000000602400000|100%| O|  |TAMS 0x0000000602000000| PB 0x0000000602000000| Untracked |  0
|   9|0x0000000602400000, 0x0000000602800000, 0x0000000602800000|100%| O|  |TAMS 0x0000000602400000| PB 0x0000000602400000| Untracked |  0
|  10|0x0000000602800000, 0x0000000602c00000, 0x0000000602c00000|100%| O|  |TAMS 0x0000000602800000| PB 0x0000000602800000| Untracked |  0
|  11|0x0000000602c00000, 0x0000000603000000, 0x0000000603000000|100%|HS|  |TAMS 0x0000000602c00000| PB 0x0000000602c00000| Complete |  0
|  12|0x0000000603000000, 0x0000000603400000, 0x0000000603400000|100%| O|Cm|TAMS 0x0000000603000000| PB 0x0000000603000000| Complete |  0
|  13|0x0000000603400000, 0x0000000603400000, 0x0000000603800000|  0%| F|  |TAMS 0x0000000603400000| PB 0x0000000603400000| Untracked |  0
|  14|0x0000000603800000, 0x0000000603938a80, 0x0000000603c00000| 30%| S|CS|TAMS 0x0000000603800000| PB 0x0000000603800000| Complete |  0
|  15|0x0000000603c00000, 0x0000000604000000, 0x0000000604000000|100%| O|  |TAMS 0x0000000603c00000| PB 0x0000000603c00000| Untracked |  0
|  16|0x0000000604000000, 0x0000000604400000, 0x0000000604400000|100%| O|  |TAMS 0x0000000604000000| PB 0x0000000604000000| Untracked |  0
|  17|0x0000000604400000, 0x00000006044d95f0, 0x0000000604800000| 21%| O|  |TAMS 0x0000000604400000| PB 0x0000000604400000| Untracked |  0
|  18|0x0000000604800000, 0x0000000604800000, 0x0000000604c00000|  0%| F|  |TAMS 0x0000000604800000| PB 0x0000000604800000| Untracked |  0
|  19|0x0000000604c00000, 0x0000000604c00000, 0x0000000605000000|  0%| F|  |TAMS 0x0000000604c00000| PB 0x0000000604c00000| Untracked |  0
|  20|0x0000000605000000, 0x0000000605000000, 0x0000000605400000|  0%| F|  |TAMS 0x0000000605000000| PB 0x0000000605000000| Untracked |  0
|  21|0x0000000605400000, 0x0000000605400000, 0x0000000605800000|  0%| F|  |TAMS 0x0000000605400000| PB 0x0000000605400000| Untracked |  0
|  22|0x0000000605800000, 0x0000000605800000, 0x0000000605c00000|  0%| F|  |TAMS 0x0000000605800000| PB 0x0000000605800000| Untracked |  0
|  23|0x0000000605c00000, 0x0000000605c00000, 0x0000000606000000|  0%| F|  |TAMS 0x0000000605c00000| PB 0x0000000605c00000| Untracked |  0
|  24|0x0000000606000000, 0x000000060621a168, 0x0000000606400000| 52%| E|  |TAMS 0x0000000606000000| PB 0x0000000606000000| Complete |  0
|  30|0x0000000607800000, 0x0000000607c00000, 0x0000000607c00000|100%| E|CS|TAMS 0x0000000607800000| PB 0x0000000607800000| Complete |  0
|  31|0x0000000607c00000, 0x0000000608000000, 0x0000000608000000|100%| E|CS|TAMS 0x0000000607c00000| PB 0x0000000607c00000| Complete |  0

Card table byte_map: [0x000001f7d0d10000,0x000001f7d1d10000] _byte_map_base: 0x000001f7cdd10000

Marking Bits: (CMBitMap*) 0x000001f7a746f980
 Bits: [0x000001f7d1d10000, 0x000001f7d9d10000)

Polling page: 0x000001f7a5100000

Metaspace:

Usage:
  Non-class:     54.06 MB used.
      Class:      9.27 MB used.
       Both:     63.33 MB used.

Virtual space:
  Non-class space:       64.00 MB reserved,      55.12 MB ( 86%) committed,  1 nodes.
      Class space:        1.00 GB reserved,      10.19 MB ( <1%) committed,  1 nodes.
             Both:        1.06 GB reserved,      65.31 MB (  6%) committed. 

Chunk freelists:
   Non-Class:  8.64 MB
       Class:  5.64 MB
        Both:  14.28 MB

MaxMetaspaceSize: 4.00 GB
CompressedClassSpaceSize: 1.00 GB
Initial GC threshold: 21.00 MB
Current GC threshold: 107.94 MB
CDS: on
 - commit_granule_bytes: 65536.
 - commit_granule_words: 8192.
 - virtual_space_node_default_size: 8388608.
 - enlarge_chunks_in_place: 1.
 - use_allocation_guard: 0.


Internal statistics:

num_allocs_failed_limit: 6.
num_arena_births: 3558.
num_arena_deaths: 0.
num_vsnodes_births: 2.
num_vsnodes_deaths: 0.
num_space_committed: 1045.
num_space_uncommitted: 0.
num_chunks_returned_to_freelist: 6.
num_chunks_taken_from_freelist: 6432.
num_chunk_merges: 6.
num_chunk_splits: 4168.
num_chunks_enlarged: 2586.
num_inconsistent_stats: 0.

CodeHeap 'non-profiled nmethods': size=259328Kb used=3311Kb max_used=3521Kb free=256016Kb
 bounds [0x000001f7bfdb0000, 0x000001f7c0130000, 0x000001f7cfaf0000]
CodeHeap 'profiled nmethods': size=259264Kb used=9976Kb max_used=11161Kb free=249287Kb
 bounds [0x000001f7afaf0000, 0x000001f7b05e0000, 0x000001f7bf820000]
CodeHeap 'non-nmethods': size=5696Kb used=2811Kb max_used=2863Kb free=2885Kb
 bounds [0x000001f7bf820000, 0x000001f7bfb00000, 0x000001f7bfdb0000]
CodeCache: size=524288Kb, used=16098Kb, max_used=17545Kb, free=508188Kb
 total_blobs=7923, nmethods=6974, adapters=854, full_count=0
Compilation: enabled, stopped_count=0, restarted_count=0

Compilation events (20 events):
Event: 33.135 Thread 0x000001f7dc370750 nmethod 8257 0x000001f7afb09d88 code [0x000001f7afb09f20, 0x000001f7afb0a570]
Event: 33.135 Thread 0x000001f7dc370750 8258       3       java.lang.classfile.constantpool.ConstantPoolBuilder::utf8Entry (13 bytes)
Event: 33.135 Thread 0x000001f7dc370750 nmethod 8258 0x000001f7afc2f408 code [0x000001f7afc2f540, 0x000001f7afc2f7e8]
Event: 33.135 Thread 0x000001f7dc370750 8259       3       jdk.internal.classfile.impl.DirectClassBuilder::withField (27 bytes)
Event: 33.136 Thread 0x000001f7dc370750 nmethod 8259 0x000001f7b0089808 code [0x000001f7b00899c0, 0x000001f7b008a550]
Event: 33.136 Thread 0x000001f7dc370750 8260       3       jdk.internal.classfile.impl.DirectFieldBuilder::<init> (29 bytes)
Event: 33.137 Thread 0x000001f7dc370750 nmethod 8260 0x000001f7afc60008 code [0x000001f7afc60180, 0x000001f7afc60a18]
Event: 33.229 Thread 0x000001f7dc370750 8263       3       org.gradle.tooling.internal.provider.runner.ProjectConfigurationTracker$$Lambda/0x000001f7de7c9c10::test (12 bytes)
Event: 33.229 Thread 0x000001f7dc370750 nmethod 8263 0x000001f7afbf4708 code [0x000001f7afbf4840, 0x000001f7afbf4b88]
Event: 33.229 Thread 0x000001f7dc370750 8264       3       org.gradle.tooling.internal.provider.runner.ProjectConfigurationTracker::lambda$hasNoEnclosingRunningPluginApplicationForSamePlugin$1 (9 bytes)
Event: 33.230 Thread 0x000001f7dc370750 nmethod 8264 0x000001f7afb63f88 code [0x000001f7afb640c0, 0x000001f7afb642b8]
Event: 33.230 Thread 0x000001f7dc370750 8265       3       java.io.ObjectOutputStream::writeClassDesc (60 bytes)
Event: 33.231 Thread 0x000001f7dc370750 nmethod 8265 0x000001f7afc72c08 code [0x000001f7afc72de0, 0x000001f7afc734a8]
Event: 33.231 Thread 0x000001f7dc370750 8267       3       java.io.ObjectOutputStream$BlockDataOutputStream::setBlockDataMode (35 bytes)
Event: 33.232 Thread 0x000001f7dc370750 nmethod 8267 0x000001f7afba3908 code [0x000001f7afba3a40, 0x000001f7afba3c48]
Event: 33.234 Thread 0x000001f7dc370750 8268       3       org.gradle.api.internal.artifacts.configurations.DefaultLegacyConfiguration_Decorated::getName (40 bytes)
Event: 33.235 Thread 0x000001f7dc370750 nmethod 8268 0x000001f7afcad008 code [0x000001f7afcad160, 0x000001f7afcad4c0]
Event: 33.235 Thread 0x000001f7dc370750 8269       3       java.lang.invoke.LambdaForm$MH/0x000001f7de002400::invokeExact_MT (26 bytes)
Event: 33.236 Thread 0x000001f7dc370750 nmethod 8269 0x000001f7afefd808 code [0x000001f7afefd980, 0x000001f7afefdf80]
Event: 33.243 Thread 0x000001f7dc370750 8270   !   3       java.io.ObjectOutputStream::writeObject0 (620 bytes)

GC Heap History (20 events):
Event: 17.163 GC heap before
{Heap before GC invocations=12 (full 0):
 garbage-first heap   total reserved 8388608K, committed 98304K, used 74747K [0x0000000600000000, 0x0000000800000000)
  region size 4096K, 12 young (49152K), 2 survivors (8192K)
 Metaspace       used 40688K, committed 41920K, reserved 1114112K
  class space    used 5708K, committed 6272K, reserved 1048576K
}
Event: 17.180 GC heap after
{Heap after GC invocations=13 (full 0):
 garbage-first heap   total reserved 8388608K, committed 98304K, used 38813K [0x0000000600000000, 0x0000000800000000)
  region size 4096K, 2 young (8192K), 2 survivors (8192K)
 Metaspace       used 40688K, committed 41920K, reserved 1114112K
  class space    used 5708K, committed 6272K, reserved 1048576K
}
Event: 18.946 GC heap before
{Heap before GC invocations=13 (full 0):
 garbage-first heap   total reserved 8388608K, committed 98304K, used 79773K [0x0000000600000000, 0x0000000800000000)
  region size 4096K, 12 young (49152K), 2 survivors (8192K)
 Metaspace       used 44329K, committed 45952K, reserved 1114112K
  class space    used 6354K, committed 7104K, reserved 1048576K
}
Event: 18.962 GC heap after
{Heap after GC invocations=14 (full 0):
 garbage-first heap   total reserved 8388608K, committed 98304K, used 41240K [0x0000000600000000, 0x0000000800000000)
  region size 4096K, 2 young (8192K), 2 survivors (8192K)
 Metaspace       used 44329K, committed 45952K, reserved 1114112K
  class space    used 6354K, committed 7104K, reserved 1048576K
}
Event: 20.028 GC heap before
{Heap before GC invocations=14 (full 0):
 garbage-first heap   total reserved 8388608K, committed 98304K, used 78104K [0x0000000600000000, 0x0000000800000000)
  region size 4096K, 11 young (45056K), 2 survivors (8192K)
 Metaspace       used 46528K, committed 48256K, reserved 1114112K
  class space    used 6715K, committed 7488K, reserved 1048576K
}
Event: 20.040 GC heap after
{Heap after GC invocations=15 (full 0):
 garbage-first heap   total reserved 8388608K, committed 98304K, used 41986K [0x0000000600000000, 0x0000000800000000)
  region size 4096K, 2 young (8192K), 2 survivors (8192K)
 Metaspace       used 46528K, committed 48256K, reserved 1114112K
  class space    used 6715K, committed 7488K, reserved 1048576K
}
Event: 21.728 GC heap before
{Heap before GC invocations=15 (full 0):
 garbage-first heap   total reserved 8388608K, committed 98304K, used 78850K [0x0000000600000000, 0x0000000800000000)
  region size 4096K, 11 young (45056K), 2 survivors (8192K)
 Metaspace       used 49158K, committed 51008K, reserved 1114112K
  class space    used 7142K, committed 8000K, reserved 1048576K
}
Event: 21.744 GC heap after
{Heap after GC invocations=16 (full 0):
 garbage-first heap   total reserved 8388608K, committed 98304K, used 44161K [0x0000000600000000, 0x0000000800000000)
  region size 4096K, 2 young (8192K), 2 survivors (8192K)
 Metaspace       used 49158K, committed 51008K, reserved 1114112K
  class space    used 7142K, committed 8000K, reserved 1048576K
}
Event: 23.713 GC heap before
{Heap before GC invocations=16 (full 0):
 garbage-first heap   total reserved 8388608K, committed 98304K, used 76929K [0x0000000600000000, 0x0000000800000000)
  region size 4096K, 10 young (40960K), 2 survivors (8192K)
 Metaspace       used 52213K, committed 54080K, reserved 1114112K
  class space    used 7648K, committed 8512K, reserved 1048576K
}
Event: 23.727 GC heap after
{Heap after GC invocations=17 (full 0):
 garbage-first heap   total reserved 8388608K, committed 98304K, used 45900K [0x0000000600000000, 0x0000000800000000)
  region size 4096K, 2 young (8192K), 2 survivors (8192K)
 Metaspace       used 52213K, committed 54080K, reserved 1114112K
  class space    used 7648K, committed 8512K, reserved 1048576K
}
Event: 26.537 GC heap before
{Heap before GC invocations=17 (full 0):
 garbage-first heap   total reserved 8388608K, committed 98304K, used 74572K [0x0000000600000000, 0x0000000800000000)
  region size 4096K, 10 young (40960K), 2 survivors (8192K)
 Metaspace       used 54132K, committed 56000K, reserved 1114112K
  class space    used 7919K, committed 8768K, reserved 1048576K
}
Event: 26.565 GC heap after
{Heap after GC invocations=18 (full 0):
 garbage-first heap   total reserved 8388608K, committed 98304K, used 48755K [0x0000000600000000, 0x0000000800000000)
  region size 4096K, 2 young (8192K), 2 survivors (8192K)
 Metaspace       used 54132K, committed 56000K, reserved 1114112K
  class space    used 7919K, committed 8768K, reserved 1048576K
}
Event: 29.065 GC heap before
{Heap before GC invocations=18 (full 0):
 garbage-first heap   total reserved 8388608K, committed 98304K, used 77427K [0x0000000600000000, 0x0000000800000000)
  region size 4096K, 9 young (36864K), 2 survivors (8192K)
 Metaspace       used 57233K, committed 59264K, reserved 1114112K
  class space    used 8405K, committed 9344K, reserved 1048576K
}
Event: 29.080 GC heap after
{Heap after GC invocations=19 (full 0):
 garbage-first heap   total reserved 8388608K, committed 98304K, used 49732K [0x0000000600000000, 0x0000000800000000)
  region size 4096K, 2 young (8192K), 2 survivors (8192K)
 Metaspace       used 57233K, committed 59264K, reserved 1114112K
  class space    used 8405K, committed 9344K, reserved 1048576K
}
Event: 30.800 GC heap before
{Heap before GC invocations=20 (full 0):
 garbage-first heap   total reserved 8388608K, committed 98304K, used 82500K [0x0000000600000000, 0x0000000800000000)
  region size 4096K, 9 young (36864K), 2 survivors (8192K)
 Metaspace       used 59345K, committed 61440K, reserved 1114112K
  class space    used 8759K, committed 9728K, reserved 1048576K
}
Event: 30.814 GC heap after
{Heap after GC invocations=21 (full 0):
 garbage-first heap   total reserved 8388608K, committed 98304K, used 58220K [0x0000000600000000, 0x0000000800000000)
  region size 4096K, 2 young (8192K), 2 survivors (8192K)
 Metaspace       used 59345K, committed 61440K, reserved 1114112K
  class space    used 8759K, committed 9728K, reserved 1048576K
}
Event: 31.643 GC heap before
{Heap before GC invocations=21 (full 0):
 garbage-first heap   total reserved 8388608K, committed 98304K, used 78700K [0x0000000600000000, 0x0000000800000000)
  region size 4096K, 7 young (28672K), 2 survivors (8192K)
 Metaspace       used 61517K, committed 63616K, reserved 1114112K
  class space    used 9057K, committed 10048K, reserved 1048576K
}
Event: 31.663 GC heap after
{Heap after GC invocations=22 (full 0):
 garbage-first heap   total reserved 8388608K, committed 98304K, used 59231K [0x0000000600000000, 0x0000000800000000)
  region size 4096K, 1 young (4096K), 1 survivors (4096K)
 Metaspace       used 61517K, committed 63616K, reserved 1114112K
  class space    used 9057K, committed 10048K, reserved 1048576K
}
Event: 32.543 GC heap before
{Heap before GC invocations=22 (full 0):
 garbage-first heap   total reserved 8388608K, committed 98304K, used 75615K [0x0000000600000000, 0x0000000800000000)
  region size 4096K, 6 young (24576K), 1 survivors (4096K)
 Metaspace       used 63930K, committed 66048K, reserved 1114112K
  class space    used 9368K, committed 10368K, reserved 1048576K
}
Event: 32.548 GC heap after
{Heap after GC invocations=23 (full 0):
 garbage-first heap   total reserved 8388608K, committed 98304K, used 59464K [0x0000000600000000, 0x0000000800000000)
  region size 4096K, 1 young (4096K), 1 survivors (4096K)
 Metaspace       used 63930K, committed 66048K, reserved 1114112K
  class space    used 9368K, committed 10368K, reserved 1048576K
}

Dll operation events (15 events):
Event: 0.031 Loaded shared library C:\Program Files\Java\jdk-23\bin\java.dll
Event: 0.106 Loaded shared library C:\Program Files\Java\jdk-23\bin\jsvml.dll
Event: 0.236 Loaded shared library C:\Program Files\Java\jdk-23\bin\zip.dll
Event: 0.251 Loaded shared library C:\Program Files\Java\jdk-23\bin\instrument.dll
Event: 0.262 Loaded shared library C:\Program Files\Java\jdk-23\bin\net.dll
Event: 0.281 Loaded shared library C:\Program Files\Java\jdk-23\bin\nio.dll
Event: 0.290 Loaded shared library C:\Program Files\Java\jdk-23\bin\zip.dll
Event: 1.020 Loaded shared library C:\Program Files\Java\jdk-23\bin\jimage.dll
Event: 1.386 Loaded shared library C:\Program Files\Java\jdk-23\bin\verify.dll
Event: 1.716 Loaded shared library C:\Users\Bhumi\.gradle\native\1def1411415f61bf3af743bc5b6707747c0891f09f0c88961ee8f79bc544acac\windows-amd64\native-platform.dll
Event: 1.747 Loaded shared library C:\Users\Bhumi\.gradle\native\0.2.7\x86_64-windows-gnu\gradle-fileevents.dll
Event: 4.183 Loaded shared library C:\Program Files\Java\jdk-23\bin\management.dll
Event: 4.193 Loaded shared library C:\Program Files\Java\jdk-23\bin\management_ext.dll
Event: 4.511 Loaded shared library C:\Program Files\Java\jdk-23\bin\extnet.dll
Event: 5.017 Loaded shared library C:\Program Files\Java\jdk-23\bin\sunmscapi.dll

Deoptimization events (20 events):
Event: 32.697 Thread 0x000001f8231ef810 Uncommon trap: trap_request=0xffffff45 fr.pc=0x000001f7bfee5de8 relative=0x00000000000000c8
Event: 32.697 Thread 0x000001f8231ef810 Uncommon trap: reason=unstable_if action=reinterpret pc=0x000001f7bfee5de8 method=jdk.internal.util.xml.impl.Parser.bappend(CC)V @ 1 c2
Event: 32.697 Thread 0x000001f8231ef810 DEOPT PACKING pc=0x000001f7bfee5de8 sp=0x00000016230f0ca0
Event: 32.697 Thread 0x000001f8231ef810 DEOPT UNPACKING pc=0x000001f7bf874402 sp=0x00000016230f0c28 mode 2
Event: 32.697 Thread 0x000001f8231ef810 Uncommon trap: trap_request=0xffffff45 fr.pc=0x000001f7bfee6064 relative=0x0000000000000064
Event: 32.697 Thread 0x000001f8231ef810 Uncommon trap: reason=unstable_if action=reinterpret pc=0x000001f7bfee6064 method=jdk.internal.util.xml.impl.Parser.ensureCapacity(I)V @ 40 c2
Event: 32.697 Thread 0x000001f8231ef810 DEOPT PACKING pc=0x000001f7bfee6064 sp=0x00000016230f0ca0
Event: 32.697 Thread 0x000001f8231ef810 DEOPT UNPACKING pc=0x000001f7bf874402 sp=0x00000016230f0c18 mode 2
Event: 32.984 Thread 0x000001f8231ef810 Uncommon trap: trap_request=0xffffff45 fr.pc=0x000001f7bfebbb90 relative=0x00000000000000f0
Event: 32.984 Thread 0x000001f8231ef810 Uncommon trap: reason=unstable_if action=reinterpret pc=0x000001f7bfebbb90 method=java.lang.invoke.LambdaForm$BasicType.basicType(C)Ljava/lang/invoke/LambdaForm$BasicType; @ 1 c2
Event: 32.984 Thread 0x000001f8231ef810 DEOPT PACKING pc=0x000001f7bfebbb90 sp=0x00000016230f13c0
Event: 32.984 Thread 0x000001f8231ef810 DEOPT UNPACKING pc=0x000001f7bf874402 sp=0x00000016230f12f0 mode 2
Event: 33.235 Thread 0x000001f8231ef810 Uncommon trap: trap_request=0xfffffff4 fr.pc=0x000001f7c009586c relative=0x00000000000007ac
Event: 33.235 Thread 0x000001f8231ef810 Uncommon trap: reason=null_check action=make_not_entrant pc=0x000001f7c009586c method=org.gradle.util.internal.SimpleMapInterner.intern(Ljava/lang/Object;)Ljava/lang/Object; @ 2 c2
Event: 33.235 Thread 0x000001f8231ef810 DEOPT PACKING pc=0x000001f7c009586c sp=0x00000016230f2530
Event: 33.235 Thread 0x000001f8231ef810 DEOPT UNPACKING pc=0x000001f7bf874402 sp=0x00000016230f24e8 mode 2
Event: 33.235 Thread 0x000001f8231ef810 Uncommon trap: trap_request=0xffffff45 fr.pc=0x000001f7c0094d34 relative=0x0000000000000774
Event: 33.235 Thread 0x000001f8231ef810 Uncommon trap: reason=unstable_if action=reinterpret pc=0x000001f7c0094d34 method=org.gradle.util.internal.SimpleMapInterner.intern(Ljava/lang/String;)Ljava/lang/String; @ 1 c2
Event: 33.235 Thread 0x000001f8231ef810 DEOPT PACKING pc=0x000001f7c0094d34 sp=0x00000016230f24c0
Event: 33.235 Thread 0x000001f8231ef810 DEOPT UNPACKING pc=0x000001f7bf874402 sp=0x00000016230f2478 mode 2

Classes loaded (20 events):
Event: 32.877 Loading class javax/management/NotificationFilter
Event: 32.877 Loading class javax/management/NotificationFilter done
Event: 32.877 Loading class javax/management/ListenerNotFoundException
Event: 32.877 Loading class javax/management/OperationsException
Event: 32.877 Loading class javax/management/JMException
Event: 32.878 Loading class javax/management/JMException done
Event: 32.878 Loading class javax/management/OperationsException done
Event: 32.878 Loading class javax/management/ListenerNotFoundException done
Event: 32.878 Loading class jdk/jfr/Recording
Event: 32.878 Loading class jdk/jfr/Recording done
Event: 32.878 Loading class jdk/jfr/FlightRecorder
Event: 32.879 Loading class jdk/jfr/FlightRecorder done
Event: 32.879 Loading class jdk/management/jfr/FlightRecorderMXBeanImpl$MXBeanListener
Event: 32.879 Loading class jdk/jfr/FlightRecorderListener
Event: 32.879 Loading class jdk/jfr/FlightRecorderListener done
Event: 32.879 Loading class jdk/management/jfr/FlightRecorderMXBeanImpl$MXBeanListener done
Event: 32.981 Loading class com/sun/jmx/mbeanserver/StandardMBeanSupport
Event: 32.982 Loading class com/sun/jmx/mbeanserver/StandardMBeanSupport done
Event: 32.982 Loading class com/sun/jmx/mbeanserver/StandardMBeanIntrospector
Event: 32.983 Loading class com/sun/jmx/mbeanserver/StandardMBeanIntrospector done

Classes unloaded (0 events):
No events

Classes redefined (0 events):
No events

Internal exceptions (20 events):
Event: 28.512 Thread 0x000001f8231ef810 Exception <a 'java/lang/NoSuchMethodError'{0x0000000604edf560}: 'java.lang.Object java.lang.invoke.DirectMethodHandle$Holder.invokeSpecial(java.lang.Object, java.lang.Object, java.lang.Object, java.lang.Object, java.lang.Object, java.lang.Object, java.lang.Object, java.lang.Object, java.lang.Object, java.lang.Object, java.lang.Object, java.lang.Object, java.lang.Object, java.lang.Object, java.lang.Object, java.lang.Object, java.lang.Object)'> (0x0000000604edf560) 
thrown [s\open\src\hotspot\share\interpret
Event: 28.512 Thread 0x000001f8231ef810 Exception <a 'java/lang/NoSuchMethodError'{0x0000000604ee5c08}: 'java.lang.Object java.lang.invoke.DelegatingMethodHandle$Holder.reinvoke_L(java.lang.Object, java.lang.Object, java.lang.Object, java.lang.Object, java.lang.Object, java.lang.Object, java.lang.Object, java.lang.Object, java.lang.Object, java.lang.Object, java.lang.Object, java.lang.Object, java.lang.Object, java.lang.Object, java.lang.Object, java.lang.Object)'> (0x0000000604ee5c08) 
thrown [s\open\src\hotspot\share\interpreter\linkResolver.c
Event: 29.467 Thread 0x000001f8231ef810 Exception <a 'java/lang/NoSuchMethodError'{0x0000000607aea230}: 'java.lang.Object java.lang.invoke.DirectMethodHandle$Holder.newInvokeSpecial(java.lang.Object, java.lang.Object, java.lang.Object, java.lang.Object, java.lang.Object, java.lang.Object, java.lang.Object, java.lang.Object, java.lang.Object, java.lang.Object, java.lang.Object, java.lang.Object, java.lang.Object, java.lang.Object, java.lang.Object, java.lang.Object, java.lang.Object, java.lang.Object, java.lang.Object, java.lang.Object, java.lang
Event: 32.115 Thread 0x000001f8231ef810 Exception <a 'java/lang/NoSuchMethodError'{0x0000000605059ef8}: static Lorg/jetbrains/kotlin/gradle/plugin/internal/DefaultConfigurationTimePropertiesAccessorVariantFactory;.<clinit>()V> (0x0000000605059ef8) 
thrown [s\open\src\hotspot\share\prims\jni.cpp, line 1111]
Event: 32.119 Thread 0x000001f8231ef810 Exception <a 'java/lang/NoSuchMethodError'{0x000000060507f290}: static Lorg/jetbrains/kotlin/gradle/plugin/internal/DefaultProjectIsolationStartParameterAccessor$Factory;.<clinit>()V> (0x000000060507f290) 
thrown [s\open\src\hotspot\share\prims\jni.cpp, line 1111]
Event: 32.126 Thread 0x000001f8231ef810 Exception <a 'java/lang/NoSuchMethodError'{0x00000006050a5118}: static Lorg/jetbrains/kotlin/gradle/plugin/internal/DefaultSourceSetCompatibilityHelperVariantFactory;.<clinit>()V> (0x00000006050a5118) 
thrown [s\open\src\hotspot\share\prims\jni.cpp, line 1111]
Event: 32.131 Thread 0x000001f8231ef810 Exception <a 'java/lang/NoSuchMethodError'{0x00000006050d61a8}: static Lorg/jetbrains/kotlin/gradle/plugin/internal/DefaultArtifactTypeAttributeAccessorVariantFactory;.<clinit>()V> (0x00000006050d61a8) 
thrown [s\open\src\hotspot\share\prims\jni.cpp, line 1111]
Event: 32.137 Thread 0x000001f8231ef810 Exception <a 'java/lang/NoSuchMethodError'{0x00000006051074b8}: static Lorg/jetbrains/kotlin/gradle/plugin/internal/DefaultCompatibilityConventionRegistrar$Factory;.<clinit>()V> (0x00000006051074b8) 
thrown [s\open\src\hotspot\share\prims\jni.cpp, line 1111]
Event: 32.143 Thread 0x000001f8231ef810 Exception <a 'java/lang/NoSuchMethodError'{0x000000060512d388}: static Lorg/jetbrains/kotlin/gradle/plugin/internal/DefaultJavaSourceSetsAccessorVariantFactory;.<clinit>()V> (0x000000060512d388) 
thrown [s\open\src\hotspot\share\prims\jni.cpp, line 1111]
Event: 32.146 Thread 0x000001f8231ef810 Exception <a 'java/lang/NoSuchMethodError'{0x00000006051529a8}: static Lorg/jetbrains/kotlin/gradle/plugin/internal/DefaultIdeaSyncDetectorVariantFactory;.<clinit>()V> (0x00000006051529a8) 
thrown [s\open\src\hotspot\share\prims\jni.cpp, line 1111]
Event: 32.150 Thread 0x000001f8231ef810 Exception <a 'java/lang/NoSuchMethodError'{0x000000060517bd58}: static Lorg/jetbrains/kotlin/gradle/plugin/internal/DefaultKotlinTestReportCompatibilityHelperVariantFactory;.<clinit>()V> (0x000000060517bd58) 
thrown [s\open\src\hotspot\share\prims\jni.cpp, line 1111]
Event: 32.153 Thread 0x000001f8231ef810 Exception <a 'java/lang/NoSuchMethodError'{0x00000006051a2088}: static Lorg/jetbrains/kotlin/gradle/plugin/internal/DefaultMppTestReportHelperVariantFactory;.<clinit>()V> (0x00000006051a2088) 
thrown [s\open\src\hotspot\share\prims\jni.cpp, line 1111]
Event: 32.160 Thread 0x000001f8231ef810 Exception <a 'java/lang/NoSuchMethodError'{0x00000006051c7488}: static Lorg/jetbrains/kotlin/gradle/plugin/internal/DefaultConfigurationCacheStartParameterAccessorVariantFactory;.<clinit>()V> (0x00000006051c7488) 
thrown [s\open\src\hotspot\share\prims\jni.cpp, line 1111]
Event: 32.164 Thread 0x000001f8231ef810 Exception <a 'java/lang/NoSuchMethodError'{0x00000006051edb28}: static Lorg/jetbrains/kotlin/gradle/plugin/internal/MavenPluginConfigurator$DefaultMavenPluginConfiguratorVariantFactory;.<clinit>()V> (0x00000006051edb28) 
thrown [s\open\src\hotspot\share\prims\jni.cpp, line 1111]
Event: 32.170 Thread 0x000001f8231ef810 Exception <a 'java/lang/NoSuchMethodError'{0x0000000605212ed8}: static Lorg/jetbrains/kotlin/gradle/targets/js/nodejs/DefaultUnameExecutorVariantFactory;.<clinit>()V> (0x0000000605212ed8) 
thrown [s\open\src\hotspot\share\prims\jni.cpp, line 1111]
Event: 32.182 Thread 0x000001f8231ef810 Exception <a 'java/lang/NoSuchMethodError'{0x0000000605238ef0}: static Lorg/jetbrains/kotlin/gradle/plugin/internal/DefaultBasePluginConfigurationVariantFactory;.<clinit>()V> (0x0000000605238ef0) 
thrown [s\open\src\hotspot\share\prims\jni.cpp, line 1111]
Event: 32.184 Thread 0x000001f8231ef810 Exception <a 'java/lang/NoSuchMethodError'{0x000000060525f028}: static Lorg/jetbrains/kotlin/gradle/plugin/internal/DefaultAttributeConfigurationHelperVariantFactory;.<clinit>()V> (0x000000060525f028) 
thrown [s\open\src\hotspot\share\prims\jni.cpp, line 1111]
Event: 32.363 Thread 0x000001f8231ef810 Exception <a 'java/lang/IncompatibleClassChangeError'{0x0000000604de6bf8}: Found class java.lang.Object, but interface was expected> (0x0000000604de6bf8) 
thrown [s\open\src\hotspot\share\interpreter\linkResolver.cpp, line 863]
Event: 33.235 Thread 0x000001f8231ef810 Implicit null exception at 0x000001f7c00950ed to 0x000001f7c009585c
Event: 33.235 Thread 0x000001f8231ef810 Implicit null exception at 0x000001f7c00945ef to 0x000001f7c0094d20

VM Operations (20 events):
Event: 29.239 Executing VM operation: G1PauseRemark
Event: 29.248 Executing VM operation: G1PauseRemark done
Event: 29.311 Executing VM operation: G1PauseCleanup
Event: 29.316 Executing VM operation: G1PauseCleanup done
Event: 30.800 Executing VM operation: G1CollectForAllocation (G1 Evacuation Pause)
Event: 30.814 Executing VM operation: G1CollectForAllocation (G1 Evacuation Pause) done
Event: 31.643 Executing VM operation: G1CollectForAllocation (G1 Evacuation Pause)
Event: 31.663 Executing VM operation: G1CollectForAllocation (G1 Evacuation Pause) done
Event: 31.928 Executing VM operation: HandshakeAllThreads (Deoptimize)
Event: 31.928 Executing VM operation: HandshakeAllThreads (Deoptimize) done
Event: 32.543 Executing VM operation: G1CollectForAllocation (G1 Evacuation Pause)
Event: 32.548 Executing VM operation: G1CollectForAllocation (G1 Evacuation Pause) done
Event: 32.745 Executing VM operation: G1PauseRemark
Event: 32.763 Executing VM operation: G1PauseRemark done
Event: 32.834 Executing VM operation: G1PauseCleanup
Event: 32.834 Executing VM operation: G1PauseCleanup done
Event: 33.083 Executing VM operation: HandshakeAllThreads (Deoptimize)
Event: 33.083 Executing VM operation: HandshakeAllThreads (Deoptimize) done
Event: 33.095 Executing VM operation: HandshakeAllThreads (Deoptimize)
Event: 33.100 Executing VM operation: HandshakeAllThreads (Deoptimize) done

Memory protections (0 events):
No events

Nmethod flushes (20 events):
Event: 32.761 Thread 0x000001f7d9ee85a0 flushing  nmethod 0x000001f7b0191008
Event: 32.761 Thread 0x000001f7d9ee85a0 flushing  nmethod 0x000001f7b0191508
Event: 32.761 Thread 0x000001f7d9ee85a0 flushing  nmethod 0x000001f7b0191b08
Event: 32.761 Thread 0x000001f7d9ee85a0 flushing  nmethod 0x000001f7b0192108
Event: 32.761 Thread 0x000001f7d9ee85a0 flushing  nmethod 0x000001f7b0192488
Event: 32.761 Thread 0x000001f7d9ee85a0 flushing  nmethod 0x000001f7b0196608
Event: 32.761 Thread 0x000001f7d9ee85a0 flushing  nmethod 0x000001f7b0196a08
Event: 32.761 Thread 0x000001f7d9ee85a0 flushing  nmethod 0x000001f7b019fc88
Event: 32.761 Thread 0x000001f7d9ee85a0 flushing  nmethod 0x000001f7b01c8e88
Event: 32.761 Thread 0x000001f7d9ee85a0 flushing  nmethod 0x000001f7b01ee108
Event: 32.761 Thread 0x000001f7d9ee85a0 flushing  nmethod 0x000001f7b01eeb88
Event: 32.761 Thread 0x000001f7d9ee85a0 flushing  nmethod 0x000001f7b01f4308
Event: 32.761 Thread 0x000001f7d9ee85a0 flushing osr nmethod 0x000001f7b02f8d88
Event: 32.761 Thread 0x000001f7d9ee85a0 flushing  nmethod 0x000001f7b02ff188
Event: 32.761 Thread 0x000001f7d9ee85a0 flushing  nmethod 0x000001f7b03b0208
Event: 32.761 Thread 0x000001f7d9ee85a0 flushing  nmethod 0x000001f7b03b3608
Event: 32.761 Thread 0x000001f7d9ee85a0 flushing  nmethod 0x000001f7b03d3f88
Event: 32.761 Thread 0x000001f7d9ee85a0 flushing  nmethod 0x000001f7b03d8008
Event: 32.761 Thread 0x000001f7d9ee85a0 flushing  nmethod 0x000001f7b0472c08
Event: 32.761 Thread 0x000001f7d9ee85a0 flushing  nmethod 0x000001f7b04c6a08

Events (20 events):
Event: 25.096 Thread 0x000001f8231ef810 Thread added: 0x000001f824fa44a0
Event: 25.101 Thread 0x000001f8231ef810 Thread added: 0x000001f824fa8cd0
Event: 25.103 Thread 0x000001f8231ef810 Thread added: 0x000001f824faa080
Event: 25.160 Thread 0x000001f7dc370750 Thread added: 0x000001f82480a730
Event: 25.561 Thread 0x000001f82480a730 Thread exited: 0x000001f82480a730
Event: 25.597 Thread 0x000001f8231ef810 Thread added: 0x000001f824faa710
Event: 25.599 Thread 0x000001f8231ef810 Thread added: 0x000001f824fa9360
Event: 25.610 Thread 0x000001f8231ef810 Thread added: 0x000001f824faada0
Event: 26.110 Thread 0x000001f7dc370750 Thread added: 0x000001f82480c270
Event: 28.576 Thread 0x000001f82480c270 Thread exited: 0x000001f82480c270
Event: 28.681 Thread 0x000001f8231ef810 Thread added: 0x000001f826d8e210
Event: 29.385 Thread 0x000001f7dc370750 Thread added: 0x000001f82480b4d0
Event: 31.119 Thread 0x000001f82480b4d0 Thread exited: 0x000001f82480b4d0
Event: 32.262 Thread 0x000001f7dc370750 Thread added: 0x000001f82480d010
Event: 32.395 Thread 0x000001f82480d010 Thread exited: 0x000001f82480d010
Event: 32.497 Thread 0x000001f7dc370750 Thread added: 0x000001f82480d010
Event: 32.624 Thread 0x000001f82480d010 Thread exited: 0x000001f82480d010
Event: 32.717 Thread 0x000001f7dc370750 Thread added: 0x000001f82480d010
Event: 32.965 Thread 0x000001f82480d010 Thread exited: 0x000001f82480d010
Event: 33.092 Thread 0x000001f8231ef810 Thread added: 0x000001f826d8fc50


Dynamic libraries:
0x00007ff7b4ed0000 - 0x00007ff7b4ee0000 	C:\Program Files\Java\jdk-23\bin\java.exe
0x00007ffe64d00000 - 0x00007ffe64f67000 	C:\WINDOWS\SYSTEM32\ntdll.dll
0x00007ffe631c0000 - 0x00007ffe63289000 	C:\WINDOWS\System32\KERNEL32.DLL
0x00007ffe61be0000 - 0x00007ffe61fd7000 	C:\WINDOWS\System32\KERNELBASE.dll
0x00007ffe61fe0000 - 0x00007ffe6212b000 	C:\WINDOWS\System32\ucrtbase.dll
0x00007ffe05a70000 - 0x00007ffe05a87000 	C:\Program Files\Java\jdk-23\bin\jli.dll
0x00007ffe13d30000 - 0x00007ffe13d4b000 	C:\Program Files\Java\jdk-23\bin\VCRUNTIME140.dll
0x00007ffe637a0000 - 0x00007ffe63966000 	C:\WINDOWS\System32\USER32.dll
0x00007ffe629a0000 - 0x00007ffe629c7000 	C:\WINDOWS\System32\win32u.dll
0x00007ffe63e30000 - 0x00007ffe63e5b000 	C:\WINDOWS\System32\GDI32.dll
0x00007ffe3eda0000 - 0x00007ffe3f032000 	C:\WINDOWS\WinSxS\amd64_microsoft.windows.common-controls_6595b64144ccf1df_6.0.26100.8457_none_3e0b2faee331e92d\COMCTL32.dll
0x00007ffe61ab0000 - 0x00007ffe61bdc000 	C:\WINDOWS\System32\gdi32full.dll
0x00007ffe62b90000 - 0x00007ffe62c39000 	C:\WINDOWS\System32\msvcrt.dll
0x00007ffe629d0000 - 0x00007ffe62a73000 	C:\WINDOWS\System32\msvcp_win.dll
0x00007ffe62ce0000 - 0x00007ffe62d12000 	C:\WINDOWS\System32\IMM32.DLL
0x00007ffe33860000 - 0x00007ffe3386c000 	C:\Program Files\Java\jdk-23\bin\vcruntime140_1.dll
0x00007ffda7df0000 - 0x00007ffda7e7e000 	C:\Program Files\Java\jdk-23\bin\msvcp140.dll
0x00007ffda70a0000 - 0x00007ffda7def000 	C:\Program Files\Java\jdk-23\bin\server\jvm.dll
0x00007ffe63350000 - 0x00007ffe63406000 	C:\WINDOWS\System32\ADVAPI32.dll
0x00007ffe64780000 - 0x00007ffe64827000 	C:\WINDOWS\System32\sechost.dll
0x00007ffe62e70000 - 0x00007ffe62f88000 	C:\WINDOWS\System32\RPCRT4.dll
0x00007ffe62c50000 - 0x00007ffe62cd0000 	C:\WINDOWS\System32\WS2_32.dll
0x00007ffe61590000 - 0x00007ffe615ee000 	C:\WINDOWS\SYSTEM32\POWRPROF.dll
0x00007ffe45000000 - 0x00007ffe45036000 	C:\WINDOWS\SYSTEM32\WINMM.dll
0x00007ffe4dfc0000 - 0x00007ffe4dfcb000 	C:\WINDOWS\SYSTEM32\VERSION.dll
0x00007ffe61570000 - 0x00007ffe61584000 	C:\WINDOWS\SYSTEM32\UMPDC.dll
0x00007ffe604a0000 - 0x00007ffe604bb000 	C:\WINDOWS\SYSTEM32\kernel.appcore.dll
0x00007ffe24f70000 - 0x00007ffe24f7a000 	C:\Program Files\Java\jdk-23\bin\jimage.dll
0x00007ffe5f670000 - 0x00007ffe5f8b2000 	C:\WINDOWS\SYSTEM32\DBGHELP.DLL
0x00007ffe63410000 - 0x00007ffe63793000 	C:\WINDOWS\System32\combase.dll
0x00007ffe62fe0000 - 0x00007ffe630b9000 	C:\WINDOWS\System32\OLEAUT32.dll
0x00007ffe3b800000 - 0x00007ffe3b83b000 	C:\WINDOWS\SYSTEM32\dbgcore.DLL
0x00007ffe61970000 - 0x00007ffe61a18000 	C:\WINDOWS\System32\bcryptPrimitives.dll
0x00007ffe5c850000 - 0x00007ffe5c85f000 	C:\Program Files\Java\jdk-23\bin\instrument.dll
0x00007ffdfa810000 - 0x00007ffdfa82e000 	C:\Program Files\Java\jdk-23\bin\java.dll
0x00007ffe63e60000 - 0x00007ffe63ff7000 	C:\WINDOWS\System32\ole32.dll
0x00007ffe64000000 - 0x00007ffe6476e000 	C:\WINDOWS\System32\SHELL32.dll
0x00007ffe62130000 - 0x00007ffe6299c000 	C:\WINDOWS\System32\windows.storage.dll
0x00007ffe63970000 - 0x00007ffe63a66000 	C:\WINDOWS\System32\SHCORE.dll
0x00007ffe63a70000 - 0x00007ffe63ad6000 	C:\WINDOWS\System32\shlwapi.dll
0x00007ffe61650000 - 0x00007ffe61679000 	C:\WINDOWS\SYSTEM32\profapi.dll
0x00007ffda6fc0000 - 0x00007ffda7097000 	C:\Program Files\Java\jdk-23\bin\jsvml.dll
0x00007ffdf6d80000 - 0x00007ffdf6d97000 	C:\Program Files\Java\jdk-23\bin\zip.dll
0x00007ffe21760000 - 0x00007ffe21770000 	C:\Program Files\Java\jdk-23\bin\net.dll
0x00007ffe60a30000 - 0x00007ffe60a9c000 	C:\WINDOWS\system32\mswsock.dll
0x00007ffdf5750000 - 0x00007ffdf5766000 	C:\Program Files\Java\jdk-23\bin\nio.dll
0x00007ffe15830000 - 0x00007ffe15840000 	C:\Program Files\Java\jdk-23\bin\verify.dll
0x00007ffe206a0000 - 0x00007ffe206c7000 	C:\Users\Bhumi\.gradle\native\1def1411415f61bf3af743bc5b6707747c0891f09f0c88961ee8f79bc544acac\windows-amd64\native-platform.dll
0x00007ffda6a10000 - 0x00007ffda6a88000 	C:\Users\Bhumi\.gradle\native\0.2.7\x86_64-windows-gnu\gradle-fileevents.dll
0x00007ffe33c00000 - 0x00007ffe33c0a000 	C:\Program Files\Java\jdk-23\bin\management.dll
0x00007ffe205e0000 - 0x00007ffe205eb000 	C:\Program Files\Java\jdk-23\bin\management_ext.dll
0x00007ffe63c40000 - 0x00007ffe63c48000 	C:\WINDOWS\System32\PSAPI.DLL
0x00007ffe5fed0000 - 0x00007ffe5ff02000 	C:\WINDOWS\SYSTEM32\IPHLPAPI.DLL
0x00007ffe62e60000 - 0x00007ffe62e6a000 	C:\WINDOWS\System32\NSI.dll
0x00007ffe205d0000 - 0x00007ffe205d9000 	C:\Program Files\Java\jdk-23\bin\extnet.dll
0x00007ffe60d10000 - 0x00007ffe60d2b000 	C:\WINDOWS\SYSTEM32\CRYPTSP.dll
0x00007ffe60400000 - 0x00007ffe60439000 	C:\WINDOWS\system32\rsaenh.dll
0x00007ffe60ae0000 - 0x00007ffe60b13000 	C:\WINDOWS\SYSTEM32\USERENV.dll
0x00007ffe61620000 - 0x00007ffe6164a000 	C:\WINDOWS\SYSTEM32\bcrypt.dll
0x00007ffe60d30000 - 0x00007ffe60d3c000 	C:\WINDOWS\SYSTEM32\CRYPTBASE.dll
0x00007ffe5c840000 - 0x00007ffe5c84e000 	C:\Program Files\Java\jdk-23\bin\sunmscapi.dll
0x00007ffe617f0000 - 0x00007ffe61968000 	C:\WINDOWS\System32\CRYPT32.dll
0x00007ffe60f30000 - 0x00007ffe60f60000 	C:\WINDOWS\SYSTEM32\ncrypt.dll
0x00007ffe60ee0000 - 0x00007ffe60f1f000 	C:\WINDOWS\SYSTEM32\NTASN1.dll
0x00007ffe2d1b0000 - 0x00007ffe2d1b8000 	C:\WINDOWS\system32\wshunix.dll

dbghelp: loaded successfully - version: 4.0.5 - missing functions: none
symbol engine: initialized successfully - sym options: 0x614 - pdb path: .;C:\Program Files\Java\jdk-23\bin;C:\WINDOWS\SYSTEM32;C:\WINDOWS\WinSxS\amd64_microsoft.windows.common-controls_6595b64144ccf1df_6.0.26100.8457_none_3e0b2faee331e92d;C:\Program Files\Java\jdk-23\bin\server;C:\Users\Bhumi\.gradle\native\1def1411415f61bf3af743bc5b6707747c0891f09f0c88961ee8f79bc544acac\windows-amd64;C:\Users\Bhumi\.gradle\native\0.2.7\x86_64-windows-gnu

VM Arguments:
jvm_args: --add-opens=java.base/java.lang=ALL-UNNAMED --add-opens=java.base/java.lang.invoke=ALL-UNNAMED --add-opens=java.base/java.util=ALL-UNNAMED --add-opens=java.prefs/java.util.prefs=ALL-UNNAMED --add-exports=jdk.compiler/com.sun.tools.javac.api=ALL-UNNAMED --add-exports=jdk.compiler/com.sun.tools.javac.util=ALL-UNNAMED --add-opens=java.base/java.util=ALL-UNNAMED --add-opens=java.prefs/java.util.prefs=ALL-UNNAMED --add-opens=java.base/java.nio.charset=ALL-UNNAMED --add-opens=java.base/java.net=ALL-UNNAMED --add-opens=java.base/java.util.concurrent.atomic=ALL-UNNAMED --add-opens=java.xml/javax.xml.namespace=ALL-UNNAMED -XX:MaxMetaspaceSize=4G -XX:ReservedCodeCacheSize=512m -XX:+HeapDumpOnOutOfMemoryError -Xmx8G -Dfile.encoding=UTF-8 -Duser.country=IN -Duser.language=en -Duser.variant -javaagent:C:\Users\Bhumi\.gradle\wrapper\dists\gradle-8.14-all\c2qonpi39x1mddn7hk5gh9iqj\gradle-8.14\lib\agents\gradle-instrumentation-agent-8.14.jar 
java_command: org.gradle.launcher.daemon.bootstrap.GradleDaemon 8.14
java_class_path (initial): C:\Users\Bhumi\.gradle\wrapper\dists\gradle-8.14-all\c2qonpi39x1mddn7hk5gh9iqj\gradle-8.14\lib\gradle-daemon-main-8.14.jar
Launcher Type: SUN_STANDARD

[Global flags]
     intx CICompilerCount                          = 3                                         {product} {ergonomic}
     uint ConcGCThreads                            = 1                                         {product} {ergonomic}
     uint G1ConcRefinementThreads                  = 4                                         {product} {ergonomic}
   size_t G1HeapRegionSize                         = 4194304                                   {product} {ergonomic}
     bool HeapDumpOnOutOfMemoryError               = true                                   {manageable} {command line}
   size_t InitialHeapSize                          = 134217728                                 {product} {ergonomic}
   size_t MarkStackSize                            = 4194304                                   {product} {ergonomic}
   size_t MarkStackSizeMax                         = 536870912                                 {product} {ergonomic}
   size_t MaxHeapSize                              = 8589934592                                {product} {command line}
   size_t MaxMetaspaceSize                         = 4294967296                                {product} {command line}
   size_t MaxNewSize                               = 5150605312                                {product} {ergonomic}
   size_t MinHeapDeltaBytes                        = 4194304                                   {product} {ergonomic}
   size_t MinHeapSize                              = 8388608                                   {product} {ergonomic}
    uintx NonNMethodCodeHeapSize                   = 5832704                                {pd product} {ergonomic}
    uintx NonProfiledCodeHeapSize                  = 265551872                              {pd product} {ergonomic}
    uintx ProfiledCodeHeapSize                     = 265486336                              {pd product} {ergonomic}
    uintx ReservedCodeCacheSize                    = 536870912                              {pd product} {command line, ergonomic}
     bool SegmentedCodeCache                       = true                                      {product} {ergonomic}
   size_t SoftMaxHeapSize                          = 8589934592                             {manageable} {ergonomic}
     bool UseCompressedOops                        = true                           {product lp64_product} {ergonomic}
     bool UseG1GC                                  = true                                      {product} {ergonomic}
     bool UseLargePagesIndividualAllocation        = false                                  {pd product} {ergonomic}

Logging:
Log output configuration:
 #0: stdout all=warning uptime,level,tags foldmultilines=false
 #1: stderr all=off uptime,level,tags foldmultilines=false

Environment Variables:
PATH=C:\Users\Bhumi\AppData\Local\Programs\Microsoft VS Code;C:\Program Files\Common Files\Oracle\Java\javapath;C:\Program Files (x86)\Common Files\Oracle\Java\java8path;C:\Program Files (x86)\Common Files\Oracle\Java\javapath;C:\windows\system32;C:\windows;C:\windows\System32\Wbem;C:\windows\System32\WindowsPowerShell\v1.0\;C:\windows\System32\OpenSSH\;C:\Users\Bhumi\AppData\Local\Microsoft\WindowsApps;C:\Program Files\Bandizip\;C:\adb;C:\Program Files (x86)\GTK2-Runtime\lib;C:\Program Files\Microsoft SQL Server\Client SDK\ODBC\170\Tools\Binn\;C:\Program Files (x86)\Microsoft SQL Server\150\Tools\Binn\;C:\Program Files\Microsoft SQL Server\150\Tools\Binn\;C:\Program Files\Microsoft SQL Server\150\DTS\Binn\;C:\WINDOWS\system32;C:\WINDOWS;C:\WINDOWS\System32\Wbem;C:\WINDOWS\System32\WindowsPowerShell\v1.0\;C:\WINDOWS\System32\OpenSSH\;C:\Program Files\dotnet\;%JAVA_HOME%\bin;C:\MinGW\bin;C:\Program Files\nodejs\;C:\Program Files\Git\cmd;C:\Program Files\Dart\dart-sdk\bin;C:\flutter\bin;C:\Users\Bhumi\AppData\Local\Programs\Python\Launcher\;C:\Program Files\MySQL\MySQL Shell 8.0\bin\;C:\MinGW\bin;C:\Users\Bhumi\AppData\Local\Programs\Microsoft VS Code\bin;C:\Users\Bhumi\AppData\Local\Microsoft\WindowsApps;C:\Users\Bhumi\AppData\Roaming\npm;C:\Users\Bhumi\AppData\Local\Programs\mongosh\;C:\Users\Bhumi\AppData\Local\Python\bin;C:\flutter\bin;C:\ProgramData\Bhumi\GitHubDesktop\bin;C:\Users\Bhumi\AppData\Local\GitHubDesktop\bin
USERNAME=Bhumi
OS=Windows_NT
PROCESSOR_IDENTIFIER=Intel64 Family 6 Model 142 Stepping 12, GenuineIntel
TMP=C:\Users\Bhumi\AppData\Local\Temp
TEMP=C:\Users\Bhumi\AppData\Local\Temp




Periodic native trim disabled

---------------  S Y S T E M  ---------------

OS:
 Windows 11 , 64 bit Build 26100 (10.0.26100.8328)
OS uptime: 0 days 1:22 hours
Hyper-V role detected

CPU: total 4 (initial active 4) (2 cores per cpu, 2 threads per core) family 6 model 142 stepping 12 microcode 0xea, cx8, cmov, fxsr, ht, mmx, 3dnowpref, sse, sse2, sse3, ssse3, sse4.1, sse4.2, popcnt, lzcnt, tsc, tscinvbit, avx, avx2, aes, erms, clmul, bmi1, bmi2, adx, fma, vzeroupper, clflush, clflushopt, hv, rdtscp, f16c
Processor Information for the first 4 processors :
  Max Mhz: 2592, Current Mhz: 2093, Mhz Limit: 2073

Memory: 4k page, system-wide physical 7996M (1074M free)
TotalPageFile size 16233M (AvailPageFile size 84M)
current process WorkingSet (physical memory assigned to process): 305M, peak: 305M
current process commit charge ("private bytes"): 346M, peak: 347M

vm_info: Java HotSpot(TM) 64-Bit Server VM (23.0.1+11-39) for windows-amd64 JRE (23.0.1+11-39), built on 2024-09-30T07:20:43Z with MS VC++ 17.6 (VS2022)

END.
