#
# There is insufficient memory for the Java Runtime Environment to continue.
# Native memory allocation (mmap) failed to map 65536 bytes. Error detail: Failed to commit metaspace.
# Possible reasons:
#   The system is out of physical RAM or swap space
#   This process is running with CompressedOops enabled, and the Java Heap may be blocking the growth of the native heap
# Possible solutions:
#   Reduce memory load on the system
#   Increase physical memory or swap space
#   Check if swap backing store is full
#   Decrease Java heap size (-Xmx/-Xms)
#   Decrease number of Java threads
#   Decrease Java thread stack sizes (-Xss)
#   Set larger code cache with -XX:ReservedCodeCacheSize=
#   JVM is running with Unscaled Compressed Oops mode in which the Java heap is
#     placed in the first 4GB address space. The Java Heap base address is the
#     maximum limit for the native heap growth. Please use -XX:HeapBaseMinAddress
#     to set the Java Heap base and to place the Java Heap above 4GB virtual address.
# This output file may be truncated or incomplete.
#
#  Out of Memory Error (virtualSpaceNode.cpp:113), pid=16712, tid=15932
#
# JRE version: OpenJDK Runtime Environment Temurin-21.0.10+7 (21.0.10+7) (build 21.0.10+7-LTS)
# Java VM: OpenJDK 64-Bit Server VM Temurin-21.0.10+7 (21.0.10+7-LTS, mixed mode, sharing, tiered, compressed oops, compressed class ptrs, parallel gc, windows-amd64)
# No core dump will be written. Minidumps are not enabled by default on client versions of Windows
#

---------------  S U M M A R Y ------------

Command Line: --add-modules=ALL-SYSTEM --add-opens=java.base/java.util=ALL-UNNAMED --add-opens=java.base/java.lang=ALL-UNNAMED --add-opens=java.base/sun.nio.fs=ALL-UNNAMED -Declipse.application=org.eclipse.jdt.ls.core.id1 -Dosgi.bundles.defaultStartLevel=4 -Declipse.product=org.eclipse.jdt.ls.core.product -Djava.import.generatesMetadataFilesAtProjectRoot=false -DDetectVMInstallationsJob.disabled=true -Dfile.encoding=utf8 -XX:+UseParallelGC -XX:GCTimeRatio=4 -XX:AdaptiveSizePolicyWeight=90 -Dsun.zip.disableMemoryMapping=true -Xmx2G -Xms100m -Xlog:disable -javaagent:c:\Users\Bhumi\.vscode\extensions\redhat.java-1.54.0-win32-x64\lombok\lombok-1.18.39-4050.jar -XX:+HeapDumpOnOutOfMemoryError -XX:HeapDumpPath=c:\Users\Bhumi\AppData\Roaming\Code\User\workspaceStorage\99dc9a965f1c481dea11390a2d6cf309\redhat.java -Daether.dependencyCollector.impl=bf c:\Users\Bhumi\.vscode\extensions\redhat.java-1.54.0-win32-x64\server\plugins\org.eclipse.equinox.launcher_1.7.100.v20251111-0406.jar -configuration c:\Users\Bhumi\AppData\Roaming\Code\User\globalStorage\redhat.java\1.54.0\config_win -data c:\Users\Bhumi\AppData\Roaming\Code\User\workspaceStorage\99dc9a965f1c481dea11390a2d6cf309\redhat.java\jdt_ws --pipe=\\.\pipe\lsp-56e8ad069ea797cdb522944fca265ec3-sock

Host: Intel(R) Core(TM) i3-10110U CPU @ 2.10GHz, 4 cores, 7G,  Windows 11 , 64 bit Build 26100 (10.0.26100.8328)
Time: Tue May 19 01:23:36 2026 India Standard Time elapsed time: 17.921762 seconds (0d 0h 0m 17s)

---------------  T H R E A D  ---------------

Current thread (0x000001617e4ca960):  JavaThread "Start Level: Equinox Container: 12191518-7e23-41f2-af95-896e03c82dcc" daemon [_thread_in_vm, id=15932, stack(0x0000003cedc00000,0x0000003cedd00000) (1024K)]

Stack: [0x0000003cedc00000,0x0000003cedd00000]
Native frames: (J=compiled Java code, j=interpreted, Vv=VM code, C=native code)
V  [jvm.dll+0x6d7a39]
V  [jvm.dll+0x8b4b26]
V  [jvm.dll+0x8b70de]
V  [jvm.dll+0x8b77c3]
V  [jvm.dll+0x284346]
V  [jvm.dll+0x8b086e]
V  [jvm.dll+0x679444]
V  [jvm.dll+0x1e82bb]
V  [jvm.dll+0x1e807e]
V  [jvm.dll+0x67bd42]
V  [jvm.dll+0x67bb72]
V  [jvm.dll+0x679e1e]
V  [jvm.dll+0x26e1f0]
V  [jvm.dll+0x684085]
V  [jvm.dll+0x21955e]
V  [jvm.dll+0x219a05]
V  [jvm.dll+0x21a3f8]
V  [jvm.dll+0x20f62e]
V  [jvm.dll+0x5b644f]
V  [jvm.dll+0x82ead6]
V  [jvm.dll+0x478db8]
V  [jvm.dll+0x47ebe8]
C  [java.dll+0x17ec]

Java frames: (J=compiled Java code, j=interpreted, Vv=VM code)
J 1124  java.lang.ClassLoader.defineClass1(Ljava/lang/ClassLoader;Ljava/lang/String;[BIILjava/security/ProtectionDomain;Ljava/lang/String;)Ljava/lang/Class; java.base@21.0.10 (0 bytes) @ 0x000001616cde0991 [0x000001616cde08c0+0x00000000000000d1]
J 1879 c1 java.lang.ClassLoader.defineClass(Ljava/lang/String;[BIILjava/security/ProtectionDomain;)Ljava/lang/Class; java.base@21.0.10 (43 bytes) @ 0x00000161655fe6fc [0x00000161655fe3a0+0x000000000000035c]
J 3016 c1 org.eclipse.osgi.internal.loader.ModuleClassLoader.defineClass(Ljava/lang/String;[BLorg/eclipse/osgi/internal/loader/classpath/ClasspathEntry;)Lorg/eclipse/osgi/internal/loader/ModuleClassLoader$DefineClassResult; (67 bytes) @ 0x000001616589bcbc [0x000001616589b9a0+0x000000000000031c]
J 2858 c1 org.eclipse.osgi.internal.loader.classpath.ClasspathManager.defineClass(Ljava/lang/String;[BLorg/eclipse/osgi/internal/loader/classpath/ClasspathEntry;Lorg/eclipse/osgi/storage/bundlefile/BundleEntry;Ljava/util/List;)Ljava/lang/Class; (636 bytes) @ 0x0000016165840ae4 [0x000001616583f040+0x0000000000001aa4]
J 2538 c1 org.eclipse.osgi.internal.loader.classpath.ClasspathManager.findClassImpl(Ljava/lang/String;Lorg/eclipse/osgi/internal/loader/classpath/ClasspathEntry;Ljava/util/List;)Ljava/lang/Class; (328 bytes) @ 0x000001616578c92c [0x00000161657895a0+0x000000000000338c]
J 2537 c1 org.eclipse.osgi.internal.loader.classpath.ClasspathManager.findLocalClassImpl(Ljava/lang/String;[Lorg/eclipse/osgi/internal/loader/classpath/ClasspathEntry;Ljava/util/List;)Ljava/lang/Class; (55 bytes) @ 0x00000161657888e4 [0x0000016165788760+0x0000000000000184]
J 2647 c1 org.eclipse.osgi.internal.loader.classpath.ClasspathManager.findLocalClassImpl(Ljava/lang/String;Ljava/util/List;)Ljava/lang/Class; (132 bytes) @ 0x00000161657bea94 [0x00000161657be560+0x0000000000000534]
J 2804 c1 org.eclipse.osgi.internal.loader.classpath.ClasspathManager.findLocalClass(Ljava/lang/String;)Ljava/lang/Class; (210 bytes) @ 0x000001616581b524 [0x000001616581a860+0x0000000000000cc4]
J 2533 c1 org.eclipse.osgi.internal.loader.BundleLoader.findLocalClass(Ljava/lang/String;)Ljava/lang/Class; (159 bytes) @ 0x000001616578014c [0x000001616577f560+0x0000000000000bec]
J 2815 c1 org.eclipse.osgi.internal.loader.sources.SingleSourcePackage.loadClass(Ljava/lang/String;)Ljava/lang/Class; (9 bytes) @ 0x000001616582674c [0x0000016165826640+0x000000000000010c]
J 2486 c1 org.eclipse.osgi.internal.loader.BundleLoader.findClass0(Ljava/lang/String;ZZ)Ljava/lang/Class; (490 bytes) @ 0x0000016165765964 [0x00000161657628c0+0x00000000000030a4]
J 2485 c1 org.eclipse.osgi.internal.loader.BundleLoader.findClass(Ljava/lang/String;)Ljava/lang/Class; (8 bytes) @ 0x0000016165761ecc [0x0000016165761e40+0x000000000000008c]
J 2490 c1 org.eclipse.osgi.internal.loader.ModuleClassLoader.loadClass(Ljava/lang/String;Z)Ljava/lang/Class; (36 bytes) @ 0x0000016165769e4c [0x0000016165769c20+0x000000000000022c]
J 1017 c1 java.lang.ClassLoader.loadClass(Ljava/lang/String;)Ljava/lang/Class; java.base@21.0.10 (7 bytes) @ 0x00000161654398d4 [0x00000161654397c0+0x0000000000000114]
v  ~StubRoutines::call_stub 0x000001616c7d100d
J 1124  java.lang.ClassLoader.defineClass1(Ljava/lang/ClassLoader;Ljava/lang/String;[BIILjava/security/ProtectionDomain;Ljava/lang/String;)Ljava/lang/Class; java.base@21.0.10 (0 bytes) @ 0x000001616cde0991 [0x000001616cde08c0+0x00000000000000d1]
J 1879 c1 java.lang.ClassLoader.defineClass(Ljava/lang/String;[BIILjava/security/ProtectionDomain;)Ljava/lang/Class; java.base@21.0.10 (43 bytes) @ 0x00000161655fe6fc [0x00000161655fe3a0+0x000000000000035c]
J 3016 c1 org.eclipse.osgi.internal.loader.ModuleClassLoader.defineClass(Ljava/lang/String;[BLorg/eclipse/osgi/internal/loader/classpath/ClasspathEntry;)Lorg/eclipse/osgi/internal/loader/ModuleClassLoader$DefineClassResult; (67 bytes) @ 0x000001616589bcbc [0x000001616589b9a0+0x000000000000031c]
J 2858 c1 org.eclipse.osgi.internal.loader.classpath.ClasspathManager.defineClass(Ljava/lang/String;[BLorg/eclipse/osgi/internal/loader/classpath/ClasspathEntry;Lorg/eclipse/osgi/storage/bundlefile/BundleEntry;Ljava/util/List;)Ljava/lang/Class; (636 bytes) @ 0x0000016165840ae4 [0x000001616583f040+0x0000000000001aa4]
J 2538 c1 org.eclipse.osgi.internal.loader.classpath.ClasspathManager.findClassImpl(Ljava/lang/String;Lorg/eclipse/osgi/internal/loader/classpath/ClasspathEntry;Ljava/util/List;)Ljava/lang/Class; (328 bytes) @ 0x000001616578c92c [0x00000161657895a0+0x000000000000338c]
J 2537 c1 org.eclipse.osgi.internal.loader.classpath.ClasspathManager.findLocalClassImpl(Ljava/lang/String;[Lorg/eclipse/osgi/internal/loader/classpath/ClasspathEntry;Ljava/util/List;)Ljava/lang/Class; (55 bytes) @ 0x00000161657888e4 [0x0000016165788760+0x0000000000000184]
J 2647 c1 org.eclipse.osgi.internal.loader.classpath.ClasspathManager.findLocalClassImpl(Ljava/lang/String;Ljava/util/List;)Ljava/lang/Class; (132 bytes) @ 0x00000161657bea94 [0x00000161657be560+0x0000000000000534]
J 2804 c1 org.eclipse.osgi.internal.loader.classpath.ClasspathManager.findLocalClass(Ljava/lang/String;)Ljava/lang/Class; (210 bytes) @ 0x000001616581b524 [0x000001616581a860+0x0000000000000cc4]
J 2533 c1 org.eclipse.osgi.internal.loader.BundleLoader.findLocalClass(Ljava/lang/String;)Ljava/lang/Class; (159 bytes) @ 0x000001616578014c [0x000001616577f560+0x0000000000000bec]
J 2486 c1 org.eclipse.osgi.internal.loader.BundleLoader.findClass0(Ljava/lang/String;ZZ)Ljava/lang/Class; (490 bytes) @ 0x0000016165765a5c [0x00000161657628c0+0x000000000000319c]
J 2485 c1 org.eclipse.osgi.internal.loader.BundleLoader.findClass(Ljava/lang/String;)Ljava/lang/Class; (8 bytes) @ 0x0000016165761ecc [0x0000016165761e40+0x000000000000008c]
J 2490 c1 org.eclipse.osgi.internal.loader.ModuleClassLoader.loadClass(Ljava/lang/String;Z)Ljava/lang/Class; (36 bytes) @ 0x0000016165769e4c [0x0000016165769c20+0x000000000000022c]
J 1017 c1 java.lang.ClassLoader.loadClass(Ljava/lang/String;)Ljava/lang/Class; java.base@21.0.10 (7 bytes) @ 0x00000161654398d4 [0x00000161654397c0+0x0000000000000114]
v  ~StubRoutines::call_stub 0x000001616c7d100d
J 1124  java.lang.ClassLoader.defineClass1(Ljava/lang/ClassLoader;Ljava/lang/String;[BIILjava/security/ProtectionDomain;Ljava/lang/String;)Ljava/lang/Class; java.base@21.0.10 (0 bytes) @ 0x000001616cde0991 [0x000001616cde08c0+0x00000000000000d1]
J 1879 c1 java.lang.ClassLoader.defineClass(Ljava/lang/String;[BIILjava/security/ProtectionDomain;)Ljava/lang/Class; java.base@21.0.10 (43 bytes) @ 0x00000161655fe6fc [0x00000161655fe3a0+0x000000000000035c]
J 3016 c1 org.eclipse.osgi.internal.loader.ModuleClassLoader.defineClass(Ljava/lang/String;[BLorg/eclipse/osgi/internal/loader/classpath/ClasspathEntry;)Lorg/eclipse/osgi/internal/loader/ModuleClassLoader$DefineClassResult; (67 bytes) @ 0x000001616589bcbc [0x000001616589b9a0+0x000000000000031c]
J 2858 c1 org.eclipse.osgi.internal.loader.classpath.ClasspathManager.defineClass(Ljava/lang/String;[BLorg/eclipse/osgi/internal/loader/classpath/ClasspathEntry;Lorg/eclipse/osgi/storage/bundlefile/BundleEntry;Ljava/util/List;)Ljava/lang/Class; (636 bytes) @ 0x0000016165840ae4 [0x000001616583f040+0x0000000000001aa4]
J 2538 c1 org.eclipse.osgi.internal.loader.classpath.ClasspathManager.findClassImpl(Ljava/lang/String;Lorg/eclipse/osgi/internal/loader/classpath/ClasspathEntry;Ljava/util/List;)Ljava/lang/Class; (328 bytes) @ 0x000001616578c92c [0x00000161657895a0+0x000000000000338c]
J 2537 c1 org.eclipse.osgi.internal.loader.classpath.ClasspathManager.findLocalClassImpl(Ljava/lang/String;[Lorg/eclipse/osgi/internal/loader/classpath/ClasspathEntry;Ljava/util/List;)Ljava/lang/Class; (55 bytes) @ 0x00000161657888e4 [0x0000016165788760+0x0000000000000184]
J 2647 c1 org.eclipse.osgi.internal.loader.classpath.ClasspathManager.findLocalClassImpl(Ljava/lang/String;Ljava/util/List;)Ljava/lang/Class; (132 bytes) @ 0x00000161657bea94 [0x00000161657be560+0x0000000000000534]
J 2804 c1 org.eclipse.osgi.internal.loader.classpath.ClasspathManager.findLocalClass(Ljava/lang/String;)Ljava/lang/Class; (210 bytes) @ 0x000001616581b524 [0x000001616581a860+0x0000000000000cc4]
J 2533 c1 org.eclipse.osgi.internal.loader.BundleLoader.findLocalClass(Ljava/lang/String;)Ljava/lang/Class; (159 bytes) @ 0x000001616578014c [0x000001616577f560+0x0000000000000bec]
J 2486 c1 org.eclipse.osgi.internal.loader.BundleLoader.findClass0(Ljava/lang/String;ZZ)Ljava/lang/Class; (490 bytes) @ 0x0000016165765a5c [0x00000161657628c0+0x000000000000319c]
J 2485 c1 org.eclipse.osgi.internal.loader.BundleLoader.findClass(Ljava/lang/String;)Ljava/lang/Class; (8 bytes) @ 0x0000016165761ecc [0x0000016165761e40+0x000000000000008c]
J 2490 c1 org.eclipse.osgi.internal.loader.ModuleClassLoader.loadClass(Ljava/lang/String;Z)Ljava/lang/Class; (36 bytes) @ 0x0000016165769e4c [0x0000016165769c20+0x000000000000022c]
J 1017 c1 java.lang.ClassLoader.loadClass(Ljava/lang/String;)Ljava/lang/Class; java.base@21.0.10 (7 bytes) @ 0x00000161654398d4 [0x00000161654397c0+0x0000000000000114]
v  ~StubRoutines::call_stub 0x000001616c7d100d
j  org.eclipse.jdt.internal.core.JavaModelManager.<init>()V+433
j  org.eclipse.jdt.internal.core.JavaModelManager.<clinit>()V+87
v  ~StubRoutines::call_stub 0x000001616c7d100d
j  org.eclipse.jdt.core.JavaCore.start(Lorg/osgi/framework/BundleContext;)V+6
j  org.eclipse.osgi.internal.framework.BundleContextImpl$2.run()Ljava/lang/Void;+23
j  org.eclipse.osgi.internal.framework.BundleContextImpl$2.run()Ljava/lang/Object;+1
J 1156 c1 java.security.AccessController.executePrivileged(Ljava/security/PrivilegedExceptionAction;Ljava/security/AccessControlContext;Ljava/lang/Class;)Ljava/lang/Object; java.base@21.0.10 (65 bytes) @ 0x000001616547b4c4 [0x000001616547b360+0x0000000000000164]
j  java.security.AccessController.doPrivileged(Ljava/security/PrivilegedExceptionAction;)Ljava/lang/Object;+9 java.base@21.0.10
j  org.eclipse.osgi.internal.framework.BundleContextImpl.startActivator(Lorg/osgi/framework/BundleActivator;)V+9
j  org.eclipse.osgi.internal.framework.BundleContextImpl.start()V+141
j  org.eclipse.osgi.internal.framework.EquinoxBundle.startWorker0()V+35
j  org.eclipse.osgi.internal.framework.EquinoxBundle$EquinoxModule.startWorker()V+4
j  org.eclipse.osgi.container.Module.doStart([Lorg/eclipse/osgi/container/Module$StartOptions;)Lorg/eclipse/osgi/container/ModuleContainerAdaptor$ModuleEvent;+200
J 3013 c1 org.eclipse.osgi.container.Module.start([Lorg/eclipse/osgi/container/Module$StartOptions;)V (662 bytes) @ 0x0000016165895984 [0x00000161658938c0+0x00000000000020c4]
J 3167 c1 org.eclipse.osgi.framework.util.SecureAction.start(Lorg/eclipse/osgi/container/Module;[Lorg/eclipse/osgi/container/Module$StartOptions;)V (61 bytes) @ 0x00000161658dd81c [0x00000161658dd660+0x00000000000001bc]
J 2535 c1 org.eclipse.osgi.internal.hooks.EclipseLazyStarter.postFindLocalClass(Ljava/lang/String;Ljava/lang/Class;Lorg/eclipse/osgi/internal/loader/classpath/ClasspathManager;)V (394 bytes) @ 0x0000016165784d14 [0x0000016165783d40+0x0000000000000fd4]
J 2804 c1 org.eclipse.osgi.internal.loader.classpath.ClasspathManager.findLocalClass(Ljava/lang/String;)Ljava/lang/Class; (210 bytes) @ 0x000001616581b874 [0x000001616581a860+0x0000000000001014]
J 2533 c1 org.eclipse.osgi.internal.loader.BundleLoader.findLocalClass(Ljava/lang/String;)Ljava/lang/Class; (159 bytes) @ 0x000001616578014c [0x000001616577f560+0x0000000000000bec]
J 2815 c1 org.eclipse.osgi.internal.loader.sources.SingleSourcePackage.loadClass(Ljava/lang/String;)Ljava/lang/Class; (9 bytes) @ 0x000001616582674c [0x0000016165826640+0x000000000000010c]
J 2486 c1 org.eclipse.osgi.internal.loader.BundleLoader.findClass0(Ljava/lang/String;ZZ)Ljava/lang/Class; (490 bytes) @ 0x0000016165765964 [0x00000161657628c0+0x00000000000030a4]
J 2485 c1 org.eclipse.osgi.internal.loader.BundleLoader.findClass(Ljava/lang/String;)Ljava/lang/Class; (8 bytes) @ 0x0000016165761ecc [0x0000016165761e40+0x000000000000008c]
J 2490 c1 org.eclipse.osgi.internal.loader.ModuleClassLoader.loadClass(Ljava/lang/String;Z)Ljava/lang/Class; (36 bytes) @ 0x0000016165769e4c [0x0000016165769c20+0x000000000000022c]
J 1017 c1 java.lang.ClassLoader.loadClass(Ljava/lang/String;)Ljava/lang/Class; java.base@21.0.10 (7 bytes) @ 0x00000161654398d4 [0x00000161654397c0+0x0000000000000114]
v  ~StubRoutines::call_stub 0x000001616c7d100d
j  java.lang.Class.getDeclaredConstructors0(Z)[Ljava/lang/reflect/Constructor;+0 java.base@21.0.10
j  java.lang.Class.privateGetDeclaredConstructors(Z)[Ljava/lang/reflect/Constructor;+52 java.base@21.0.10
j  java.lang.Class.getConstructor0([Ljava/lang/Class;I)Ljava/lang/reflect/Constructor;+14 java.base@21.0.10
j  java.lang.Class.getConstructor([Ljava/lang/Class;)Ljava/lang/reflect/Constructor;+24 java.base@21.0.10
j  org.eclipse.osgi.internal.framework.BundleContextImpl.loadBundleActivator()Lorg/osgi/framework/BundleActivator;+105
j  org.eclipse.osgi.internal.framework.BundleContextImpl.start()V+18
j  org.eclipse.osgi.internal.framework.EquinoxBundle.startWorker0()V+35
j  org.eclipse.osgi.internal.framework.EquinoxBundle$EquinoxModule.startWorker()V+4
j  org.eclipse.osgi.container.Module.doStart([Lorg/eclipse/osgi/container/Module$StartOptions;)Lorg/eclipse/osgi/container/ModuleContainerAdaptor$ModuleEvent;+200
j  org.eclipse.osgi.container.Module.start([Lorg/eclipse/osgi/container/Module$StartOptions;)V+460
j  org.eclipse.osgi.container.ModuleContainer$ContainerStartLevel$2.run()V+83
j  org.eclipse.osgi.internal.framework.EquinoxContainerAdaptor$1$1.execute(Ljava/lang/Runnable;)V+1
j  org.eclipse.osgi.container.ModuleContainer$ContainerStartLevel.incStartLevel(ILjava/util/List;Z)V+193
j  org.eclipse.osgi.container.ModuleContainer$ContainerStartLevel.incStartLevel(ILjava/util/List;Ljava/util/List;Ljava/util/List;Ljava/util/List;)V+19
j  org.eclipse.osgi.container.ModuleContainer$ContainerStartLevel.doContainerStartLevel(Lorg/eclipse/osgi/container/Module;I[Lorg/osgi/framework/FrameworkListener;)V+358
j  org.eclipse.osgi.container.ModuleContainer$ContainerStartLevel.dispatchEvent(Lorg/eclipse/osgi/container/Module;[Lorg/osgi/framework/FrameworkListener;ILjava/lang/Integer;)V+32
j  org.eclipse.osgi.container.ModuleContainer$ContainerStartLevel.dispatchEvent(Ljava/lang/Object;Ljava/lang/Object;ILjava/lang/Object;)V+15
j  org.eclipse.osgi.framework.eventmgr.EventManager.dispatchEvent(Ljava/util/Set;Lorg/eclipse/osgi/framework/eventmgr/EventDispatcher;ILjava/lang/Object;)V+48
j  org.eclipse.osgi.framework.eventmgr.EventManager$EventThread.run()V+26
v  ~StubRoutines::call_stub 0x000001616c7d100d

Compiled method (n/a) 17959 1124     n 0       java.lang.ClassLoader::defineClass1 (native)
 total in heap  [0x000001616cde0710,0x000001616cde0b98] = 1160
 relocation     [0x000001616cde0870,0x000001616cde08a8] = 56
 main code      [0x000001616cde08c0,0x000001616cde0b96] = 726
 stub code      [0x000001616cde0b96,0x000001616cde0b98] = 2

[Constant Pool (empty)]

[MachCode]
[Entry Point]
  # {method} {0x0000016100434f58} 'defineClass1' '(Ljava/lang/ClassLoader;Ljava/lang/String;[BIILjava/security/ProtectionDomain;Ljava/lang/String;)Ljava/lang/Class;' in 'java/lang/ClassLoader'
  # parm0:    rdx:rdx   = 'java/lang/ClassLoader'
  # parm1:    r8:r8     = 'java/lang/String'
  # parm2:    r9:r9     = '[B'
  # parm3:    rdi       = int
  # parm4:    rsi       = int
  # parm5:    rcx:rcx   = 'java/security/ProtectionDomain'
  # parm6:    [sp+0xa0]   = 'java/lang/String'  (sp of caller)
  0x000001616cde08c0: 448b 5208 | 49bb 0000 | 0000 6101 | 0000 4d03 | d349 3bc2 | 0f84 0600 

  0x000001616cde08d8: ;   {runtime_call ic_miss_stub}
  0x000001616cde08d8: 0000 e9a1 | dba3 ff90 
[Verified Entry Point]
  0x000001616cde08e0: 8984 2400 | 80ff ff55 | 488b ec48 | 81ec 9000 | 0000 6690 | 4181 7f20 | 0200 0000 

  0x000001616cde08fc: ;   {runtime_call StubRoutines (final stubs)}
  0x000001616cde08fc: 7405 e8dd | 80a2 ff48 | 837d 1000 | 488d 4510 | 480f 4445 | 1048 8944 | 2440 4889 | 4c24 7048 
  0x000001616cde091c: 83f9 0048 | 8d44 2470 | 480f 4444 | 2470 4889 | 4424 3848 | 8974 2430 | 4889 7c24 | 284c 894c 
  0x000001616cde093c: 2458 4983 | f900 488d | 4424 5848 | 0f44 4424 | 5848 8944 | 2420 4c89 | 4424 5049 | 83f8 004c 
  0x000001616cde095c: 8d4c 2450 | 4c0f 444c | 2450 4889 | 5424 4848 | 83fa 004c | 8d44 2448 | 4c0f 4444 

  0x000001616cde0978: ;   {oop(a 'java/lang/Class'{0x0000000080774e40} = 'java/lang/ClassLoader')}
  0x000001616cde0978: 2448 49be | 404e 7780 | 0000 0000 | 4c89 7424 | 784c 8d74 | 2478 498b | d6c5 f877 

  0x000001616cde0994: ;   {internal_word}
  0x000001616cde0994: 49ba 9109 | de6c 6101 | 0000 4d89 | 97a8 0300 | 0049 89a7 | a003 0000 

  0x000001616cde09ac: ;   {external_word}
  0x000001616cde09ac: 49ba c65c | 4e4d fc7f | 0000 4180 | 3a00 0f84 | 4e00 0000 | 5241 5041 

  0x000001616cde09c4: ;   {metadata({method} {0x0000016100434f58} 'defineClass1' '(Ljava/lang/ClassLoader;Ljava/lang/String;[BIILjava/security/ProtectionDomain;Ljava/lang/String;)Ljava/lang/Class;' in 'java/lang/ClassLoader')}
  0x000001616cde09c4: 5148 ba50 | 4f43 0061 | 0100 0049 | 8bcf 4883 | ec20 40f6 | c40f 0f84 | 1900 0000 | 4883 ec08 
  0x000001616cde09e4: ;   {runtime_call}
  0x000001616cde09e4: 48b8 50e1 | f74c fc7f | 0000 ffd0 | 4883 c408 | e90c 0000 

  0x000001616cde09f8: ;   {runtime_call}
  0x000001616cde09f8: 0048 b850 | e1f7 4cfc | 7f00 00ff | d048 83c4 | 2041 5941 | 585a 498d | 8fc0 0300 | 0041 c787 
  0x000001616cde0a18: 4c04 0000 | 0400 0000 

  0x000001616cde0a20: ;   {runtime_call}
  0x000001616cde0a20: 48b8 ac16 | eeb6 fc7f | 0000 ffd0 | c5f8 7741 | c787 4c04 | 0000 0500 | 0000 f083 | 4424 c000 
  0x000001616cde0a40: 493b af50 | 0400 000f | 870e 0000 | 0041 83bf | 4804 0000 | 000f 842b | 0000 00c5 | f877 4889 
  0x000001616cde0a60: 45f8 498b | cf4c 8be4 | 4883 ec20 | 4883 e4f0 

  0x000001616cde0a70: ;   {runtime_call}
  0x000001616cde0a70: 48b8 d052 | c34c fc7f | 0000 ffd0 | 498b e44d | 33e4 488b | 45f8 41c7 | 874c 0400 | 0008 0000 
  0x000001616cde0a90: 0041 83bf | c804 0000 | 020f 84ca 

  0x000001616cde0a9c: ;   {external_word}
  0x000001616cde0a9c: 0000 0049 | bac6 5c4e | 4dfc 7f00 | 0041 803a | 000f 844c | 0000 0048 

  0x000001616cde0ab4: ;   {metadata({method} {0x0000016100434f58} 'defineClass1' '(Ljava/lang/ClassLoader;Ljava/lang/String;[BIILjava/security/ProtectionDomain;Ljava/lang/String;)Ljava/lang/Class;' in 'java/lang/ClassLoader')}
  0x000001616cde0ab4: 8945 f848 | ba50 4f43 | 0061 0100 | 0049 8bcf | 4883 ec20 | 40f6 c40f | 0f84 1900 | 0000 4883 
  0x000001616cde0ad4: ;   {runtime_call}
  0x000001616cde0ad4: ec08 48b8 | 50e1 f74c | fc7f 0000 | ffd0 4883 | c408 e90c 

  0x000001616cde0ae8: ;   {runtime_call}
  0x000001616cde0ae8: 0000 0048 | b850 e1f7 | 4cfc 7f00 | 00ff d048 | 83c4 2048 | 8b45 f849 | c787 a003 | 0000 0000 
  0x000001616cde0b08: 0000 49c7 | 87a8 0300 | 0000 0000 | 00c5 f877 | 4885 c00f | 8425 0000 | 00a8 030f | 8508 0000 
  0x000001616cde0b28: 0048 8b00 | e915 0000 | 00a8 010f | 8509 0000 | 0048 8b40 | fee9 0400 | 0000 488b | 40ff 498b 
  0x000001616cde0b48: 8f30 0400 | 00c7 8100 | 0100 0000 | 0000 00c9 | 4983 7f08 | 000f 8501 | 0000 00c3 

  0x000001616cde0b64: ;   {runtime_call StubRoutines (initial stubs)}
  0x000001616cde0b64: e997 039f | ffc5 f877 | 4889 45f8 | 4c8b e448 | 83ec 2048 

  0x000001616cde0b78: ;   {runtime_call}
  0x000001616cde0b78: 83e4 f048 | b8a0 18f8 | 4cfc 7f00 | 00ff d049 | 8be4 4d33 | e448 8b45 | f8e9 09ff | ffff f4f4 
[/MachCode]


Compiled method (c1) 17974 1879       3       java.lang.ClassLoader::defineClass (43 bytes)
 total in heap  [0x00000161655fe190,0x00000161655feaf0] = 2400
 relocation     [0x00000161655fe2f0,0x00000161655fe390] = 160
 main code      [0x00000161655fe3a0,0x00000161655fe840] = 1184
 stub code      [0x00000161655fe840,0x00000161655fe8b8] = 120
 metadata       [0x00000161655fe8b8,0x00000161655fe8e8] = 48
 scopes data    [0x00000161655fe8e8,0x00000161655fe9d8] = 240
 scopes pcs     [0x00000161655fe9d8,0x00000161655feab8] = 224
 dependencies   [0x00000161655feab8,0x00000161655feac8] = 16
 nul chk table  [0x00000161655feac8,0x00000161655feaf0] = 40

[Constant Pool (empty)]

[MachCode]
[Entry Point]
  # {method} {0x00000161004352d8} 'defineClass' '(Ljava/lang/String;[BIILjava/security/ProtectionDomain;)Ljava/lang/Class;' in 'java/lang/ClassLoader'
  # this:     rdx:rdx   = 'java/lang/ClassLoader'
  # parm0:    r8:r8     = 'java/lang/String'
  # parm1:    r9:r9     = '[B'
  # parm2:    rdi       = int
  # parm3:    rsi       = int
  # parm4:    rcx:rcx   = 'java/security/ProtectionDomain'
  #           [sp+0xc0]  (sp of caller)
  0x00000161655fe3a0: 448b 5208 | 49bb 0000 | 0000 6101 | 0000 4d03 | d34c 3bd0 

  0x00000161655fe3b4: ;   {runtime_call ic_miss_stub}
  0x00000161655fe3b4: 0f85 c600 | 2207 660f | 1f44 0000 
[Verified Entry Point]
  0x00000161655fe3c0: 8984 2400 | 80ff ff55 | 4881 ecb0 | 0000 0090 | 4181 7f20 | 0200 0000 

  0x00000161655fe3d8: ;   {runtime_call StubRoutines (final stubs)}
  0x00000161655fe3d8: 7405 e801 | a620 0748 | 8954 2478 

  0x00000161655fe3e4: ;   {metadata(method data for {method} {0x00000161004352d8} 'defineClass' '(Ljava/lang/String;[BIILjava/security/ProtectionDomain;)Ljava/lang/Class;' in 'java/lang/ClassLoader')}
  0x00000161655fe3e4: 48bb f03a | 377a 6101 | 0000 8b83 | cc00 0000 | 83c0 0289 | 83cc 0000 | 0025 fe07 | 0000 85c0 
  0x00000161655fe404: 0f84 5803 | 0000 89b4 | 2494 0000 | 0089 bc24 | 9000 0000 | 4c89 8c24 | 8800 0000 

  0x00000161655fe420: ;   {metadata(method data for {method} {0x00000161004352d8} 'defineClass' '(Ljava/lang/String;[BIILjava/security/ProtectionDomain;)Ljava/lang/Class;' in 'java/lang/ClassLoader')}
  0x00000161655fe420: 488b da48 | b8f0 3a37 | 7a61 0100 | 0048 8380 | 1001 0000 | 0149 8bd8 | 4c8b c34c | 8bc9 488b 
  0x00000161655fe440: ca48 8bd1 | 4889 9c24 | 8000 0000 

  0x00000161655fe44c: ;   {optimized virtual_call}
  0x00000161655fe44c: 6666 90e8 

  0x00000161655fe450: ; ImmutableOopMap {[120]=Oop [128]=Oop [136]=Oop }
                      ;*invokevirtual preDefineClass {reexecute=0 rethrow=0 return_oop=0}
                      ; - java.lang.ClassLoader::defineClass@4
  0x00000161655fe450: ccf7 f7ff 

  0x00000161655fe454: ;   {other}
  0x00000161655fe454: 0f1f 8400 | c402 0000 | 4889 8424 | 9800 0000 | 488b 5424 

  0x00000161655fe468: ;   {metadata(method data for {method} {0x00000161004352d8} 'defineClass' '(Ljava/lang/String;[BIILjava/security/ProtectionDomain;)Ljava/lang/Class;' in 'java/lang/ClassLoader')}
  0x00000161655fe468: 7849 b8f0 | 3a37 7a61 | 0100 0049 | 8380 4801 

  0x00000161655fe478: ;   {metadata(method data for {method} {0x0000016100434fc0} 'defineClassSourceLocation' '(Ljava/security/ProtectionDomain;)Ljava/lang/String;' in 'java/lang/ClassLoader')}
  0x00000161655fe478: 0000 0149 | b808 4237 | 7a61 0100 | 0041 8b90 | cc00 0000 | 83c2 0241 | 8990 cc00 | 0000 81e2 
  0x00000161655fe498: feff 1f00 | 85d2 0f84 | df02 0000 

  0x00000161655fe4a4: ; implicit exception: dispatches to 0x00000161655fe7a4
  0x00000161655fe4a4: 483b 004c 

  0x00000161655fe4a8: ;   {metadata(method data for {method} {0x0000016100434fc0} 'defineClassSourceLocation' '(Ljava/security/ProtectionDomain;)Ljava/lang/String;' in 'java/lang/ClassLoader')}
  0x00000161655fe4a8: 8bc0 48ba | 0842 377a | 6101 0000 | 4883 8210 | 0100 0001 | 448b 4010 

  0x00000161655fe4c0: ;   {metadata(method data for {method} {0x0000016100434fc0} 'defineClassSourceLocation' '(Ljava/security/ProtectionDomain;)Ljava/lang/String;' in 'java/lang/ClassLoader')}
  0x00000161655fe4c0: 4d85 c048 | ba08 4237 | 7a61 0100 | 0048 c7c6 | 5801 0000 | 7507 48c7 | c648 0100 | 0048 8b3c 
  0x00000161655fe4e0: 3248 8d7f | 0148 893c | 320f 850f 

  0x00000161655fe4ec: ;   {oop(nullptr)}
  0x00000161655fe4ec: 0000 0048 | bb00 0000 | 0000 0000 | 00e9 a901 | 0000 493b | 0049 8bd0 

  0x00000161655fe504: ;   {metadata(method data for {method} {0x0000016100434fc0} 'defineClassSourceLocation' '(Ljava/security/ProtectionDomain;)Ljava/lang/String;' in 'java/lang/ClassLoader')}
  0x00000161655fe504: 48be 0842 | 377a 6101 | 0000 4883 | 8668 0100 | 0001 418b | 500c 4885 

  0x00000161655fe51c: ;   {metadata(method data for {method} {0x0000016100434fc0} 'defineClassSourceLocation' '(Ljava/security/ProtectionDomain;)Ljava/lang/String;' in 'java/lang/ClassLoader')}
  0x00000161655fe51c: d248 be08 | 4237 7a61 | 0100 0048 | c7c7 b001 | 0000 7507 | 48c7 c7a0 | 0100 0048 | 8b1c 3e48 
  0x00000161655fe53c: 8d5b 0148 | 891c 3e0f | 850f 0000 

  0x00000161655fe548: ;   {oop(nullptr)}
  0x00000161655fe548: 0048 bb00 | 0000 0000 | 0000 00e9 | 4f01 0000 

  0x00000161655fe558: ;   {metadata(method data for {method} {0x0000016100434fc0} 'defineClassSourceLocation' '(Ljava/security/ProtectionDomain;)Ljava/lang/String;' in 'java/lang/ClassLoader')}
  0x00000161655fe558: 48be 0842 | 377a 6101 | 0000 4883 | 86c0 0100 | 0001 483b | 024c 8bc2 

  0x00000161655fe570: ;   {metadata(method data for {method} {0x0000016100434fc0} 'defineClassSourceLocation' '(Ljava/security/ProtectionDomain;)Ljava/lang/String;' in 'java/lang/ClassLoader')}
  0x00000161655fe570: 48be 0842 | 377a 6101 | 0000 4883 | 86f8 0100 

  0x00000161655fe580: ;   {metadata(method data for {method} {0x000001610001abf0} 'toString' '()Ljava/lang/String;' in 'java/net/URL')}
  0x00000161655fe580: 0001 49b8 | d835 377a | 6101 0000 | 418b b0cc | 0000 0083 | c602 4189 | b0cc 0000 | 0081 e6fe 
  0x00000161655fe5a0: ff1f 0085 | f60f 8408 | 0200 004c 

  0x00000161655fe5ac: ;   {metadata(method data for {method} {0x000001610001abf0} 'toString' '()Ljava/lang/String;' in 'java/net/URL')}
  0x00000161655fe5ac: 8bc2 48be | d835 377a | 6101 0000 | 4883 8610 | 0100 0001 

  0x00000161655fe5c0: ;   {metadata(method data for {method} {0x0000016100428b60} 'toExternalForm' '()Ljava/lang/String;' in 'java/net/URL')}
  0x00000161655fe5c0: 49b8 10d2 | 367a 6101 | 0000 418b | b0cc 0000 | 0083 c602 | 4189 b0cc | 0000 0081 | e6fe ff1f 
  0x00000161655fe5e0: 0085 f60f | 84eb 0100 | 008b 7238 

  0x00000161655fe5ec: ; implicit exception: dispatches to 0x00000161655fe7f5
  0x00000161655fe5ec: 483b 064c 

  0x00000161655fe5f0: ;   {metadata(method data for {method} {0x0000016100428b60} 'toExternalForm' '()Ljava/lang/String;' in 'java/net/URL')}
  0x00000161655fe5f0: 8bc6 48bf | 10d2 367a | 6101 0000 | 458b 4008 | 49ba 0000 | 0000 6101 | 0000 4d03 | c24c 3b87 
  0x00000161655fe610: 2001 0000 | 750d 4883 | 8728 0100 | 0001 e960 | 0000 004c | 3b87 3001 | 0000 750d | 4883 8738 
  0x00000161655fe630: 0100 0001 | e94a 0000 | 0048 83bf | 2001 0000 | 0075 174c | 8987 2001 | 0000 48c7 | 8728 0100 
  0x00000161655fe650: 0001 0000 | 00e9 2900 | 0000 4883 | bf30 0100 | 0000 7517 | 4c89 8730 | 0100 0048 | c787 3801 
  0x00000161655fe670: 0000 0100 | 0000 e908 | 0000 0048 | 8387 1001 | 0000 014c | 8bc2 488b | d60f 1f40 | 0048 b8ff 
  0x00000161655fe690: ffff ffff 

  0x00000161655fe694: ;   {virtual_call}
  0x00000161655fe694: ffff ffe8 

  0x00000161655fe698: ; ImmutableOopMap {[120]=Oop [128]=Oop [136]=Oop [152]=Oop }
                      ;*invokevirtual toExternalForm {reexecute=0 rethrow=0 return_oop=0}
                      ; - java.net.URL::toExternalForm@5
                      ; - java.net.URL::toString@1
                      ; - java.lang.ClassLoader::defineClassSourceLocation@22
                      ; - java.lang.ClassLoader::defineClass@12
  0x00000161655fe698: 94c3 2d07 

  0x00000161655fe69c: ;   {other}
  0x00000161655fe69c: 0f1f 8400 | 0c05 0001 | 488b d848 | 8b84 2498 | 0000 008b | b424 9400 | 0000 8bbc | 2490 0000 
  0x00000161655fe6bc: 004c 8b8c | 2488 0000 | 004c 8b84 | 2480 0000 | 0048 8b54 

  0x00000161655fe6d0: ;   {metadata(method data for {method} {0x00000161004352d8} 'defineClass' '(Ljava/lang/String;[BIILjava/security/ProtectionDomain;)Ljava/lang/Class;' in 'java/lang/ClassLoader')}
  0x00000161655fe6d0: 2478 48b9 | f03a 377a | 6101 0000 | 4883 8180 | 0100 0001 | 4c8b da49 | 8bd3 488b | c848 891c 
  0x00000161655fe6f0: 2466 0f1f 

  0x00000161655fe6f4: ;   {static_call}
  0x00000161655fe6f4: 4400 00e8 

  0x00000161655fe6f8: ; ImmutableOopMap {[120]=Oop [152]=Oop }
                      ;*invokestatic defineClass1 {reexecute=0 rethrow=0 return_oop=0}
                      ; - java.lang.ClassLoader::defineClass@27
  0x00000161655fe6f8: e421 7e07 

  0x00000161655fe6fc: ;   {other}
  0x00000161655fe6fc: 0f1f 8400 | 6c05 0002 | 488b 5424 

  0x00000161655fe708: ;   {metadata(method data for {method} {0x00000161004352d8} 'defineClass' '(Ljava/lang/String;[BIILjava/security/ProtectionDomain;)Ljava/lang/Class;' in 'java/lang/ClassLoader')}
  0x00000161655fe708: 7849 b8f0 | 3a37 7a61 | 0100 0049 | 8380 9001 | 0000 014c | 8bc0 4c8b | 8c24 9800 | 0000 488b 
  0x00000161655fe728: 5424 7848 | 8984 24a0 | 0000 000f 

  0x00000161655fe734: ;   {optimized virtual_call}
  0x00000161655fe734: 1f40 00e8 

  0x00000161655fe738: ; ImmutableOopMap {[160]=Oop }
                      ;*invokevirtual postDefineClass {reexecute=0 rethrow=0 return_oop=0}
                      ; - java.lang.ClassLoader::defineClass@37
  0x00000161655fe738: 640f f8ff 

  0x00000161655fe73c: ;   {other}
  0x00000161655fe73c: 0f1f 8400 | ac05 0003 | 488b 8424 | a000 0000 | 4881 c4b0 | 0000 005d 

  0x00000161655fe754: ;   {poll_return}
  0x00000161655fe754: 493b a750 | 0400 000f | 8799 0000 

  0x00000161655fe760: ;   {metadata({method} {0x00000161004352d8} 'defineClass' '(Ljava/lang/String;[BIILjava/security/ProtectionDomain;)Ljava/lang/Class;' in 'java/lang/ClassLoader')}
  0x00000161655fe760: 00c3 49ba | d052 4300 | 6101 0000 | 4c89 5424 | 0848 c704 | 24ff ffff 

  0x00000161655fe778: ;   {runtime_call counter_overflow Runtime1 stub}
  0x00000161655fe778: ffe8 027e 

  0x00000161655fe77c: ; ImmutableOopMap {rdx=Oop r8=Oop r9=Oop rcx=Oop [120]=Oop }
                      ;*synchronization entry
                      ; - java.lang.ClassLoader::defineClass@-1
  0x00000161655fe77c: 2d07 e987 

  0x00000161655fe780: ;   {metadata({method} {0x0000016100434fc0} 'defineClassSourceLocation' '(Ljava/security/ProtectionDomain;)Ljava/lang/String;' in 'java/lang/ClassLoader')}
  0x00000161655fe780: fcff ff49 | bab8 4f43 | 0061 0100 | 004c 8954 | 2408 48c7 | 0424 ffff 

  0x00000161655fe798: ;   {runtime_call counter_overflow Runtime1 stub}
  0x00000161655fe798: ffff e8e1 

  0x00000161655fe79c: ; ImmutableOopMap {rax=Oop [120]=Oop [128]=Oop [136]=Oop [152]=Oop }
                      ;*synchronization entry
                      ; - java.lang.ClassLoader::defineClassSourceLocation@-1
                      ; - java.lang.ClassLoader::defineClass@12
  0x00000161655fe79c: 7d2d 07e9 | 00fd ffff 

  0x00000161655fe7a4: ;   {runtime_call throw_null_pointer_exception Runtime1 stub}
  0x00000161655fe7a4: e857 3824 

  0x00000161655fe7a8: ; ImmutableOopMap {rax=Oop [120]=Oop [128]=Oop [136]=Oop [152]=Oop }
                      ;*invokevirtual getCodeSource {reexecute=0 rethrow=0 return_oop=0}
                      ; - java.lang.ClassLoader::defineClassSourceLocation@1
                      ; - java.lang.ClassLoader::defineClass@12
                      ;   {runtime_call throw_null_pointer_exception Runtime1 stub}
  0x00000161655fe7a8: 07e8 5238 

  0x00000161655fe7ac: ; ImmutableOopMap {rax=Oop r8=Oop [120]=Oop [128]=Oop [136]=Oop [152]=Oop }
                      ;*invokevirtual getLocation {reexecute=0 rethrow=0 return_oop=0}
                      ; - java.lang.ClassLoader::defineClassSourceLocation@12
                      ; - java.lang.ClassLoader::defineClass@12
                      ;   {runtime_call throw_null_pointer_exception Runtime1 stub}
  0x00000161655fe7ac: 2407 e84d 

  0x00000161655fe7b0: ; ImmutableOopMap {rdx=Oop [120]=Oop [128]=Oop [136]=Oop [152]=Oop }
                      ;*invokevirtual toString {reexecute=0 rethrow=0 return_oop=0}
                      ; - java.lang.ClassLoader::defineClassSourceLocation@22
                      ; - java.lang.ClassLoader::defineClass@12
                      ;   {metadata({method} {0x000001610001abf0} 'toString' '()Ljava/lang/String;' in 'java/net/URL')}
  0x00000161655fe7b0: 3824 0749 | bae8 ab01 | 0061 0100 | 004c 8954 | 2408 48c7 | 0424 ffff 

  0x00000161655fe7c8: ;   {runtime_call counter_overflow Runtime1 stub}
  0x00000161655fe7c8: ffff e8b1 

  0x00000161655fe7cc: ; ImmutableOopMap {rdx=Oop [120]=Oop [128]=Oop [136]=Oop [152]=Oop }
                      ;*synchronization entry
                      ; - java.net.URL::toString@-1
                      ; - java.lang.ClassLoader::defineClassSourceLocation@22
                      ; - java.lang.ClassLoader::defineClass@12
  0x00000161655fe7cc: 7d2d 07e9 | d7fd ffff 

  0x00000161655fe7d4: ;   {metadata({method} {0x0000016100428b60} 'toExternalForm' '()Ljava/lang/String;' in 'java/net/URL')}
  0x00000161655fe7d4: 49ba 588b | 4200 6101 | 0000 4c89 | 5424 0848 | c704 24ff 

  0x00000161655fe7e8: ;   {runtime_call counter_overflow Runtime1 stub}
  0x00000161655fe7e8: ffff ffe8 

  0x00000161655fe7ec: ; ImmutableOopMap {rdx=Oop [120]=Oop [128]=Oop [136]=Oop [152]=Oop }
                      ;*synchronization entry
                      ; - java.net.URL::toExternalForm@-1
                      ; - java.net.URL::toString@1
                      ; - java.lang.ClassLoader::defineClassSourceLocation@22
                      ; - java.lang.ClassLoader::defineClass@12
  0x00000161655fe7ec: 907d 2d07 | e9f4 fdff 

  0x00000161655fe7f4: ;   {runtime_call throw_null_pointer_exception Runtime1 stub}
  0x00000161655fe7f4: ffe8 0638 

  0x00000161655fe7f8: ; ImmutableOopMap {rdx=Oop rsi=Oop [120]=Oop [128]=Oop [136]=Oop [152]=Oop }
                      ;*invokevirtual toExternalForm {reexecute=0 rethrow=0 return_oop=0}
                      ; - java.net.URL::toExternalForm@5
                      ; - java.net.URL::toString@1
                      ; - java.lang.ClassLoader::defineClassSourceLocation@22
                      ; - java.lang.ClassLoader::defineClass@12
                      ;   {internal_word}
  0x00000161655fe7f8: 2407 49ba | 54e7 5f65 | 6101 0000 | 4d89 9768 

  0x00000161655fe808: ;   {runtime_call SafepointBlob}
  0x00000161655fe808: 0400 00e9 | f062 2207 | 498b 8700 | 0500 0049 | c787 0005 | 0000 0000 | 0000 49c7 | 8708 0500 
  0x00000161655fe828: 0000 0000 | 0048 81c4 | b000 0000 

  0x00000161655fe834: ;   {runtime_call unwind_exception Runtime1 stub}
  0x00000161655fe834: 5de9 c646 | 2407 f4f4 | f4f4 f4f4 
[Stub Code]
  0x00000161655fe840: ;   {no_reloc}
  0x00000161655fe840: 0f1f 4400 

  0x00000161655fe844: ;   {static_stub}
  0x00000161655fe844: 0048 bb00 | 0000 0000 

  0x00000161655fe84c: ;   {runtime_call nmethod}
  0x00000161655fe84c: 0000 00e9 | fbff ffff 

  0x00000161655fe854: ;   {static_stub}
  0x00000161655fe854: 48bb 0000 | 0000 0000 

  0x00000161655fe85c: ;   {runtime_call nmethod}
  0x00000161655fe85c: 0000 e9fb 

  0x00000161655fe860: ;   {static_stub}
  0x00000161655fe860: ffff ff48 | bb00 0000 | 0000 0000 

  0x00000161655fe86c: ;   {runtime_call nmethod}
  0x00000161655fe86c: 00e9 fbff 

  0x00000161655fe870: ;   {static_stub}
  0x00000161655fe870: ffff 48bb | 0000 0000 | 0000 0000 

  0x00000161655fe87c: ;   {runtime_call nmethod}
  0x00000161655fe87c: e9fb ffff 

  0x00000161655fe880: ;   {runtime_call handle_exception_from_callee Runtime1 stub}
  0x00000161655fe880: ffe8 7a22 

  0x00000161655fe884: ;   {external_word}
  0x00000161655fe884: 2407 48b9 | 4053 244d | fc7f 0000 | 4883 e4f0 

  0x00000161655fe894: ;   {runtime_call}
  0x00000161655fe894: 48b8 b0c3 | e64c fc7f | 0000 ffd0 

  0x00000161655fe8a0: ;   {section_word}
  0x00000161655fe8a0: f449 baa1 | e85f 6561 | 0100 0041 

  0x00000161655fe8ac: ;   {runtime_call DeoptimizationBlob}
  0x00000161655fe8ac: 52e9 ee54 | 2207 f4f4 | f4f4 f4f4 
[/MachCode]


Compiled method (c1) 18028 3016   !   3       org.eclipse.osgi.internal.loader.ModuleClassLoader::defineClass (67 bytes)
 total in heap  [0x000001616589b790,0x000001616589c370] = 3040
 relocation     [0x000001616589b8f0,0x000001616589b998] = 168
 main code      [0x000001616589b9a0,0x000001616589bfa0] = 1536
 stub code      [0x000001616589bfa0,0x000001616589c010] = 112
 oops           [0x000001616589c010,0x000001616589c018] = 8
 metadata       [0x000001616589c018,0x000001616589c058] = 64
 scopes data    [0x000001616589c058,0x000001616589c1a8] = 336
 scopes pcs     [0x000001616589c1a8,0x000001616589c2b8] = 272
 dependencies   [0x000001616589c2b8,0x000001616589c2d0] = 24
 handler table  [0x000001616589c2d0,0x000001616589c348] = 120
 nul chk table  [0x000001616589c348,0x000001616589c370] = 40

[Constant Pool (empty)]

[MachCode]
[Entry Point]
  # {method} {0x000001617a5dfe98} 'defineClass' '(Ljava/lang/String;[BLorg/eclipse/osgi/internal/loader/classpath/ClasspathEntry;)Lorg/eclipse/osgi/internal/loader/ModuleClassLoader$DefineClassResult;' in 'org/eclipse/osgi/internal/loader/ModuleClassLoader'
  # this:     rdx:rdx   = 'org/eclipse/osgi/internal/loader/ModuleClassLoader'
  # parm0:    r8:r8     = 'java/lang/String'
  # parm1:    r9:r9     = '[B'
  # parm2:    rdi:rdi   = 'org/eclipse/osgi/internal/loader/classpath/ClasspathEntry'
  #           [sp+0xb0]  (sp of caller)
  0x000001616589b9a0: 448b 5208 | 49bb 0000 | 0000 6101 | 0000 4d03 | d34c 3bd0 

  0x000001616589b9b4: ;   {runtime_call ic_miss_stub}
  0x000001616589b9b4: 0f85 c62a | f806 660f | 1f44 0000 
[Verified Entry Point]
  0x000001616589b9c0: 8984 2400 | 80ff ff55 | 4881 eca0 | 0000 0090 | 4181 7f20 | 0200 0000 

  0x000001616589b9d8: ;   {runtime_call StubRoutines (final stubs)}
  0x000001616589b9d8: 7405 e801 

  0x000001616589b9dc: ;   {metadata(method data for {method} {0x000001617a5dfe98} 'defineClass' '(Ljava/lang/String;[BLorg/eclipse/osgi/internal/loader/classpath/ClasspathEntry;)Lorg/eclipse/osgi/internal/loader/ModuleClassLoader$DefineClassResult;' in 'org/eclipse/osgi/internal/loader/ModuleClassLoader')}
  0x000001616589b9dc: d0f6 0648 | be68 d7c3 | 7a61 0100 | 008b 9ecc | 0000 0083 | c302 899e | cc00 0000 | 81e3 fe07 
  0x000001616589b9fc: 0000 85db | 0f84 5304 | 0000 4889 | 7c24 704c | 894c 2468 

  0x000001616589ba10: ;   {metadata(method data for {method} {0x000001617a5dfe98} 'defineClass' '(Ljava/lang/String;[BLorg/eclipse/osgi/internal/loader/classpath/ClasspathEntry;)Lorg/eclipse/osgi/internal/loader/ModuleClassLoader$DefineClassResult;' in 'org/eclipse/osgi/internal/loader/ModuleClassLoader')}
  0x000001616589ba10: 488b f248 | bb68 d7c3 | 7a61 0100 | 008b 7608 | 49ba 0000 | 0000 6101 | 0000 4903 | f248 3bb3 
  0x000001616589ba30: 2001 0000 | 750d 4883 | 8328 0100 | 0001 e960 | 0000 0048 | 3bb3 3001 | 0000 750d | 4883 8338 
  0x000001616589ba50: 0100 0001 | e94a 0000 | 0048 83bb | 2001 0000 | 0075 1748 | 89b3 2001 | 0000 48c7 | 8328 0100 
  0x000001616589ba70: 0001 0000 | 00e9 2900 | 0000 4883 | bb30 0100 | 0000 7517 | 4889 b330 | 0100 0048 | c783 3801 
  0x000001616589ba90: 0000 0100 | 0000 e908 | 0000 0048 | 8383 1001 

  0x000001616589baa0: ;   {metadata(method data for {method} {0x000001617a628b48} 'getClassLoadingLock' '(Ljava/lang/String;)Ljava/lang/Object;' in 'org/eclipse/osgi/internal/loader/ModuleClassLoader')}
  0x000001616589baa0: 0000 0148 | be00 9ea1 | 7a61 0100 | 008b 9ecc | 0000 0083 | c302 899e | cc00 0000 | 81e3 feff 
  0x000001616589bac0: 1f00 85db | 0f84 b003 | 0000 8b72 | 5048 3b06 

  0x000001616589bad0: ;   {metadata(method data for {method} {0x000001617a628b48} 'getClassLoadingLock' '(Ljava/lang/String;)Ljava/lang/Object;' in 'org/eclipse/osgi/internal/loader/ModuleClassLoader')}
  0x000001616589bad0: 488b de48 | b800 9ea1 | 7a61 0100 | 0048 8380 | 1001 0000 | 0149 8bd8 | 4c8b c348 | 8954 2458 
  0x000001616589baf0: 488b d648 | 895c 2460 | 0f1f 8000 

  0x000001616589bafc: ;   {optimized virtual_call}
  0x000001616589bafc: 0000 00e8 

  0x000001616589bb00: ; ImmutableOopMap {[88]=Oop [96]=Oop [104]=Oop [112]=Oop }
                      ;*invokevirtual getLock {reexecute=0 rethrow=0 return_oop=0}
                      ; - org.eclipse.osgi.internal.loader.ModuleClassLoader::getClassLoadingLock@5 (line 437)
                      ; - org.eclipse.osgi.internal.loader.ModuleClassLoader::defineClass@8 (line 312)
  0x000001616589bb00: fc9f edff 

  0x000001616589bb04: ;   {other}
  0x000001616589bb04: 0f1f 8400 | 7403 0000 | 4889 4424 | 7848 8d94 | 2480 0000 | 0048 8bf0 | 4889 7208 

  0x000001616589bb20: ; implicit exception: dispatches to 0x000001616589bea0
  0x000001616589bb20: 488b 0648 | 83c8 0148 | 8902 f048 | 0fb1 160f | 8412 0000 | 0048 2bc4 | 4825 07f0 | ffff 4889 
  0x000001616589bb40: 020f 855e | 0300 0049 | ff87 5005 | 0000 488b 

  0x000001616589bb50: ;   {metadata(method data for {method} {0x000001617a5dfe98} 'defineClass' '(Ljava/lang/String;[BLorg/eclipse/osgi/internal/loader/classpath/ClasspathEntry;)Lorg/eclipse/osgi/internal/loader/ModuleClassLoader$DefineClassResult;' in 'org/eclipse/osgi/internal/loader/ModuleClassLoader')}
  0x000001616589bb50: 5424 5848 | be68 d7c3 | 7a61 0100 | 0048 8386 | 4801 0000 

  0x000001616589bb64: ;   {metadata(method data for {method} {0x00000161004353e0} 'findLoadedClass' '(Ljava/lang/String;)Ljava/lang/Class;' in 'java/lang/ClassLoader')}
  0x000001616589bb64: 0148 ba30 | f123 7a61 | 0100 008b | b2cc 0000 | 0083 c602 | 89b2 cc00 | 0000 81e6 | feff 1f00 
  0x000001616589bb84: 85f6 0f84 | 2c03 0000 

  0x000001616589bb8c: ;   {metadata(method data for {method} {0x00000161004353e0} 'findLoadedClass' '(Ljava/lang/String;)Ljava/lang/Class;' in 'java/lang/ClassLoader')}
  0x000001616589bb8c: 48ba 30f1 | 237a 6101 | 0000 4883 | 8210 0100 | 0001 488b | 5424 600f 

  0x000001616589bba4: ;   {static_call}
  0x000001616589bba4: 1f40 00e8 

  0x000001616589bba8: ; ImmutableOopMap {[88]=Oop [96]=Oop [104]=Oop [112]=Oop [120]=Oop [136]=Oop }
                      ;*invokestatic checkName {reexecute=0 rethrow=0 return_oop=0}
                      ; - java.lang.ClassLoader::findLoadedClass@1
                      ; - org.eclipse.osgi.internal.loader.ModuleClassLoader::defineClass@17 (line 313)
  0x000001616589bba8: b449 6107 

  0x000001616589bbac: ;   {other}
  0x000001616589bbac: 0f1f 8400 | 1c04 0001 

  0x000001616589bbb4: ;   {metadata(method data for {method} {0x00000161004353e0} 'findLoadedClass' '(Ljava/lang/String;)Ljava/lang/Class;' in 'java/lang/ClassLoader')}
  0x000001616589bbb4: 85c0 49b8 | 30f1 237a | 6101 0000 | 48c7 c220 | 0100 0075 | 0748 c7c2 | 3001 0000 | 498b 3410 
  0x000001616589bbd4: 488d 7601 | 4989 3410 | 0f85 0f00 

  0x000001616589bbe0: ;   {oop(nullptr)}
  0x000001616589bbe0: 0000 48be | 0000 0000 | 0000 0000 | e936 0000 | 0048 8b54 

  0x000001616589bbf4: ;   {metadata(method data for {method} {0x00000161004353e0} 'findLoadedClass' '(Ljava/lang/String;)Ljava/lang/Class;' in 'java/lang/ClassLoader')}
  0x000001616589bbf4: 2458 49b8 | 30f1 237a | 6101 0000 | 4983 8040 | 0100 0001 | 4c8b 4424 | 6048 8b54 | 2458 0f1f 
  0x000001616589bc14: ;   {optimized virtual_call}
  0x000001616589bc14: 4400 00e8 

  0x000001616589bc18: ; ImmutableOopMap {[88]=Oop [96]=Oop [104]=Oop [112]=Oop [120]=Oop [136]=Oop }
                      ;*invokevirtual findLoadedClass0 {reexecute=0 rethrow=0 return_oop=0}
                      ; - java.lang.ClassLoader::findLoadedClass@11
                      ; - org.eclipse.osgi.internal.loader.ModuleClassLoader::defineClass@17 (line 313)
  0x000001616589bc18: a48a 4f07 

  0x000001616589bc1c: ;   {other}
  0x000001616589bc1c: 0f1f 8400 | 8c04 0002 | 488b f048 

  0x000001616589bc28: ;   {metadata(method data for {method} {0x000001617a5dfe98} 'defineClass' '(Ljava/lang/String;[BLorg/eclipse/osgi/internal/loader/classpath/ClasspathEntry;)Lorg/eclipse/osgi/internal/loader/ModuleClassLoader$DefineClassResult;' in 'org/eclipse/osgi/internal/loader/ModuleClassLoader')}
  0x000001616589bc28: 85f6 49b8 | 68d7 c37a | 6101 0000 | 49c7 c190 | 0100 0074 | 0749 c7c1 | 8001 0000 | 4b8b 3c08 
  0x000001616589bc48: 488d 7f01 | 4b89 3c08 | 0f84 0e00 | 0000 488b | de41 b800 | 0000 00e9 | 6900 0000 | 488b 7c24 
  0x000001616589bc68: 704c 8b4c | 2468 4c8b | 4424 6048 | 8b54 2458 

  0x000001616589bc78: ; implicit exception: dispatches to 0x000001616589bed9
  0x000001616589bc78: 418b 710c 

  0x000001616589bc7c: ; implicit exception: dispatches to 0x000001616589bede
  0x000001616589bc7c: 483b 0748 

  0x000001616589bc80: ;   {metadata(method data for {method} {0x000001617a5dfe98} 'defineClass' '(Ljava/lang/String;[BLorg/eclipse/osgi/internal/loader/classpath/ClasspathEntry;)Lorg/eclipse/osgi/internal/loader/ModuleClassLoader$DefineClassResult;' in 'org/eclipse/osgi/internal/loader/ModuleClassLoader')}
  0x000001616589bc80: 8bcf 48bb | 68d7 c37a | 6101 0000 | 4883 83b8 | 0100 0001 | 8b4f 1048 

  0x000001616589bc98: ;   {metadata(method data for {method} {0x000001617a5dfe98} 'defineClass' '(Ljava/lang/String;[BLorg/eclipse/osgi/internal/loader/classpath/ClasspathEntry;)Lorg/eclipse/osgi/internal/loader/ModuleClassLoader$DefineClassResult;' in 'org/eclipse/osgi/internal/loader/ModuleClassLoader')}
  0x000001616589bc98: 8bfa 48bb | 68d7 c37a | 6101 0000 | 4883 83d8 | 0100 0001 | bf00 0000 | 0066 0f1f 

  0x000001616589bcb4: ;   {optimized virtual_call}
  0x000001616589bcb4: 4400 00e8 

  0x000001616589bcb8: ; ImmutableOopMap {[120]=Oop [136]=Oop }
                      ;*invokevirtual defineClass {reexecute=0 rethrow=0 return_oop=0}
                      ; - org.eclipse.osgi.internal.loader.ModuleClassLoader::defineClass@37 (line 315)
  0x000001616589bcb8: 0427 d6ff 

  0x000001616589bcbc: ;   {other}
  0x000001616589bcbc: 0f1f 8400 | 2c05 0003 | 488b d841 | b801 0000 | 0048 8d84 | 2480 0000 | 0048 8b10 | 4885 d20f 
  0x000001616589bcdc: 840f 0000 | 0048 8b70 | 08f0 480f | b116 0f85 | f301 0000 | 49ff 8f50 

  0x000001616589bcf4: ;   {metadata(method data for {method} {0x000001617a5dfe98} 'defineClass' '(Ljava/lang/String;[BLorg/eclipse/osgi/internal/loader/classpath/ClasspathEntry;)Lorg/eclipse/osgi/internal/loader/ModuleClassLoader$DefineClassResult;' in 'org/eclipse/osgi/internal/loader/ModuleClassLoader')}
  0x000001616589bcf4: 0500 0048 | ba68 d7c3 | 7a61 0100 | 00ff 8210 

  0x000001616589bd04: ;   {metadata('org/eclipse/osgi/internal/loader/ModuleClassLoader$DefineClassResult')}
  0x000001616589bd04: 0200 0048 | ba28 6612 | 0161 0100 | 0049 8b87 | b801 0000 | 488d 7818 | 493b bfc8 | 0100 000f 
  0x000001616589bd24: 87d0 0100 | 0049 89bf | b801 0000 | 48c7 0001 | 0000 0048 | 8bca 49ba | 0000 0000 | 6101 0000 
  0x000001616589bd44: 492b ca89 | 4808 4833 | c989 480c | 4833 c948 | 8948 1048 

  0x000001616589bd58: ;   {metadata(method data for {method} {0x000001617a5dfe98} 'defineClass' '(Ljava/lang/String;[BLorg/eclipse/osgi/internal/loader/classpath/ClasspathEntry;)Lorg/eclipse/osgi/internal/loader/ModuleClassLoader$DefineClassResult;' in 'org/eclipse/osgi/internal/loader/ModuleClassLoader')}
  0x000001616589bd58: 8bf0 48bf | 68d7 c37a | 6101 0000 | 4883 8728 | 0200 0001 

  0x000001616589bd6c: ;   {metadata(method data for {method} {0x000001617a792b78} '<init>' '(Ljava/lang/Class;Z)V' in 'org/eclipse/osgi/internal/loader/ModuleClassLoader$DefineClassResult')}
  0x000001616589bd6c: 48be 287e | ac7a 6101 | 0000 8bbe | cc00 0000 | 83c7 0289 | becc 0000 | 0081 e7fe | ff1f 0085 
  0x000001616589bd8c: ff0f 8473 | 0100 0048 

  0x000001616589bd94: ;   {metadata(method data for {method} {0x000001617a792b78} '<init>' '(Ljava/lang/Class;Z)V' in 'org/eclipse/osgi/internal/loader/ModuleClassLoader$DefineClassResult')}
  0x000001616589bd94: 8bf0 48bf | 287e ac7a | 6101 0000 | 4883 8710 | 0100 0001 

  0x000001616589bda8: ;   {metadata(method data for {method} {0x0000016100474dc0} '<init>' '()V' in 'java/lang/Object')}
  0x000001616589bda8: 48be 9067 | 007a 6101 | 0000 8bbe | cc00 0000 | 83c7 0289 | becc 0000 | 0081 e7fe | ff1f 0085 
  0x000001616589bdc8: ff0f 8458 | 0100 004c | 8bd3 4489 | 5010 488d | 3048 c1ee | 0948 bf00 | 0064 6161 | 0100 00c6 
  0x000001616589bde8: 043e 0041 | 83e0 0144 | 8840 0c48 | 81c4 a000 

  0x000001616589bdf8: ;   {poll_return}
  0x000001616589bdf8: 0000 5d49 | 3ba7 5004 | 0000 0f87 | 4001 0000 | c349 8b87 | 0005 0000 | 4d33 d24d | 8997 0005 
  0x000001616589be18: 0000 4d33 | d24d 8997 | 0805 0000 | 488b f048 | 8d84 2480 | 0000 0048 | 8b38 4885 | ff0f 840f 
  0x000001616589be38: 0000 0048 | 8b58 08f0 | 480f b13b | 0f85 1401 | 0000 49ff | 8f50 0500 | 0048 8bc6 | e938 0100 
  0x000001616589be58: ;   {metadata({method} {0x000001617a5dfe98} 'defineClass' '(Ljava/lang/String;[BLorg/eclipse/osgi/internal/loader/classpath/ClasspathEntry;)Lorg/eclipse/osgi/internal/loader/ModuleClassLoader$DefineClassResult;' in 'org/eclipse/osgi/internal/loader/ModuleClassLoader')}
  0x000001616589be58: 0049 ba90 | fe5d 7a61 | 0100 004c | 8954 2408 | 48c7 0424 | ffff ffff 

  0x000001616589be70: ;   {runtime_call counter_overflow Runtime1 stub}
  0x000001616589be70: e80b a703 

  0x000001616589be74: ; ImmutableOopMap {rdx=Oop r8=Oop r9=Oop rdi=Oop }
                      ;*synchronization entry
                      ; - org.eclipse.osgi.internal.loader.ModuleClassLoader::defineClass@-1 (line 310)
  0x000001616589be74: 07e9 8cfb 

  0x000001616589be78: ;   {metadata({method} {0x000001617a628b48} 'getClassLoadingLock' '(Ljava/lang/String;)Ljava/lang/Object;' in 'org/eclipse/osgi/internal/loader/ModuleClassLoader')}
  0x000001616589be78: ffff 49ba | 408b 627a | 6101 0000 | 4c89 5424 | 0848 c704 | 24ff ffff 

  0x000001616589be90: ;   {runtime_call counter_overflow Runtime1 stub}
  0x000001616589be90: ffe8 eaa6 

  0x000001616589be94: ; ImmutableOopMap {rdx=Oop r8=Oop [104]=Oop [112]=Oop }
                      ;*synchronization entry
                      ; - org.eclipse.osgi.internal.loader.ModuleClassLoader::getClassLoadingLock@-1 (line 437)
                      ; - org.eclipse.osgi.internal.loader.ModuleClassLoader::defineClass@8 (line 312)
  0x000001616589be94: 0307 e92f 

  0x000001616589be98: ;   {runtime_call throw_null_pointer_exception Runtime1 stub}
  0x000001616589be98: fcff ffe8 

  0x000001616589be9c: ; ImmutableOopMap {rdx=Oop r8=Oop rsi=Oop [104]=Oop [112]=Oop }
                      ;*invokevirtual getLock {reexecute=0 rethrow=0 return_oop=0}
                      ; - org.eclipse.osgi.internal.loader.ModuleClassLoader::getClassLoadingLock@5 (line 437)
                      ; - org.eclipse.osgi.internal.loader.ModuleClassLoader::defineClass@8 (line 312)
  0x000001616589be9c: 6061 fa06 

  0x000001616589bea0: ;   {runtime_call throw_null_pointer_exception Runtime1 stub}
  0x000001616589bea0: e85b 61fa 

  0x000001616589bea4: ; ImmutableOopMap {rsi=Oop [88]=Oop [96]=Oop [104]=Oop [112]=Oop [120]=Oop }
                      ;*monitorenter {reexecute=0 rethrow=0 return_oop=0}
                      ; - org.eclipse.osgi.internal.loader.ModuleClassLoader::defineClass@14 (line 312)
  0x000001616589bea4: 0648 8974 | 2408 4889 

  0x000001616589beac: ;   {runtime_call monitorenter_nofpu Runtime1 stub}
  0x000001616589beac: 1424 e84d 

  0x000001616589beb0: ; ImmutableOopMap {rsi=Oop [88]=Oop [96]=Oop [104]=Oop [112]=Oop [120]=Oop [136]=Oop }
                      ;*monitorenter {reexecute=0 rethrow=0 return_oop=0}
                      ; - org.eclipse.osgi.internal.loader.ModuleClassLoader::defineClass@14 (line 312)
  0x000001616589beb0: 7403 07e9 | 96fc ffff 

  0x000001616589beb8: ;   {metadata({method} {0x00000161004353e0} 'findLoadedClass' '(Ljava/lang/String;)Ljava/lang/Class;' in 'java/lang/ClassLoader')}
  0x000001616589beb8: 49ba d853 | 4300 6101 | 0000 4c89 | 5424 0848 | c704 24ff 

  0x000001616589becc: ;   {runtime_call counter_overflow Runtime1 stub}
  0x000001616589becc: ffff ffe8 

  0x000001616589bed0: ; ImmutableOopMap {[88]=Oop [96]=Oop [104]=Oop [112]=Oop [120]=Oop [136]=Oop }
                      ;*synchronization entry
                      ; - java.lang.ClassLoader::findLoadedClass@-1
                      ; - org.eclipse.osgi.internal.loader.ModuleClassLoader::defineClass@17 (line 313)
  0x000001616589bed0: aca6 0307 | e9b3 fcff 

  0x000001616589bed8: ;   {runtime_call throw_null_pointer_exception Runtime1 stub}
  0x000001616589bed8: ffe8 2261 

  0x000001616589bedc: ; ImmutableOopMap {rdx=Oop r8=Oop r9=Oop rdi=Oop [120]=Oop [136]=Oop }
                      ;*arraylength {reexecute=0 rethrow=0 return_oop=0}
                      ; - org.eclipse.osgi.internal.loader.ModuleClassLoader::defineClass@32 (line 315)
                      ;   {runtime_call throw_null_pointer_exception Runtime1 stub}
  0x000001616589bedc: fa06 e81d 

  0x000001616589bee0: ; ImmutableOopMap {rdx=Oop r8=Oop r9=Oop rdi=Oop [120]=Oop [136]=Oop }
                      ;*invokevirtual getDomain {reexecute=0 rethrow=0 return_oop=0}
                      ; - org.eclipse.osgi.internal.loader.ModuleClassLoader::defineClass@34 (line 315)
  0x000001616589bee0: 61fa 0648 | 8d84 2480 | 0000 0048 

  0x000001616589beec: ;   {runtime_call monitorexit_nofpu Runtime1 stub}
  0x000001616589beec: 8904 24e8 | 0c6e 0307 | e9fe fdff | ff48 8bd2 

  0x000001616589befc: ;   {runtime_call fast_new_instance Runtime1 stub}
  0x000001616589befc: e87f 5b03 

  0x000001616589bf00: ; ImmutableOopMap {rbx=Oop }
                      ;*new {reexecute=0 rethrow=0 return_oop=0}
                      ; - org.eclipse.osgi.internal.loader.ModuleClassLoader::defineClass@55 (line 319)
  0x000001616589bf00: 07e9 51fe 

  0x000001616589bf04: ;   {metadata({method} {0x000001617a792b78} '<init>' '(Ljava/lang/Class;Z)V' in 'org/eclipse/osgi/internal/loader/ModuleClassLoader$DefineClassResult')}
  0x000001616589bf04: ffff 49ba | 702b 797a | 6101 0000 | 4c89 5424 | 0848 c704 | 24ff ffff 

  0x000001616589bf1c: ;   {runtime_call counter_overflow Runtime1 stub}
  0x000001616589bf1c: ffe8 5ea6 

  0x000001616589bf20: ; ImmutableOopMap {rbx=Oop rax=Oop }
                      ;*synchronization entry
                      ; - org.eclipse.osgi.internal.loader.ModuleClassLoader$DefineClassResult::<init>@-1 (line 96)
                      ; - org.eclipse.osgi.internal.loader.ModuleClassLoader::defineClass@63 (line 319)
  0x000001616589bf20: 0307 e96c 

  0x000001616589bf24: ;   {metadata({method} {0x0000016100474dc0} '<init>' '()V' in 'java/lang/Object')}
  0x000001616589bf24: feff ff49 | bab8 4d47 | 0061 0100 | 004c 8954 | 2408 48c7 | 0424 ffff 

  0x000001616589bf3c: ;   {runtime_call counter_overflow Runtime1 stub}
  0x000001616589bf3c: ffff e83d 

  0x000001616589bf40: ; ImmutableOopMap {rbx=Oop rax=Oop }
                      ;*synchronization entry
                      ; - java.lang.Object::<init>@-1
                      ; - org.eclipse.osgi.internal.loader.ModuleClassLoader$DefineClassResult::<init>@1 (line 96)
                      ; - org.eclipse.osgi.internal.loader.ModuleClassLoader::defineClass@63 (line 319)
  0x000001616589bf40: a603 07e9 | 87fe ffff 

  0x000001616589bf48: ;   {internal_word}
  0x000001616589bf48: 49ba fbbd | 8965 6101 | 0000 4d89 | 9768 0400 

  0x000001616589bf58: ;   {runtime_call SafepointBlob}
  0x000001616589bf58: 00e9 a28b | f806 488d | 8424 8000 | 0000 4889 

  0x000001616589bf68: ;   {runtime_call monitorexit_nofpu Runtime1 stub}
  0x000001616589bf68: 0424 e891 | 6d03 07e9 | ddfe ffff | 498b 8700 | 0500 0049 | c787 0005 | 0000 0000 | 0000 49c7 
  0x000001616589bf88: 8708 0500 | 0000 0000 | 0048 81c4 | a000 0000 

  0x000001616589bf98: ;   {runtime_call unwind_exception Runtime1 stub}
  0x000001616589bf98: 5de9 626f | fa06 f4f4 
[Stub Code]
  0x000001616589bfa0: ;   {no_reloc}
  0x000001616589bfa0: 48bb 0000 | 0000 0000 

  0x000001616589bfa8: ;   {runtime_call nmethod}
  0x000001616589bfa8: 0000 e9fb 

  0x000001616589bfac: ;   {static_stub}
  0x000001616589bfac: ffff ff48 | bb00 0000 | 0000 0000 

  0x000001616589bfb8: ;   {runtime_call nmethod}
  0x000001616589bfb8: 00e9 fbff 

  0x000001616589bfbc: ;   {static_stub}
  0x000001616589bfbc: ffff 48bb | 0000 0000 | 0000 0000 

  0x000001616589bfc8: ;   {runtime_call nmethod}
  0x000001616589bfc8: e9fb ffff 

  0x000001616589bfcc: ;   {static_stub}
  0x000001616589bfcc: ff48 bb00 | 0000 0000 

  0x000001616589bfd4: ;   {runtime_call nmethod}
  0x000001616589bfd4: 0000 00e9 | fbff ffff 
[Exception Handler]
  0x000001616589bfdc: ;   {runtime_call handle_exception_from_callee Runtime1 stub}
  0x000001616589bfdc: e81f 4bfa 

  0x000001616589bfe0: ;   {external_word}
  0x000001616589bfe0: 0648 b940 | 5324 4dfc | 7f00 0048 

  0x000001616589bfec: ;   {runtime_call}
  0x000001616589bfec: 83e4 f048 | b8b0 c3e6 | 4cfc 7f00 | 00ff d0f4 
[Deopt Handler Code]
  0x000001616589bffc: ;   {section_word}
  0x000001616589bffc: 49ba fcbf | 8965 6101 | 0000 4152 

  0x000001616589c008: ;   {runtime_call DeoptimizationBlob}
  0x000001616589c008: e993 7df8 | 06f4 f4f4 
[/MachCode]


---------------  P R O C E S S  ---------------

Threads class SMR info:
_java_thread_list=0x0000016179a004e0, length=21, elements={
0x000001615fce19d0, 0x000001616215ddb0, 0x0000016178a912a0, 0x0000016178a93ad0,
0x0000016178a96640, 0x0000016178a990b0, 0x0000016178a99b10, 0x0000016178a9a950,
0x0000016178b118f0, 0x00000161798571c0, 0x0000016179987890, 0x000001617e394c30,
0x000001617e02ed30, 0x000001617e32f710, 0x000001617e4ca960, 0x000001617edada80,
0x000001617e3d4d40, 0x00000161798f0f90, 0x000001617e04af70, 0x000001617e04a8e0,
0x000001617e049530
}

Java Threads: ( => current thread )
  0x000001615fce19d0 JavaThread "main"                              [_thread_blocked, id=11628, stack(0x0000003cec800000,0x0000003cec900000) (1024K)]
  0x000001616215ddb0 JavaThread "Reference Handler"          daemon [_thread_blocked, id=13944, stack(0x0000003cecc00000,0x0000003cecd00000) (1024K)]
  0x0000016178a912a0 JavaThread "Finalizer"                  daemon [_thread_blocked, id=16544, stack(0x0000003cecd00000,0x0000003cece00000) (1024K)]
  0x0000016178a93ad0 JavaThread "Signal Dispatcher"          daemon [_thread_blocked, id=13952, stack(0x0000003cece00000,0x0000003cecf00000) (1024K)]
  0x0000016178a96640 JavaThread "Attach Listener"            daemon [_thread_blocked, id=7040, stack(0x0000003cecf00000,0x0000003ced000000) (1024K)]
  0x0000016178a990b0 JavaThread "Service Thread"             daemon [_thread_blocked, id=6976, stack(0x0000003ced000000,0x0000003ced100000) (1024K)]
  0x0000016178a99b10 JavaThread "Monitor Deflation Thread"   daemon [_thread_blocked, id=16592, stack(0x0000003ced100000,0x0000003ced200000) (1024K)]
  0x0000016178a9a950 JavaThread "C2 CompilerThread0"         daemon [_thread_blocked, id=5560, stack(0x0000003ced200000,0x0000003ced300000) (1024K)]
  0x0000016178b118f0 JavaThread "C1 CompilerThread0"         daemon [_thread_blocked, id=16756, stack(0x0000003ced300000,0x0000003ced400000) (1024K)]
  0x00000161798571c0 JavaThread "Common-Cleaner"             daemon [_thread_blocked, id=15516, stack(0x0000003ced400000,0x0000003ced500000) (1024K)]
  0x0000016179987890 JavaThread "Notification Thread"        daemon [_thread_blocked, id=11772, stack(0x0000003ced500000,0x0000003ced600000) (1024K)]
  0x000001617e394c30 JavaThread "Active Thread: Equinox Container: 12191518-7e23-41f2-af95-896e03c82dcc"        [_thread_blocked, id=10616, stack(0x0000003ced600000,0x0000003ced700000) (1024K)]
  0x000001617e02ed30 JavaThread "Refresh Thread: Equinox Container: 12191518-7e23-41f2-af95-896e03c82dcc" daemon [_thread_blocked, id=11384, stack(0x0000003ceda00000,0x0000003cedb00000) (1024K)]
  0x000001617e32f710 JavaThread "Framework Event Dispatcher: Equinox Container: 12191518-7e23-41f2-af95-896e03c82dcc" daemon [_thread_blocked, id=14596, stack(0x0000003cedb00000,0x0000003cedc00000) (1024K)]
=>0x000001617e4ca960 JavaThread "Start Level: Equinox Container: 12191518-7e23-41f2-af95-896e03c82dcc" daemon [_thread_in_vm, id=15932, stack(0x0000003cedc00000,0x0000003cedd00000) (1024K)]
  0x000001617edada80 JavaThread "Bundle File Closer"         daemon [_thread_blocked, id=8304, stack(0x0000003cede00000,0x0000003cedf00000) (1024K)]
  0x000001617e3d4d40 JavaThread "SCR Component Actor"        daemon [_thread_blocked, id=17344, stack(0x0000003cedd00000,0x0000003cede00000) (1024K)]
  0x00000161798f0f90 JavaThread "Worker-JM"                         [_thread_blocked, id=5268, stack(0x0000003cedf00000,0x0000003cee000000) (1024K)]
  0x000001617e04af70 JavaThread "JNA Cleaner"                daemon [_thread_blocked, id=6968, stack(0x0000003cee000000,0x0000003cee100000) (1024K)]
  0x000001617e04a8e0 JavaThread "Worker-0"                          [_thread_blocked, id=16240, stack(0x0000003cee100000,0x0000003cee200000) (1024K)]
  0x000001617e049530 JavaThread "Worker-1"                          [_thread_blocked, id=16784, stack(0x0000003cee200000,0x0000003cee300000) (1024K)]
Total: 21

Other Threads:
  0x0000016162140be0 VMThread "VM Thread"                           [id=8884, stack(0x0000003cecb00000,0x0000003cecc00000) (1024K)]
  0x0000016178a2ca00 WatcherThread "VM Periodic Task Thread"        [id=6216, stack(0x0000003ceca00000,0x0000003cecb00000) (1024K)]
  0x00000161620be4d0 WorkerThread "GC Thread#0"                     [id=5320, stack(0x0000003cec900000,0x0000003ceca00000) (1024K)]
  0x000001617e2f8090 WorkerThread "GC Thread#1"                     [id=4772, stack(0x0000003ced700000,0x0000003ced800000) (1024K)]
  0x000001617e2afe40 WorkerThread "GC Thread#2"                     [id=14500, stack(0x0000003ced800000,0x0000003ced900000) (1024K)]
  0x000001617e2b01f0 WorkerThread "GC Thread#3"                     [id=15328, stack(0x0000003ced900000,0x0000003ceda00000) (1024K)]
Total: 6

Threads with active compile tasks:
Total: 0

VM state: not at safepoint (normal execution)

VM Mutex/Monitor currently owned by a thread:  ([mutex/lock_event])
[0x00007ffc4d4fc4e0] Metaspace_lock - owner thread: 0x000001617e4ca960

Heap address: 0x0000000080000000, size: 2048 MB, Compressed Oops mode: 32-bit

CDS archive(s) mapped at: [0x0000016100000000-0x0000016100ba0000-0x0000016100ba0000), size 12189696, SharedBaseAddress: 0x0000016100000000, ArchiveRelocationMode: 1.
Compressed class space mapped at: 0x0000016101000000-0x0000016141000000, reserved size: 1073741824
Narrow klass base: 0x0000016100000000, Narrow klass shift: 0, Narrow klass range: 0x100000000

GC Precious Log:
 CardTable entry size: 512
 CPUs: 4 total, 4 available
 Memory: 7996M
 Large Page Support: Disabled
 NUMA Support: Disabled
 Compressed Oops: Enabled (32-bit)
 Alignments: Space 512K, Generation 512K, Heap 2M
 Heap Min Capacity: 100M
 Heap Initial Capacity: 100M
 Heap Max Capacity: 2G
 Pre-touch: Disabled
 Parallel Workers: 4

Heap:
 PSYoungGen      total 29696K, used 18984K [0x00000000d5580000, 0x00000000d7780000, 0x0000000100000000)
  eden space 24576K, 77% used [0x00000000d5580000,0x00000000d680a2b0,0x00000000d6d80000)
  from space 5120K, 0% used [0x00000000d6e00000,0x00000000d6e00000,0x00000000d7300000)
  to   space 4608K, 0% used [0x00000000d7300000,0x00000000d7300000,0x00000000d7780000)
 ParOldGen       total 68608K, used 13306K [0x0000000080000000, 0x0000000084300000, 0x00000000d5580000)
  object space 68608K, 19% used [0x0000000080000000,0x0000000080cfe970,0x0000000084300000)
 Metaspace       used 22088K, committed 22912K, reserved 1114112K
  class space    used 2289K, committed 2688K, reserved 1048576K

Card table byte_map: [0x0000016161a40000,0x0000016161e50000] _byte_map_base: 0x0000016161640000

Marking Bits: (ParMarkBitMap*) 0x00007ffc4d503450
 Begin Bits: [0x0000016174550000, 0x0000016176550000)
 End Bits:   [0x0000016176550000, 0x0000016178550000)

Polling page: 0x000001615ff40000

Metaspace:

Usage:
  Non-class:     19.34 MB used.
      Class:      2.24 MB used.
       Both:     21.57 MB used.

Virtual space:
  Non-class space:       64.00 MB reserved,      19.75 MB ( 31%) committed,  1 nodes.
      Class space:        1.00 GB reserved,       2.62 MB ( <1%) committed,  1 nodes.
             Both:        1.06 GB reserved,      22.38 MB (  2%) committed. 

Chunk freelists:
   Non-Class:  12.11 MB
       Class:  13.29 MB
        Both:  25.40 MB

MaxMetaspaceSize: unlimited
CompressedClassSpaceSize: 1.00 GB
Initial GC threshold: 21.00 MB
Current GC threshold: 35.00 MB
CDS: on
 - commit_granule_bytes: 65536.
 - commit_granule_words: 8192.
 - virtual_space_node_default_size: 8388608.
 - enlarge_chunks_in_place: 1.
 - use_allocation_guard: 0.


Internal statistics:

num_allocs_failed_limit: 3.
num_arena_births: 612.
num_arena_deaths: 14.
num_vsnodes_births: 2.
num_vsnodes_deaths: 0.
num_space_committed: 358.
num_space_uncommitted: 0.
num_chunks_returned_to_freelist: 17.
num_chunks_taken_from_freelist: 1490.
num_chunk_merges: 8.
num_chunk_splits: 932.
num_chunks_enlarged: 596.
num_inconsistent_stats: 0.

CodeHeap 'non-profiled nmethods': size=120000Kb used=1754Kb max_used=1754Kb free=118245Kb
 bounds [0x000001616cd70000, 0x000001616cfe0000, 0x00000161742a0000]
CodeHeap 'profiled nmethods': size=120000Kb used=8184Kb max_used=8184Kb free=111815Kb
 bounds [0x00000161652a0000, 0x0000016165aa0000, 0x000001616c7d0000]
CodeHeap 'non-nmethods': size=5760Kb used=1289Kb max_used=1344Kb free=4470Kb
 bounds [0x000001616c7d0000, 0x000001616ca40000, 0x000001616cd70000]
CodeCache: size=245760Kb, used=11227Kb, max_used=11282Kb, free=234530Kb
 total_blobs=4475, nmethods=3905, adapters=476, full_count=0
Compilation: enabled, stopped_count=0, restarted_count=0

Compilation events (20 events):
Event: 17.893 Thread 0x0000016178a9a950 3898       4       org.lombokweb.asm.SymbolTable::addConstantNameAndType (28 bytes)
Event: 17.895 Thread 0x0000016178b118f0 3899       3       org.lombokweb.asm.MethodWriter::visitFieldInsn (258 bytes)
Event: 17.897 Thread 0x0000016178b118f0 nmethod 3899 0x0000016165a99910 code [0x0000016165a99b80, 0x0000016165a9a730]
Event: 17.897 Thread 0x0000016178b118f0 3900       3       org.lombokweb.asm.SymbolTable::addConstantFieldref (10 bytes)
Event: 17.897 Thread 0x0000016178b118f0 nmethod 3900 0x0000016165a9ab90 code [0x0000016165a9ad40, 0x0000016165a9ae98]
Event: 17.900 Thread 0x0000016178a9a950 nmethod 3898 0x000001616cf26190 code [0x000001616cf26360, 0x000001616cf26758]
Event: 17.905 Thread 0x0000016178b118f0 3901       3       org.lombokweb.asm.ClassReader::readByte (11 bytes)
Event: 17.905 Thread 0x0000016178b118f0 nmethod 3901 0x0000016165a9af90 code [0x0000016165a9b140, 0x0000016165a9b280]
Event: 17.905 Thread 0x0000016178b118f0 3902       3       org.lombokweb.asm.Type::hashCode (68 bytes)
Event: 17.906 Thread 0x0000016178b118f0 nmethod 3902 0x0000016165a9b390 code [0x0000016165a9b5a0, 0x0000016165a9bc90]
Event: 17.906 Thread 0x0000016178b118f0 3905       3       org.lombokweb.asm.Label::accept (69 bytes)
Event: 17.907 Thread 0x0000016178b118f0 nmethod 3905 0x0000016165a9bf90 code [0x0000016165a9c180, 0x0000016165a9c6b8]
Event: 17.907 Thread 0x0000016178b118f0 3904       3       org.lombokweb.asm.MethodVisitor::visitLabel (16 bytes)
Event: 17.907 Thread 0x0000016178b118f0 nmethod 3904 0x0000016165a9c890 code [0x0000016165a9ca40, 0x0000016165a9cc48]
Event: 17.907 Thread 0x0000016178b118f0 3903       3       java.util.regex.Pattern$GroupTail::match (111 bytes)
Event: 17.907 Thread 0x0000016178b118f0 nmethod 3903 0x0000016165a9cd10 code [0x0000016165a9cee0, 0x0000016165a9d290]
Event: 17.913 Thread 0x0000016178b118f0 3906       3       java.lang.Package::<init> (47 bytes)
Event: 17.914 Thread 0x0000016178b118f0 nmethod 3906 0x0000016165a9d490 code [0x0000016165a9d680, 0x0000016165a9da90]
Event: 17.914 Thread 0x0000016178b118f0 3907       3       java.lang.Package$VersionInfo::getInstance (53 bytes)
Event: 17.915 Thread 0x0000016178b118f0 nmethod 3907 0x0000016165a9dd10 code [0x0000016165a9dee0, 0x0000016165a9e268]

GC Heap History (16 events):
Event: 3.529 GC heap before
{Heap before GC invocations=1 (full 0):
 PSYoungGen      total 29696K, used 25600K [0x00000000d5580000, 0x00000000d7680000, 0x0000000100000000)
  eden space 25600K, 100% used [0x00000000d5580000,0x00000000d6e80000,0x00000000d6e80000)
  from space 4096K, 0% used [0x00000000d7280000,0x00000000d7280000,0x00000000d7680000)
  to   space 4096K, 0% used [0x00000000d6e80000,0x00000000d6e80000,0x00000000d7280000)
 ParOldGen       total 68608K, used 0K [0x0000000080000000, 0x0000000084300000, 0x00000000d5580000)
  object space 68608K, 0% used [0x0000000080000000,0x0000000080000000,0x0000000084300000)
 Metaspace       used 4374K, committed 4608K, reserved 1114112K
  class space    used 475K, committed 576K, reserved 1048576K
}
Event: 3.539 GC heap after
{Heap after GC invocations=1 (full 0):
 PSYoungGen      total 29696K, used 3303K [0x00000000d5580000, 0x00000000d7680000, 0x0000000100000000)
  eden space 25600K, 0% used [0x00000000d5580000,0x00000000d5580000,0x00000000d6e80000)
  from space 4096K, 80% used [0x00000000d6e80000,0x00000000d71b9e98,0x00000000d7280000)
  to   space 4096K, 0% used [0x00000000d7280000,0x00000000d7280000,0x00000000d7680000)
 ParOldGen       total 68608K, used 16K [0x0000000080000000, 0x0000000084300000, 0x00000000d5580000)
  object space 68608K, 0% used [0x0000000080000000,0x0000000080004000,0x0000000084300000)
 Metaspace       used 4374K, committed 4608K, reserved 1114112K
  class space    used 475K, committed 576K, reserved 1048576K
}
Event: 5.983 GC heap before
{Heap before GC invocations=2 (full 0):
 PSYoungGen      total 29696K, used 28903K [0x00000000d5580000, 0x00000000d7680000, 0x0000000100000000)
  eden space 25600K, 100% used [0x00000000d5580000,0x00000000d6e80000,0x00000000d6e80000)
  from space 4096K, 80% used [0x00000000d6e80000,0x00000000d71b9e98,0x00000000d7280000)
  to   space 4096K, 0% used [0x00000000d7280000,0x00000000d7280000,0x00000000d7680000)
 ParOldGen       total 68608K, used 16K [0x0000000080000000, 0x0000000084300000, 0x00000000d5580000)
  object space 68608K, 0% used [0x0000000080000000,0x0000000080004000,0x0000000084300000)
 Metaspace       used 8008K, committed 8320K, reserved 1114112K
  class space    used 830K, committed 960K, reserved 1048576K
}
Event: 5.994 GC heap after
{Heap after GC invocations=2 (full 0):
 PSYoungGen      total 29696K, used 4070K [0x00000000d5580000, 0x00000000d7680000, 0x0000000100000000)
  eden space 25600K, 0% used [0x00000000d5580000,0x00000000d5580000,0x00000000d6e80000)
  from space 4096K, 99% used [0x00000000d7280000,0x00000000d7679800,0x00000000d7680000)
  to   space 4096K, 0% used [0x00000000d6e80000,0x00000000d6e80000,0x00000000d7280000)
 ParOldGen       total 68608K, used 2073K [0x0000000080000000, 0x0000000084300000, 0x00000000d5580000)
  object space 68608K, 3% used [0x0000000080000000,0x0000000080206648,0x0000000084300000)
 Metaspace       used 8008K, committed 8320K, reserved 1114112K
  class space    used 830K, committed 960K, reserved 1048576K
}
Event: 7.728 GC heap before
{Heap before GC invocations=3 (full 0):
 PSYoungGen      total 29696K, used 29504K [0x00000000d5580000, 0x00000000d7680000, 0x0000000100000000)
  eden space 25600K, 99% used [0x00000000d5580000,0x00000000d6e569b8,0x00000000d6e80000)
  from space 4096K, 99% used [0x00000000d7280000,0x00000000d7679800,0x00000000d7680000)
  to   space 4096K, 0% used [0x00000000d6e80000,0x00000000d6e80000,0x00000000d7280000)
 ParOldGen       total 68608K, used 2073K [0x0000000080000000, 0x0000000084300000, 0x00000000d5580000)
  object space 68608K, 3% used [0x0000000080000000,0x0000000080206648,0x0000000084300000)
 Metaspace       used 9481K, committed 9792K, reserved 1114112K
  class space    used 1010K, committed 1152K, reserved 1048576K
}
Event: 7.741 GC heap after
{Heap after GC invocations=3 (full 0):
 PSYoungGen      total 29696K, used 4064K [0x00000000d5580000, 0x00000000d7680000, 0x0000000100000000)
  eden space 25600K, 0% used [0x00000000d5580000,0x00000000d5580000,0x00000000d6e80000)
  from space 4096K, 99% used [0x00000000d6e80000,0x00000000d72781c8,0x00000000d7280000)
  to   space 4096K, 0% used [0x00000000d7280000,0x00000000d7280000,0x00000000d7680000)
 ParOldGen       total 68608K, used 5216K [0x0000000080000000, 0x0000000084300000, 0x00000000d5580000)
  object space 68608K, 7% used [0x0000000080000000,0x00000000805183f8,0x0000000084300000)
 Metaspace       used 9481K, committed 9792K, reserved 1114112K
  class space    used 1010K, committed 1152K, reserved 1048576K
}
Event: 10.866 GC heap before
{Heap before GC invocations=4 (full 0):
 PSYoungGen      total 29696K, used 29664K [0x00000000d5580000, 0x00000000d7680000, 0x0000000100000000)
  eden space 25600K, 100% used [0x00000000d5580000,0x00000000d6e80000,0x00000000d6e80000)
  from space 4096K, 99% used [0x00000000d6e80000,0x00000000d72781c8,0x00000000d7280000)
  to   space 4096K, 0% used [0x00000000d7280000,0x00000000d7280000,0x00000000d7680000)
 ParOldGen       total 68608K, used 5216K [0x0000000080000000, 0x0000000084300000, 0x00000000d5580000)
  object space 68608K, 7% used [0x0000000080000000,0x00000000805183f8,0x0000000084300000)
 Metaspace       used 11686K, committed 12096K, reserved 1114112K
  class space    used 1232K, committed 1408K, reserved 1048576K
}
Event: 10.874 GC heap after
{Heap after GC invocations=4 (full 0):
 PSYoungGen      total 29696K, used 4083K [0x00000000d5580000, 0x00000000d7680000, 0x0000000100000000)
  eden space 25600K, 0% used [0x00000000d5580000,0x00000000d5580000,0x00000000d6e80000)
  from space 4096K, 99% used [0x00000000d7280000,0x00000000d767ce18,0x00000000d7680000)
  to   space 4096K, 0% used [0x00000000d6e80000,0x00000000d6e80000,0x00000000d7280000)
 ParOldGen       total 68608K, used 6845K [0x0000000080000000, 0x0000000084300000, 0x00000000d5580000)
  object space 68608K, 9% used [0x0000000080000000,0x00000000806af660,0x0000000084300000)
 Metaspace       used 11686K, committed 12096K, reserved 1114112K
  class space    used 1232K, committed 1408K, reserved 1048576K
}
Event: 13.372 GC heap before
{Heap before GC invocations=5 (full 0):
 PSYoungGen      total 29696K, used 29683K [0x00000000d5580000, 0x00000000d7680000, 0x0000000100000000)
  eden space 25600K, 100% used [0x00000000d5580000,0x00000000d6e80000,0x00000000d6e80000)
  from space 4096K, 99% used [0x00000000d7280000,0x00000000d767ce18,0x00000000d7680000)
  to   space 4096K, 0% used [0x00000000d6e80000,0x00000000d6e80000,0x00000000d7280000)
 ParOldGen       total 68608K, used 6845K [0x0000000080000000, 0x0000000084300000, 0x00000000d5580000)
  object space 68608K, 9% used [0x0000000080000000,0x00000000806af660,0x0000000084300000)
 Metaspace       used 15601K, committed 16192K, reserved 1114112K
  class space    used 1622K, committed 1856K, reserved 1048576K
}
Event: 13.382 GC heap after
{Heap after GC invocations=5 (full 0):
 PSYoungGen      total 29184K, used 4076K [0x00000000d5580000, 0x00000000d7900000, 0x0000000100000000)
  eden space 25088K, 0% used [0x00000000d5580000,0x00000000d5580000,0x00000000d6e00000)
  from space 4096K, 99% used [0x00000000d6e80000,0x00000000d727b078,0x00000000d7280000)
  to   space 5632K, 0% used [0x00000000d7380000,0x00000000d7380000,0x00000000d7900000)
 ParOldGen       total 68608K, used 8026K [0x0000000080000000, 0x0000000084300000, 0x00000000d5580000)
  object space 68608K, 11% used [0x0000000080000000,0x00000000807d6878,0x0000000084300000)
 Metaspace       used 15601K, committed 16192K, reserved 1114112K
  class space    used 1622K, committed 1856K, reserved 1048576K
}
Event: 16.073 GC heap before
{Heap before GC invocations=6 (full 0):
 PSYoungGen      total 29184K, used 29164K [0x00000000d5580000, 0x00000000d7900000, 0x0000000100000000)
  eden space 25088K, 100% used [0x00000000d5580000,0x00000000d6e00000,0x00000000d6e00000)
  from space 4096K, 99% used [0x00000000d6e80000,0x00000000d727b078,0x00000000d7280000)
  to   space 5632K, 0% used [0x00000000d7380000,0x00000000d7380000,0x00000000d7900000)
 ParOldGen       total 68608K, used 8026K [0x0000000080000000, 0x0000000084300000, 0x00000000d5580000)
  object space 68608K, 11% used [0x0000000080000000,0x00000000807d6878,0x0000000084300000)
 Metaspace       used 18774K, committed 19520K, reserved 1114112K
  class space    used 1971K, committed 2304K, reserved 1048576K
}
Event: 16.086 GC heap after
{Heap after GC invocations=6 (full 0):
 PSYoungGen      total 30208K, used 5280K [0x00000000d5580000, 0x00000000d7900000, 0x0000000100000000)
  eden space 24576K, 0% used [0x00000000d5580000,0x00000000d5580000,0x00000000d6d80000)
  from space 5632K, 93% used [0x00000000d7380000,0x00000000d78a8168,0x00000000d7900000)
  to   space 5632K, 0% used [0x00000000d6e00000,0x00000000d6e00000,0x00000000d7380000)
 ParOldGen       total 68608K, used 8034K [0x0000000080000000, 0x0000000084300000, 0x00000000d5580000)
  object space 68608K, 11% used [0x0000000080000000,0x00000000807d8878,0x0000000084300000)
 Metaspace       used 18774K, committed 19520K, reserved 1114112K
  class space    used 1971K, committed 2304K, reserved 1048576K
}
Event: 17.381 GC heap before
{Heap before GC invocations=7 (full 0):
 PSYoungGen      total 30208K, used 25261K [0x00000000d5580000, 0x00000000d7900000, 0x0000000100000000)
  eden space 24576K, 81% used [0x00000000d5580000,0x00000000d6903508,0x00000000d6d80000)
  from space 5632K, 93% used [0x00000000d7380000,0x00000000d78a8168,0x00000000d7900000)
  to   space 5632K, 0% used [0x00000000d6e00000,0x00000000d6e00000,0x00000000d7380000)
 ParOldGen       total 68608K, used 8034K [0x0000000080000000, 0x0000000084300000, 0x00000000d5580000)
  object space 68608K, 11% used [0x0000000080000000,0x00000000807d8878,0x0000000084300000)
 Metaspace       used 20711K, committed 21504K, reserved 1114112K
  class space    used 2193K, committed 2560K, reserved 1048576K
}
Event: 17.390 GC heap after
{Heap after GC invocations=7 (full 0):
 PSYoungGen      total 29696K, used 4629K [0x00000000d5580000, 0x00000000d7780000, 0x0000000100000000)
  eden space 24576K, 0% used [0x00000000d5580000,0x00000000d5580000,0x00000000d6d80000)
  from space 5120K, 90% used [0x00000000d6e00000,0x00000000d7285568,0x00000000d7300000)
  to   space 4608K, 0% used [0x00000000d7300000,0x00000000d7300000,0x00000000d7780000)
 ParOldGen       total 68608K, used 9634K [0x0000000080000000, 0x0000000084300000, 0x00000000d5580000)
  object space 68608K, 14% used [0x0000000080000000,0x0000000080968860,0x0000000084300000)
 Metaspace       used 20711K, committed 21504K, reserved 1114112K
  class space    used 2193K, committed 2560K, reserved 1048576K
}
Event: 17.390 GC heap before
{Heap before GC invocations=8 (full 1):
 PSYoungGen      total 29696K, used 4629K [0x00000000d5580000, 0x00000000d7780000, 0x0000000100000000)
  eden space 24576K, 0% used [0x00000000d5580000,0x00000000d5580000,0x00000000d6d80000)
  from space 5120K, 90% used [0x00000000d6e00000,0x00000000d7285568,0x00000000d7300000)
  to   space 4608K, 0% used [0x00000000d7300000,0x00000000d7300000,0x00000000d7780000)
 ParOldGen       total 68608K, used 9634K [0x0000000080000000, 0x0000000084300000, 0x00000000d5580000)
  object space 68608K, 14% used [0x0000000080000000,0x0000000080968860,0x0000000084300000)
 Metaspace       used 20711K, committed 21504K, reserved 1114112K
  class space    used 2193K, committed 2560K, reserved 1048576K
}
Event: 17.469 GC heap after
{Heap after GC invocations=8 (full 1):
 PSYoungGen      total 29696K, used 0K [0x00000000d5580000, 0x00000000d7780000, 0x0000000100000000)
  eden space 24576K, 0% used [0x00000000d5580000,0x00000000d5580000,0x00000000d6d80000)
  from space 5120K, 0% used [0x00000000d6e00000,0x00000000d6e00000,0x00000000d7300000)
  to   space 4608K, 0% used [0x00000000d7300000,0x00000000d7300000,0x00000000d7780000)
 ParOldGen       total 68608K, used 13306K [0x0000000080000000, 0x0000000084300000, 0x00000000d5580000)
  object space 68608K, 19% used [0x0000000080000000,0x0000000080cfe970,0x0000000084300000)
 Metaspace       used 20698K, committed 21504K, reserved 1114112K
  class space    used 2190K, committed 2560K, reserved 1048576K
}

Dll operation events (10 events):
Event: 0.032 Loaded shared library c:\Users\Bhumi\.vscode\extensions\redhat.java-1.54.0-win32-x64\jre\21.0.10-win32-x86_64\bin\java.dll
Event: 0.337 Loaded shared library c:\Users\Bhumi\.vscode\extensions\redhat.java-1.54.0-win32-x64\jre\21.0.10-win32-x86_64\bin\zip.dll
Event: 0.388 Loaded shared library C:\Users\Bhumi\.vscode\extensions\redhat.java-1.54.0-win32-x64\jre\21.0.10-win32-x86_64\bin\instrument.dll
Event: 0.398 Loaded shared library C:\Users\Bhumi\.vscode\extensions\redhat.java-1.54.0-win32-x64\jre\21.0.10-win32-x86_64\bin\net.dll
Event: 0.402 Loaded shared library C:\Users\Bhumi\.vscode\extensions\redhat.java-1.54.0-win32-x64\jre\21.0.10-win32-x86_64\bin\nio.dll
Event: 0.409 Loaded shared library C:\Users\Bhumi\.vscode\extensions\redhat.java-1.54.0-win32-x64\jre\21.0.10-win32-x86_64\bin\zip.dll
Event: 0.482 Loaded shared library C:\Users\Bhumi\.vscode\extensions\redhat.java-1.54.0-win32-x64\jre\21.0.10-win32-x86_64\bin\jimage.dll
Event: 1.279 Loaded shared library c:\Users\Bhumi\.vscode\extensions\redhat.java-1.54.0-win32-x64\jre\21.0.10-win32-x86_64\bin\verify.dll
Event: 6.229 Loaded shared library C:\Users\Bhumi\AppData\Roaming\Code\User\globalStorage\redhat.java\1.54.0\config_win\org.eclipse.equinox.launcher\org.eclipse.equinox.launcher.win32.win32.x86_64_1.3.0.v20260203-2149\eclipse_11919.dll
Event: 13.817 Loaded shared library C:\Users\Bhumi\AppData\Local\Temp\jna-64166571\jna652770397657226997.dll

Deoptimization events (20 events):
Event: 16.742 Thread 0x000001617e4ca960 DEOPT PACKING pc=0x000001616cd9e124 sp=0x0000003cedcf3050
Event: 16.742 Thread 0x000001617e4ca960 DEOPT UNPACKING pc=0x000001616c823aa2 sp=0x0000003cedcf2fe0 mode 2
Event: 16.742 Thread 0x000001617e4ca960 Uncommon trap: trap_request=0xffffff45 fr.pc=0x000001616cde810c relative=0x000000000000006c
Event: 16.742 Thread 0x000001617e4ca960 Uncommon trap: reason=unstable_if action=reinterpret pc=0x000001616cde810c method=java.lang.AbstractStringBuilder.isLatin1()Z @ 10 c2
Event: 16.742 Thread 0x000001617e4ca960 DEOPT PACKING pc=0x000001616cde810c sp=0x0000003cedcf3050
Event: 16.742 Thread 0x000001617e4ca960 DEOPT UNPACKING pc=0x000001616c823aa2 sp=0x0000003cedcf2fe0 mode 2
Event: 16.743 Thread 0x000001617e4ca960 Uncommon trap: trap_request=0xffffff45 fr.pc=0x000001616ceb6cec relative=0x000000000000004c
Event: 16.743 Thread 0x000001617e4ca960 Uncommon trap: reason=unstable_if action=reinterpret pc=0x000001616ceb6cec method=java.lang.StringLatin1.canEncode(C)Z @ 4 c2
Event: 16.743 Thread 0x000001617e4ca960 DEOPT PACKING pc=0x000001616ceb6cec sp=0x0000003cedcf2fe0
Event: 16.743 Thread 0x000001617e4ca960 DEOPT UNPACKING pc=0x000001616c823aa2 sp=0x0000003cedcf2f68 mode 2
Event: 17.179 Thread 0x000001617e4ca960 DEOPT PACKING pc=0x0000016165891c06 sp=0x0000003cedcf4920
Event: 17.179 Thread 0x000001617e4ca960 DEOPT UNPACKING pc=0x000001616c824242 sp=0x0000003cedcf3e30 mode 0
Event: 17.517 Thread 0x000001617e4ca960 Uncommon trap: trap_request=0xffffff45 fr.pc=0x000001616cec613c relative=0x0000000000000b7c
Event: 17.517 Thread 0x000001617e4ca960 Uncommon trap: reason=unstable_if action=reinterpret pc=0x000001616cec613c method=jdk.internal.org.objectweb.asm.Frame.execute(IILjdk/internal/org/objectweb/asm/Symbol;Ljdk/internal/org/objectweb/asm/SymbolTable;)V @ 1 c2
Event: 17.517 Thread 0x000001617e4ca960 DEOPT PACKING pc=0x000001616cec613c sp=0x0000003cedcf8140
Event: 17.517 Thread 0x000001617e4ca960 DEOPT UNPACKING pc=0x000001616c823aa2 sp=0x0000003cedcf80c8 mode 2
Event: 17.619 Thread 0x000001617e4ca960 Uncommon trap: trap_request=0xffffff45 fr.pc=0x000001616cf1fcd4 relative=0x0000000000000114
Event: 17.619 Thread 0x000001617e4ca960 Uncommon trap: reason=unstable_if action=reinterpret pc=0x000001616cf1fcd4 method=org.lombokweb.asm.ClassReader.readUTF8(I[C)Ljava/lang/String; @ 11 c2
Event: 17.619 Thread 0x000001617e4ca960 DEOPT PACKING pc=0x000001616cf1fcd4 sp=0x0000003cedcf3c00
Event: 17.619 Thread 0x000001617e4ca960 DEOPT UNPACKING pc=0x000001616c823aa2 sp=0x0000003cedcf3ba8 mode 2

Classes loaded (20 events):
Event: 17.546 Loading class java/util/zip/GZIPOutputStream
Event: 17.547 Loading class java/util/zip/GZIPOutputStream done
Event: 17.733 Loading class java/io/StringReader
Event: 17.733 Loading class java/io/StringReader done
Event: 17.736 Loading class java/util/zip/GZIPInputStream
Event: 17.737 Loading class java/util/zip/GZIPInputStream done
Event: 17.750 Loading class java/net/SocketTimeoutException
Event: 17.750 Loading class java/io/InterruptedIOException
Event: 17.750 Loading class java/io/InterruptedIOException done
Event: 17.750 Loading class java/net/SocketTimeoutException done
Event: 17.750 Loading class java/net/SocketException
Event: 17.750 Loading class java/net/SocketException done
Event: 17.750 Loading class java/net/UnknownHostException
Event: 17.750 Loading class java/net/UnknownHostException done
Event: 17.750 Loading class java/net/ProtocolException
Event: 17.751 Loading class java/net/ProtocolException done
Event: 17.822 Loading class java/lang/ThreadLocal$SuppliedThreadLocal
Event: 17.822 Loading class java/lang/ThreadLocal$SuppliedThreadLocal done
Event: 17.829 Loading class java/io/FileWriter
Event: 17.829 Loading class java/io/FileWriter done

Classes unloaded (7 events):
Event: 17.402 Thread 0x0000016162140be0 Unloading class 0x00000161011a4800 'java/lang/invoke/LambdaForm$MH+0x00000161011a4800'
Event: 17.402 Thread 0x0000016162140be0 Unloading class 0x00000161011a4400 'java/lang/invoke/LambdaForm$MH+0x00000161011a4400'
Event: 17.402 Thread 0x0000016162140be0 Unloading class 0x00000161011a4000 'java/lang/invoke/LambdaForm$MH+0x00000161011a4000'
Event: 17.402 Thread 0x0000016162140be0 Unloading class 0x00000161011a3c00 'java/lang/invoke/LambdaForm$MH+0x00000161011a3c00'
Event: 17.402 Thread 0x0000016162140be0 Unloading class 0x00000161011a3800 'java/lang/invoke/LambdaForm$BMH+0x00000161011a3800'
Event: 17.402 Thread 0x0000016162140be0 Unloading class 0x00000161011a3400 'java/lang/invoke/LambdaForm$DMH+0x00000161011a3400'
Event: 17.402 Thread 0x0000016162140be0 Unloading class 0x00000161011a2000 'java/lang/invoke/LambdaForm$DMH+0x00000161011a2000'

Classes redefined (0 events):
No events

Internal exceptions (20 events):
Event: 14.036 Thread 0x000001617e4ca960 Exception <a 'java/lang/NoSuchMethodError'{0x00000000d5d2b5e0}: 'void java.lang.invoke.Invokers$Holder.invokeExact_MT(java.lang.Object, java.lang.Object, int, java.lang.Object)'> (0x00000000d5d2b5e0) 
thrown [s\src\hotspot\share\interpreter\linkResolver.cpp, line 773]
Event: 14.379 Thread 0x000001617e4ca960 Exception <a 'java/lang/NoSuchMethodError'{0x00000000d5e4ee68}: 'java.lang.Object java.lang.invoke.DirectMethodHandle$Holder.invokeSpecial(java.lang.Object, java.lang.Object, java.lang.Object, long, java.lang.Object)'> (0x00000000d5e4ee68) 
thrown [s\src\hotspot\share\interpreter\linkResolver.cpp, line 773]
Event: 14.380 Thread 0x000001617e4ca960 Exception <a 'java/lang/NoSuchMethodError'{0x00000000d5e569d8}: 'java.lang.Object java.lang.invoke.DirectMethodHandle$Holder.newInvokeSpecial(java.lang.Object, java.lang.Object, java.lang.Object, long)'> (0x00000000d5e569d8) 
thrown [s\src\hotspot\share\interpreter\linkResolver.cpp, line 773]
Event: 14.381 Thread 0x000001617e4ca960 Exception <a 'java/lang/NoSuchMethodError'{0x00000000d5e5ad88}: 'java.lang.Object java.lang.invoke.DirectMethodHandle$Holder.invokeSpecial(java.lang.Object, java.lang.Object, java.lang.Object, java.lang.Object, long)'> (0x00000000d5e5ad88) 
thrown [s\src\hotspot\share\interpreter\linkResolver.cpp, line 773]
Event: 14.381 Thread 0x000001617e4ca960 Exception <a 'java/lang/NoSuchMethodError'{0x00000000d5e5e9a8}: 'java.lang.Object java.lang.invoke.Invokers$Holder.linkToTargetMethod(java.lang.Object, java.lang.Object, long, java.lang.Object)'> (0x00000000d5e5e9a8) 
thrown [s\src\hotspot\share\interpreter\linkResolver.cpp, line 773]
Event: 14.465 Thread 0x000001617e4ca960 Exception <a 'java/lang/NoSuchMethodError'{0x00000000d5eda360}: 'int java.lang.invoke.DirectMethodHandle$Holder.invokeStaticInit(java.lang.Object, java.lang.Object, java.lang.Object)'> (0x00000000d5eda360) 
thrown [s\src\hotspot\share\interpreter\linkResolver.cpp, line 773]
Event: 14.528 Thread 0x000001617e4ca960 Exception <a 'java/lang/IncompatibleClassChangeError'{0x00000000d5f8a230}: Found class java.lang.Object, but interface was expected> (0x00000000d5f8a230) 
thrown [s\src\hotspot\share\interpreter\linkResolver.cpp, line 840]
Event: 14.532 Thread 0x000001617e4ca960 Exception <a 'java/lang/NoSuchMethodError'{0x00000000d5f99d78}: 'java.lang.Object java.lang.invoke.DirectMethodHandle$Holder.invokeSpecial(java.lang.Object, java.lang.Object, java.lang.Object, int, java.lang.Object, java.lang.Object)'> (0x00000000d5f99d78) 
thrown [s\src\hotspot\share\interpreter\linkResolver.cpp, line 773]
Event: 14.533 Thread 0x000001617e4ca960 Exception <a 'java/lang/NoSuchMethodError'{0x00000000d5fa18c8}: 'java.lang.Object java.lang.invoke.DirectMethodHandle$Holder.newInvokeSpecial(java.lang.Object, java.lang.Object, java.lang.Object, int, java.lang.Object)'> (0x00000000d5fa18c8) 
thrown [s\src\hotspot\share\interpreter\linkResolver.cpp, line 773]
Event: 14.539 Thread 0x000001617e4ca960 Exception <a 'java/lang/NoSuchMethodError'{0x00000000d5fa57c8}: 'java.lang.Object java.lang.invoke.DirectMethodHandle$Holder.invokeSpecial(java.lang.Object, java.lang.Object, java.lang.Object, java.lang.Object, int, java.lang.Object)'> (0x00000000d5fa57c8) 
thrown [s\src\hotspot\share\interpreter\linkResolver.cpp, line 773]
Event: 14.540 Thread 0x000001617e4ca960 Exception <a 'java/lang/NoSuchMethodError'{0x00000000d5fa92f8}: 'java.lang.Object java.lang.invoke.Invokers$Holder.linkToTargetMethod(java.lang.Object, java.lang.Object, int, java.lang.Object, java.lang.Object)'> (0x00000000d5fa92f8) 
thrown [s\src\hotspot\share\interpreter\linkResolver.cpp, line 773]
Event: 14.542 Thread 0x000001617e04a8e0 Exception <a 'java/lang/NoSuchMethodError'{0x00000000d5eb6058}: 'java.lang.Object java.lang.invoke.DirectMethodHandle$Holder.invokeSpecial(java.lang.Object, java.lang.Object, int, java.lang.Object, java.lang.Object)'> (0x00000000d5eb6058) 
thrown [s\src\hotspot\share\interpreter\linkResolver.cpp, line 773]
Event: 14.683 Thread 0x000001617e4ca960 Exception <a 'java/lang/NoSuchMethodError'{0x00000000d60b0d60}: 'void java.lang.invoke.DirectMethodHandle$Holder.invokeSpecial(java.lang.Object, java.lang.Object, java.lang.Object, java.lang.Object, java.lang.Object)'> (0x00000000d60b0d60) 
thrown [s\src\hotspot\share\interpreter\linkResolver.cpp, line 773]
Event: 15.278 Thread 0x000001617e4ca960 Exception <a 'java/lang/NoSuchMethodError'{0x00000000d6873be0}: 'java.lang.Object java.lang.invoke.DirectMethodHandle$Holder.invokeInterface(java.lang.Object, java.lang.Object, java.lang.Object)'> (0x00000000d6873be0) 
thrown [s\src\hotspot\share\interpreter\linkResolver.cpp, line 773]
Event: 16.050 Thread 0x000001617e4ca960 Exception <a 'java/lang/NoSuchMethodError'{0x00000000d6d03ac0}: 'java.lang.Object java.lang.invoke.Invokers$Holder.linkToTargetMethod(java.lang.Object, long, java.lang.Object, java.lang.Object)'> (0x00000000d6d03ac0) 
thrown [s\src\hotspot\share\interpreter\linkResolver.cpp, line 773]
Event: 16.428 Thread 0x000001617e4ca960 Exception <a 'java/io/FileNotFoundException'{0x00000000d5c9a8a0}> (0x00000000d5c9a8a0) 
thrown [s\src\hotspot\share\prims\jni.cpp, line 520]
Event: 16.435 Thread 0x000001617e4ca960 Exception <a 'java/lang/NoSuchMethodError'{0x00000000d5ca2e58}: 'java.lang.Object java.lang.invoke.DirectMethodHandle$Holder.newInvokeSpecial(java.lang.Object, int, java.lang.Object, java.lang.Object)'> (0x00000000d5ca2e58) 
thrown [s\src\hotspot\share\interpreter\linkResolver.cpp, line 773]
Event: 17.095 Thread 0x000001617e4ca960 Exception <a 'java/lang/NoSuchMethodError'{0x00000000d65581b8}: 'long java.lang.invoke.Invokers$Holder.invokeExact_MT(java.lang.Object, java.lang.Object)'> (0x00000000d65581b8) 
thrown [s\src\hotspot\share\interpreter\linkResolver.cpp, line 773]
Event: 17.517 Thread 0x000001617e4ca960 Exception <a 'java/lang/NoSuchMethodError'{0x00000000d57cc770}: 'double java.lang.invoke.DirectMethodHandle$Holder.invokeStatic(java.lang.Object, java.lang.Object)'> (0x00000000d57cc770) 
thrown [s\src\hotspot\share\interpreter\linkResolver.cpp, line 773]
Event: 17.518 Thread 0x000001617e4ca960 Exception <a 'java/lang/NoSuchMethodError'{0x00000000d57cfe00}: 'double java.lang.invoke.DirectMethodHandle$Holder.invokeStaticInit(java.lang.Object, java.lang.Object)'> (0x00000000d57cfe00) 
thrown [s\src\hotspot\share\interpreter\linkResolver.cpp, line 773]

ZGC Phase Switch (0 events):
No events

VM Operations (20 events):
Event: 13.372 Executing safepoint VM operation: ParallelGCFailedAllocation (Allocation Failure)
Event: 13.382 Executing safepoint VM operation: ParallelGCFailedAllocation (Allocation Failure) done
Event: 13.737 Executing non-safepoint VM operation: HandshakeAllThreads (Deoptimize)
Event: 13.737 Executing non-safepoint VM operation: HandshakeAllThreads (Deoptimize) done
Event: 13.833 Executing non-safepoint VM operation: HandshakeAllThreads (Deoptimize)
Event: 13.833 Executing non-safepoint VM operation: HandshakeAllThreads (Deoptimize) done
Event: 14.833 Executing safepoint VM operation: Cleanup
Event: 14.834 Executing safepoint VM operation: Cleanup done
Event: 15.004 Executing non-safepoint VM operation: HandshakeAllThreads (Deoptimize)
Event: 15.005 Executing non-safepoint VM operation: HandshakeAllThreads (Deoptimize) done
Event: 15.180 Executing non-safepoint VM operation: HandshakeAllThreads (Deoptimize)
Event: 15.180 Executing non-safepoint VM operation: HandshakeAllThreads (Deoptimize) done
Event: 15.189 Executing non-safepoint VM operation: HandshakeAllThreads (Deoptimize)
Event: 15.189 Executing non-safepoint VM operation: HandshakeAllThreads (Deoptimize) done
Event: 16.073 Executing safepoint VM operation: ParallelGCFailedAllocation (Allocation Failure)
Event: 16.086 Executing safepoint VM operation: ParallelGCFailedAllocation (Allocation Failure) done
Event: 17.086 Executing safepoint VM operation: Cleanup
Event: 17.087 Executing safepoint VM operation: Cleanup done
Event: 17.377 Executing safepoint VM operation: CollectForMetadataAllocation (Metadata GC Threshold)
Event: 17.469 Executing safepoint VM operation: CollectForMetadataAllocation (Metadata GC Threshold) done

Memory protections (0 events):
No events

Nmethod flushes (0 events):
No events

Events (20 events):
Event: 2.879 Thread 0x0000016178b118f0 Thread added: 0x000001617e693fc0
Event: 3.008 Thread 0x000001617e693fc0 Thread exited: 0x000001617e693fc0
Event: 3.432 Thread 0x0000016178b118f0 Thread added: 0x000001617e633c70
Event: 3.671 Thread 0x000001617e633c70 Thread exited: 0x000001617e633c70
Event: 4.237 Thread 0x0000016178b118f0 Thread added: 0x000001617e39aea0
Event: 4.572 Thread 0x000001617e39aea0 Thread exited: 0x000001617e39aea0
Event: 5.108 Thread 0x000001615fce19d0 Thread added: 0x000001617e394c30
Event: 6.205 Thread 0x000001615fce19d0 Thread added: 0x000001617e02ed30
Event: 6.403 Thread 0x000001617e02ed30 Thread added: 0x000001617e32f710
Event: 6.420 Thread 0x000001615fce19d0 Thread added: 0x000001617e4ca960
Event: 6.981 Thread 0x0000016178b118f0 Thread added: 0x000001617e51eb80
Event: 7.850 Thread 0x000001617e4ca960 Thread added: 0x000001617edada80
Event: 8.370 Thread 0x000001617e51eb80 Thread exited: 0x000001617e51eb80
Event: 10.727 Thread 0x000001617e4ca960 Thread added: 0x000001617e3d4d40
Event: 11.113 Thread 0x0000016178b118f0 Thread added: 0x000001617ea9d720
Event: 11.439 Thread 0x000001617ea9d720 Thread exited: 0x000001617ea9d720
Event: 12.268 Thread 0x000001617e4ca960 Thread added: 0x00000161798f0f90
Event: 13.877 Thread 0x000001617e4ca960 Thread added: 0x000001617e04af70
Event: 14.387 Thread 0x000001617e4ca960 Thread added: 0x000001617e04a8e0
Event: 14.551 Thread 0x000001617e4ca960 Thread added: 0x000001617e049530


Dynamic libraries:
0x00007ff6acd60000 - 0x00007ff6acd6e000 	c:\Users\Bhumi\.vscode\extensions\redhat.java-1.54.0-win32-x64\jre\21.0.10-win32-x86_64\bin\java.exe
0x00007ffce4700000 - 0x00007ffce4967000 	C:\WINDOWS\SYSTEM32\ntdll.dll
0x00007ffce3f40000 - 0x00007ffce4009000 	C:\WINDOWS\System32\KERNEL32.DLL
0x00007ffce12f0000 - 0x00007ffce16e7000 	C:\WINDOWS\System32\KERNELBASE.dll
0x00007ffce17a0000 - 0x00007ffce18eb000 	C:\WINDOWS\System32\ucrtbase.dll
0x00007ffcc1af0000 - 0x00007ffcc1b08000 	c:\Users\Bhumi\.vscode\extensions\redhat.java-1.54.0-win32-x64\jre\21.0.10-win32-x86_64\bin\jli.dll
0x00007ffce27b0000 - 0x00007ffce2976000 	C:\WINDOWS\System32\USER32.dll
0x00007ffce18f0000 - 0x00007ffce1917000 	C:\WINDOWS\System32\win32u.dll
0x00007ffce44b0000 - 0x00007ffce44db000 	C:\WINDOWS\System32\GDI32.dll
0x00007ffce11c0000 - 0x00007ffce12ec000 	C:\WINDOWS\System32\gdi32full.dll
0x00007ffce16f0000 - 0x00007ffce1793000 	C:\WINDOWS\System32\msvcp_win.dll
0x00007ffcb6f40000 - 0x00007ffcb6f5e000 	c:\Users\Bhumi\.vscode\extensions\redhat.java-1.54.0-win32-x64\jre\21.0.10-win32-x86_64\bin\VCRUNTIME140.dll
0x00007ffce0330000 - 0x00007ffce05c2000 	C:\WINDOWS\WinSxS\amd64_microsoft.windows.common-controls_6595b64144ccf1df_6.0.26100.8457_none_3e0b2faee331e92d\COMCTL32.dll
0x00007ffce4400000 - 0x00007ffce44a9000 	C:\WINDOWS\System32\msvcrt.dll
0x00007ffce2a70000 - 0x00007ffce2aa2000 	C:\WINDOWS\System32\IMM32.DLL
0x00007ffccd8d0000 - 0x00007ffccd8dc000 	c:\Users\Bhumi\.vscode\extensions\redhat.java-1.54.0-win32-x64\jre\21.0.10-win32-x86_64\bin\vcruntime140_1.dll
0x00007ffcb6470000 - 0x00007ffcb64fd000 	c:\Users\Bhumi\.vscode\extensions\redhat.java-1.54.0-win32-x64\jre\21.0.10-win32-x86_64\bin\msvcp140.dll
0x00007ffc4c840000 - 0x00007ffc4d5e1000 	c:\Users\Bhumi\.vscode\extensions\redhat.java-1.54.0-win32-x64\jre\21.0.10-win32-x86_64\bin\server\jvm.dll
0x00007ffce2ac0000 - 0x00007ffce2b76000 	C:\WINDOWS\System32\ADVAPI32.dll
0x00007ffce2700000 - 0x00007ffce27a7000 	C:\WINDOWS\System32\sechost.dll
0x00007ffce4570000 - 0x00007ffce4688000 	C:\WINDOWS\System32\RPCRT4.dll
0x00007ffce2980000 - 0x00007ffce2a00000 	C:\WINDOWS\System32\WS2_32.dll
0x00007ffce0f90000 - 0x00007ffce0fee000 	C:\WINDOWS\SYSTEM32\POWRPROF.dll
0x00007ffcc68c0000 - 0x00007ffcc68f6000 	C:\WINDOWS\SYSTEM32\WINMM.dll
0x00007ffcd0bc0000 - 0x00007ffcd0bcb000 	C:\WINDOWS\SYSTEM32\VERSION.dll
0x00007ffce0f70000 - 0x00007ffce0f84000 	C:\WINDOWS\SYSTEM32\UMPDC.dll
0x00007ffcdf560000 - 0x00007ffcdf57b000 	C:\WINDOWS\SYSTEM32\kernel.appcore.dll
0x00007ffcc7920000 - 0x00007ffcc792a000 	c:\Users\Bhumi\.vscode\extensions\redhat.java-1.54.0-win32-x64\jre\21.0.10-win32-x86_64\bin\jimage.dll
0x00007ffce08e0000 - 0x00007ffce0b22000 	C:\WINDOWS\SYSTEM32\DBGHELP.DLL
0x00007ffce4070000 - 0x00007ffce43f3000 	C:\WINDOWS\System32\combase.dll
0x00007ffce38d0000 - 0x00007ffce39a9000 	C:\WINDOWS\System32\OLEAUT32.dll
0x00007ffce07d0000 - 0x00007ffce080b000 	C:\WINDOWS\SYSTEM32\dbgcore.DLL
0x00007ffce2310000 - 0x00007ffce23b8000 	C:\WINDOWS\System32\bcryptPrimitives.dll
0x00007ffcc51d0000 - 0x00007ffcc51df000 	c:\Users\Bhumi\.vscode\extensions\redhat.java-1.54.0-win32-x64\jre\21.0.10-win32-x86_64\bin\instrument.dll
0x00007ffcb6ee0000 - 0x00007ffcb6f00000 	c:\Users\Bhumi\.vscode\extensions\redhat.java-1.54.0-win32-x64\jre\21.0.10-win32-x86_64\bin\java.dll
0x00007ffce3050000 - 0x00007ffce37be000 	C:\WINDOWS\System32\SHELL32.dll
0x00007ffce1aa0000 - 0x00007ffce230c000 	C:\WINDOWS\System32\windows.storage.dll
0x00007ffce37d0000 - 0x00007ffce38c6000 	C:\WINDOWS\System32\SHCORE.dll
0x00007ffce2b80000 - 0x00007ffce2be6000 	C:\WINDOWS\System32\shlwapi.dll
0x00007ffce1050000 - 0x00007ffce1079000 	C:\WINDOWS\SYSTEM32\profapi.dll
0x00007ffcb6210000 - 0x00007ffcb6228000 	c:\Users\Bhumi\.vscode\extensions\redhat.java-1.54.0-win32-x64\jre\21.0.10-win32-x86_64\bin\zip.dll
0x00007ffcc7770000 - 0x00007ffcc7780000 	C:\Users\Bhumi\.vscode\extensions\redhat.java-1.54.0-win32-x64\jre\21.0.10-win32-x86_64\bin\net.dll
0x00007ffcd1880000 - 0x00007ffcd19a9000 	C:\WINDOWS\SYSTEM32\WINHTTP.dll
0x00007ffcdfb30000 - 0x00007ffcdfb9c000 	C:\WINDOWS\system32\mswsock.dll
0x00007ffcb61f0000 - 0x00007ffcb6206000 	C:\Users\Bhumi\.vscode\extensions\redhat.java-1.54.0-win32-x64\jre\21.0.10-win32-x86_64\bin\nio.dll
0x00007ffcc4f10000 - 0x00007ffcc4f20000 	c:\Users\Bhumi\.vscode\extensions\redhat.java-1.54.0-win32-x64\jre\21.0.10-win32-x86_64\bin\verify.dll
0x00007ffcb69c0000 - 0x00007ffcb6a05000 	C:\Users\Bhumi\AppData\Roaming\Code\User\globalStorage\redhat.java\1.54.0\config_win\org.eclipse.equinox.launcher\org.eclipse.equinox.launcher.win32.win32.x86_64_1.3.0.v20260203-2149\eclipse_11919.dll
0x00007ffce2eb0000 - 0x00007ffce3047000 	C:\WINDOWS\System32\ole32.dll
0x00007ffce0c50000 - 0x00007ffce0c6b000 	C:\WINDOWS\SYSTEM32\CRYPTSP.dll
0x00007ffcdf690000 - 0x00007ffcdf6c9000 	C:\WINDOWS\system32\rsaenh.dll
0x00007ffcdfbe0000 - 0x00007ffcdfc13000 	C:\WINDOWS\SYSTEM32\USERENV.dll
0x00007ffce1020000 - 0x00007ffce104a000 	C:\WINDOWS\SYSTEM32\bcrypt.dll
0x00007ffcdfe30000 - 0x00007ffcdfe3c000 	C:\WINDOWS\SYSTEM32\CRYPTBASE.dll
0x00007ffcdefe0000 - 0x00007ffcdf012000 	C:\WINDOWS\SYSTEM32\IPHLPAPI.DLL
0x00007ffce2a10000 - 0x00007ffce2a1a000 	C:\WINDOWS\System32\NSI.dll
0x00007ffcacca0000 - 0x00007ffcacce9000 	C:\Users\Bhumi\AppData\Local\Temp\jna-64166571\jna652770397657226997.dll
0x00007ffce2cb0000 - 0x00007ffce2cb8000 	C:\WINDOWS\System32\PSAPI.DLL

JVMTI agents:
c:\Users\Bhumi\.vscode\extensions\redhat.java-1.54.0-win32-x64\lombok\lombok-1.18.39-4050.jar path:c:\Users\Bhumi\.vscode\extensions\redhat.java-1.54.0-win32-x64\jre\21.0.10-win32-x86_64\bin\instrument.dll, loaded, initialized, instrumentlib options:none

dbghelp: loaded successfully - version: 4.0.5 - missing functions: none
symbol engine: initialized successfully - sym options: 0x614 - pdb path: .;c:\Users\Bhumi\.vscode\extensions\redhat.java-1.54.0-win32-x64\jre\21.0.10-win32-x86_64\bin;C:\WINDOWS\SYSTEM32;C:\WINDOWS\WinSxS\amd64_microsoft.windows.common-controls_6595b64144ccf1df_6.0.26100.8457_none_3e0b2faee331e92d;c:\Users\Bhumi\.vscode\extensions\redhat.java-1.54.0-win32-x64\jre\21.0.10-win32-x86_64\bin\server;C:\Users\Bhumi\AppData\Roaming\Code\User\globalStorage\redhat.java\1.54.0\config_win\org.eclipse.equinox.launcher\org.eclipse.equinox.launcher.win32.win32.x86_64_1.3.0.v20260203-2149;C:\Users\Bhumi\AppData\Local\Temp\jna-64166571

VM Arguments:
jvm_args: --add-modules=ALL-SYSTEM --add-opens=java.base/java.util=ALL-UNNAMED --add-opens=java.base/java.lang=ALL-UNNAMED --add-opens=java.base/sun.nio.fs=ALL-UNNAMED -Declipse.application=org.eclipse.jdt.ls.core.id1 -Dosgi.bundles.defaultStartLevel=4 -Declipse.product=org.eclipse.jdt.ls.core.product -Djava.import.generatesMetadataFilesAtProjectRoot=false -DDetectVMInstallationsJob.disabled=true -Dfile.encoding=utf8 -XX:+UseParallelGC -XX:GCTimeRatio=4 -XX:AdaptiveSizePolicyWeight=90 -Dsun.zip.disableMemoryMapping=true -Xmx2G -Xms100m -Xlog:disable -javaagent:c:\Users\Bhumi\.vscode\extensions\redhat.java-1.54.0-win32-x64\lombok\lombok-1.18.39-4050.jar -XX:+HeapDumpOnOutOfMemoryError -XX:HeapDumpPath=c:\Users\Bhumi\AppData\Roaming\Code\User\workspaceStorage\99dc9a965f1c481dea11390a2d6cf309\redhat.java -Daether.dependencyCollector.impl=bf 
java_command: c:\Users\Bhumi\.vscode\extensions\redhat.java-1.54.0-win32-x64\server\plugins\org.eclipse.equinox.launcher_1.7.100.v20251111-0406.jar -configuration c:\Users\Bhumi\AppData\Roaming\Code\User\globalStorage\redhat.java\1.54.0\config_win -data c:\Users\Bhumi\AppData\Roaming\Code\User\workspaceStorage\99dc9a965f1c481dea11390a2d6cf309\redhat.java\jdt_ws --pipe=\\.\pipe\lsp-56e8ad069ea797cdb522944fca265ec3-sock
java_class_path (initial): c:\Users\Bhumi\.vscode\extensions\redhat.java-1.54.0-win32-x64\server\plugins\org.eclipse.equinox.launcher_1.7.100.v20251111-0406.jar
Launcher Type: SUN_STANDARD

[Global flags]
    uintx AdaptiveSizePolicyWeight                 = 90                                        {product} {command line}
     intx CICompilerCount                          = 3                                         {product} {ergonomic}
    uintx GCTimeRatio                              = 4                                         {product} {command line}
     bool HeapDumpOnOutOfMemoryError               = true                                   {manageable} {command line}
    ccstr HeapDumpPath                             = c:\Users\Bhumi\AppData\Roaming\Code\User\workspaceStorage\99dc9a965f1c481dea11390a2d6cf309\redhat.java         {manageable} {command line}
   size_t InitialHeapSize                          = 104857600                                 {product} {command line}
   size_t MaxHeapSize                              = 2147483648                                {product} {command line}
   size_t MaxNewSize                               = 715653120                                 {product} {ergonomic}
   size_t MinHeapDeltaBytes                        = 524288                                    {product} {ergonomic}
   size_t MinHeapSize                              = 104857600                                 {product} {command line}
   size_t NewSize                                  = 34603008                                  {product} {ergonomic}
    uintx NonNMethodCodeHeapSize                   = 5832780                                {pd product} {ergonomic}
    uintx NonProfiledCodeHeapSize                  = 122912730                              {pd product} {ergonomic}
   size_t OldSize                                  = 70254592                                  {product} {ergonomic}
    uintx ProfiledCodeHeapSize                     = 122912730                              {pd product} {ergonomic}
    uintx ReservedCodeCacheSize                    = 251658240                              {pd product} {ergonomic}
     bool SegmentedCodeCache                       = true                                      {product} {ergonomic}
   size_t SoftMaxHeapSize                          = 2147483648                             {manageable} {ergonomic}
     bool UseCompressedOops                        = true                           {product lp64_product} {ergonomic}
     bool UseLargePagesIndividualAllocation        = false                                  {pd product} {ergonomic}
     bool UseParallelGC                            = true                                      {product} {command line}

Logging:
Log output configuration:
 #0: stdout all=off uptime,level,tags foldmultilines=false
 #1: stderr all=off uptime,level,tags foldmultilines=false

Release file:
JAVA_VERSION="21.0.10" 
MODULES="java.base java.compiler java.datatransfer java.xml java.prefs java.desktop java.instrument java.logging java.management java.security.sasl java.naming java.rmi java.management.rmi java.net.http java.scripting java.security.jgss java.transaction.xa java.sql java.sql.rowset java.xml.crypto java.se java.smartcardio jdk.accessibility jdk.internal.jvmstat jdk.attach jdk.charsets jdk.internal.opt jdk.zipfs jdk.compiler jdk.crypto.ec jdk.crypto.cryptoki jdk.crypto.mscapi jdk.dynalink jdk.internal.ed jdk.editpad jdk.hotspot.agent jdk.httpserver jdk.internal.le jdk.internal.vm.ci jdk.internal.vm.compiler jdk.internal.vm.compiler.management jdk.jartool jdk.javadoc jdk.jcmd jdk.management jdk.management.agent jdk.jconsole jdk.jdeps jdk.jdwp.agent jdk.jdi jdk.jfr jdk.jshell jdk.jsobject jdk.jstatd jdk.localedata jdk.management.jfr jdk.naming.dns jdk.naming.rmi jdk.net jdk.nio.mapmode jdk.random jdk.sctp jdk.security.auth jdk.security.jgss jdk.unsupported jdk.unsupported.desktop jdk.xml.dom" 

Environment Variables:
PATH=C:\Users\Bhumi\AppData\Local\Programs\Microsoft VS Code;C:\Program Files\Common Files\Oracle\Java\javapath;C:\Program Files (x86)\Common Files\Oracle\Java\java8path;C:\Program Files (x86)\Common Files\Oracle\Java\javapath;C:\windows\system32;C:\windows;C:\windows\System32\Wbem;C:\windows\System32\WindowsPowerShell\v1.0\;C:\windows\System32\OpenSSH\;C:\Users\Bhumi\AppData\Local\Microsoft\WindowsApps;C:\Program Files\Bandizip\;C:\adb;C:\Program Files (x86)\GTK2-Runtime\lib;C:\Program Files\Microsoft SQL Server\Client SDK\ODBC\170\Tools\Binn\;C:\Program Files (x86)\Microsoft SQL Server\150\Tools\Binn\;C:\Program Files\Microsoft SQL Server\150\Tools\Binn\;C:\Program Files\Microsoft SQL Server\150\DTS\Binn\;C:\WINDOWS\system32;C:\WINDOWS;C:\WINDOWS\System32\Wbem;C:\WINDOWS\System32\WindowsPowerShell\v1.0\;C:\WINDOWS\System32\OpenSSH\;C:\Program Files\dotnet\;%JAVA_HOME%\bin;C:\MinGW\bin;C:\Program Files\nodejs\;C:\Program Files\Git\cmd;C:\Program Files\Dart\dart-sdk\bin;C:\flutter\bin;C:\Users\Bhumi\AppData\Local\Programs\Python\Launcher\;C:\Program Files\MySQL\MySQL Shell 8.0\bin\;C:\MinGW\bin;C:\Users\Bhumi\AppData\Local\Programs\Microsoft VS Code\bin;C:\Users\Bhumi\AppData\Local\Microsoft\WindowsApps;C:\Users\Bhumi\AppData\Roaming\npm;C:\Users\Bhumi\AppData\Local\Programs\mongosh\;C:\Users\Bhumi\AppData\Local\Python\bin;C:\flutter\bin;C:\ProgramData\Bhumi\GitHubDesktop\bin;C:\Users\Bhumi\AppData\Local\GitHubDesktop\bin
USERNAME=Bhumi
OS=Windows_NT
PROCESSOR_IDENTIFIER=Intel64 Family 6 Model 142 Stepping 12, GenuineIntel
TMP=C:\Users\Bhumi\AppData\Local\Temp
TEMP=C:\Users\Bhumi\AppData\Local\Temp




Periodic native trim disabled

---------------  S Y S T E M  ---------------

OS:
 Windows 11 , 64 bit Build 26100 (10.0.26100.8328)
OS uptime: 0 days 2:59 hours
Hyper-V role detected

CPU: total 4 (initial active 4) (2 cores per cpu, 2 threads per core) family 6 model 142 stepping 12 microcode 0xea, cx8, cmov, fxsr, ht, mmx, 3dnowpref, sse, sse2, sse3, ssse3, sse4.1, sse4.2, popcnt, lzcnt, tsc, tscinvbit, avx, avx2, aes, erms, clmul, bmi1, bmi2, adx, fma, vzeroupper, clflush, clflushopt, hv, rdtscp, f16c
Processor Information for the first 4 processors :
  Max Mhz: 2592, Current Mhz: 2093, Mhz Limit: 2073

Memory: 4k page, system-wide physical 7996M (1059M free)
TotalPageFile size 18032M (AvailPageFile size 0M)
current process WorkingSet (physical memory assigned to process): 145M, peak: 145M
current process commit charge ("private bytes"): 261M, peak: 265M

vm_info: OpenJDK 64-Bit Server VM (21.0.10+7-LTS) for windows-amd64 JRE (21.0.10+7-LTS), built on 2026-01-20T00:00:00Z by "admin" with MS VC++ 17.12 (VS2022)

END.
